2026-06-28 00:31:05 [INFO] src.api:241 — ═══ ML-DSA 格攻击闭环测试 (参数集: toy) ═══
2026-06-28 00:31:05 [INFO] src.api:242 — 参数: k=2, l=2, n=10, q=8380417, η=2
2026-06-28 00:31:05 [INFO] src.api:243 — 格维度: 41
2026-06-28 00:31:05 [INFO] src.api:253 — [1/5] 生成公钥...
2026-06-28 00:31:05 [INFO] src.api:257 —   密钥生成耗时: 0.002s
2026-06-28 00:31:05 [INFO] src.protocol_adapter:93 — ProtocolAdapter: d=13, error_bound=±4096 (2^12)
2026-06-28 00:31:05 [INFO] src.api:265 —   公钥已写入: /home/dj/WorkSpaces/openclaw/Reduction-Go/certs/toy_pub.der
2026-06-28 00:31:05 [INFO] src.api:268 — [2/5] 解析公钥...
2026-06-28 00:31:05 [INFO] src.api:275 —   ρ, t1 解析一致 ✓
2026-06-28 00:31:05 [INFO] src.api:279 —   A 矩阵重建一致 ✓
2026-06-28 00:31:05 [INFO] src.lattice_attack:118 — verify_basis: A·s1 + s2_target ≡ t_target (mod q) ✓
2026-06-28 00:31:05 [INFO] src.api:315 —   格基验证: ✓ v_target 在格中
2026-06-28 00:31:05 [INFO] src.lattice_attack:144 — [3/5] 构造格基矩阵 (41×41)...
2026-06-28 00:31:05 [DEBUG] src.lattice_attack:151 — 格基预估内存占用: 0.01 MB (41×41, int64)
2026-06-28 00:31:05 [INFO] src.lattice_attack:154 — [4/5] LLL 约减 (维度 41, double/53bit)
2026-06-28 00:31:05 [DEBUG] src.lattice_reduction.adapter.lll_adapter:54 — LLL 约减开始: dim=41, delta=0.999
2026-06-28 00:31:17 [DEBUG] src.lattice_reduction.adapter.lll_adapter:72 — LLL 约减完成: dim=41
2026-06-28 00:31:17 [INFO] src.lattice_attack:160 —     LLL 完成: 12.301s
2026-06-28 00:31:17 [INFO] src.lattice_attack:164 — [5/5] BKZ 已跳过 (--no-bkz)
2026-06-28 00:31:17 [INFO] src.lattice_attack:202 —     BKZ 完成: 0.000s
2026-06-28 00:31:17 [INFO] src.lattice_attack:220 —     搜索候选短向量 (Kannan 嵌入)...
2026-06-28 00:31:17 [CRITICAL] src.lattice_attack:276 — !!! 找到完美恢复私钥 !!! (行 0, 范数=6.4807)
2026-06-28 00:31:17 [INFO] src.api:336 —   格基构造: 0.001s
2026-06-28 00:31:17 [INFO] src.api:337 —   LLL:      12.301s
2026-06-28 00:31:17 [INFO] src.api:338 —   BKZ:      0.000s
2026-06-28 00:31:17 [INFO] src.api:339 —   真实私钥范数: 6.4807
2026-06-28 00:31:17 [INFO] src.api:360 — ═══ 三层验证结果 (共 1 个候选) ═══
2026-06-28 00:31:17 [INFO] src.api:361 —   完美恢复: 1, s1完美: 0, 替代: 0, 过长: 0, 无效: 0
2026-06-28 00:31:17 [INFO] src.api:362 —   总耗时: 12.304s
2026-06-28 00:31:17 [INFO] src.api:367 — ═══ 最佳候选 ═══
2026-06-28 00:31:17 [INFO] src.api:368 —   s1': norm=4.90
2026-06-28 00:31:17 [INFO] src.api:369 —   s2': norm=4.24
2026-06-28 00:31:17 [INFO] src.api:371 —   ✓ 完美恢复私钥
2026-06-28 00:31:17 [INFO] __main__:116 — ═══ 攻击结果汇总 ═══
2026-06-28 00:31:17 [INFO] __main__:117 —   参数: toy, k=2, l=2, n=10
2026-06-28 00:31:17 [INFO] __main__:118 —   格维度: 41
2026-06-28 00:31:17 [INFO] __main__:119 —   耗时: keygen=0.002s, parse=0.000s, build=0.001s, LLL=12.301s, BKZ=0.000s
2026-06-28 00:31:17 [INFO] __main__:121 —   总耗时: 12.304s
2026-06-28 00:31:17 [INFO] __main__:122 —   候选统计: 完美=1, s1完美=0, 替代=0, 过长=0, 无效=0
2026-06-28 00:31:17 [INFO] __main__:128 —   最佳候选: s1 norm=4.90, s2 norm=4.24, perfect=True
2026-06-28 00:31:17 [INFO] __main__:175 —   摘要已写入: /home/dj/WorkSpaces/openclaw/Reduction-Go/logs/summary.txt
2026-06-28 00:31:17 [INFO] __main__:227 — 完成。
2026-06-28 00:31:51 [INFO] src.api:241 — ═══ ML-DSA 格攻击闭环测试 (参数集: toy) ═══
2026-06-28 00:31:51 [INFO] src.api:242 — 参数: k=2, l=2, n=50, q=8380417, η=2
2026-06-28 00:31:51 [INFO] src.api:243 — 格维度: 201
2026-06-28 00:31:51 [INFO] src.api:253 — [1/5] 生成公钥...
2026-06-28 00:31:51 [INFO] src.api:257 —   密钥生成耗时: 0.018s
2026-06-28 00:31:51 [INFO] src.protocol_adapter:93 — ProtocolAdapter: d=13, error_bound=±4096 (2^12)
2026-06-28 00:31:51 [INFO] src.api:265 —   公钥已写入: /home/dj/WorkSpaces/openclaw/Reduction-Go/certs/toy_pub.der
2026-06-28 00:31:51 [INFO] src.api:268 — [2/5] 解析公钥...
2026-06-28 00:31:51 [INFO] src.api:275 —   ρ, t1 解析一致 ✓
2026-06-28 00:31:51 [INFO] src.api:279 —   A 矩阵重建一致 ✓
2026-06-28 00:31:51 [INFO] src.lattice_attack:118 — verify_basis: A·s1 + s2_target ≡ t_target (mod q) ✓
2026-06-28 00:31:51 [INFO] src.api:315 —   格基验证: ✓ v_target 在格中
2026-06-28 00:31:51 [INFO] src.lattice_attack:144 — [3/5] 构造格基矩阵 (201×201)...
2026-06-28 00:31:51 [DEBUG] src.lattice_attack:151 — 格基预估内存占用: 0.31 MB (201×201, int64)
2026-06-28 00:31:51 [INFO] src.lattice_attack:154 — [4/5] LLL 约减 (维度 201, double/53bit)
2026-06-28 00:31:51 [DEBUG] src.lattice_reduction.adapter.lll_adapter:54 — LLL 约减开始: dim=201, delta=0.999
2026-06-28 01:19:38 [INFO] src.api:241 — ═══ ML-DSA 格攻击闭环测试 (参数集: toy) ═══
2026-06-28 01:19:38 [INFO] src.api:242 — 参数: k=2, l=2, n=50, q=8380417, η=2
2026-06-28 01:19:38 [INFO] src.api:243 — 格维度: 201
2026-06-28 01:19:38 [INFO] src.api:253 — [1/5] 生成公钥...
2026-06-28 01:19:38 [INFO] src.api:257 —   密钥生成耗时: 0.020s
2026-06-28 01:19:38 [INFO] src.protocol_adapter:93 — ProtocolAdapter: d=13, error_bound=±4096 (2^12)
2026-06-28 01:19:38 [INFO] src.api:265 —   公钥已写入: /home/dj/WorkSpaces/openclaw/Reduction-Go/certs/toy_pub.der
2026-06-28 01:19:38 [INFO] src.api:268 — [2/5] 解析公钥...
2026-06-28 01:19:38 [INFO] src.api:275 —   ρ, t1 解析一致 ✓
2026-06-28 01:19:38 [INFO] src.api:279 —   A 矩阵重建一致 ✓
2026-06-28 01:19:38 [INFO] src.lattice_attack:118 — verify_basis: A·s1 + s2_target ≡ t_target (mod q) ✓
2026-06-28 01:19:38 [INFO] src.api:315 —   格基验证: ✓ v_target 在格中
2026-06-28 01:19:38 [INFO] src.lattice_attack:144 — [3/5] 构造格基矩阵 (201×201)...
2026-06-28 01:19:38 [DEBUG] src.lattice_attack:151 — 格基预估内存占用: 0.31 MB (201×201, int64)
2026-06-28 01:19:38 [INFO] src.lattice_attack:154 — [4/5] LLL 约减 (维度 201, double/53bit)
2026-06-28 01:19:38 [DEBUG] src.lattice_reduction.adapter.lll_adapter:54 — LLL 约减开始: dim=201, delta=0.999
2026-06-28 01:19:39 [DEBUG] numba.core.byteflow:81 — bytecode dump:
>          0	NOP(arg=None, lineno=12)
           2	RESUME(arg=0, lineno=12)
           4	LOAD_FAST(arg=0, lineno=18)
           6	LOAD_ATTR(arg=0, lineno=18)
          26	LOAD_CONST(arg=1, lineno=18)
          28	BINARY_SUBSCR(arg=None, lineno=18)
          32	STORE_FAST(arg=4, lineno=18)
          34	LOAD_FAST(arg=3, lineno=20)
          36	LOAD_CONST(arg=2, lineno=20)
          38	COMPARE_OP(arg=40, lineno=20)
          42	POP_JUMP_IF_FALSE(arg=41, lineno=20)
          44	LOAD_CONST(arg=3, lineno=21)
          46	STORE_FAST(arg=5, lineno=21)
          48	LOAD_GLOBAL(arg=3, lineno=22)
          58	LOAD_FAST(arg=4, lineno=22)
          60	CALL(arg=1, lineno=22)
          68	GET_ITER(arg=None, lineno=22)
>         70	FOR_ITER(arg=20, lineno=22)
          74	STORE_FAST(arg=6, lineno=22)
          76	LOAD_FAST(arg=5, lineno=23)
          78	LOAD_FAST(arg=0, lineno=23)
          80	LOAD_FAST(arg=6, lineno=23)
          82	LOAD_CONST(arg=1, lineno=23)
          84	BUILD_TUPLE(arg=2, lineno=23)
          86	BINARY_SUBSCR(arg=None, lineno=23)
          90	LOAD_FAST(arg=0, lineno=23)
          92	LOAD_FAST(arg=6, lineno=23)
          94	LOAD_CONST(arg=1, lineno=23)
          96	BUILD_TUPLE(arg=2, lineno=23)
          98	BINARY_SUBSCR(arg=None, lineno=23)
         102	BINARY_OP(arg=5, lineno=23)
         106	BINARY_OP(arg=13, lineno=23)
         110	STORE_FAST(arg=5, lineno=23)
         112	JUMP_BACKWARD(arg=22, lineno=23)
>        114	END_FOR(arg=None, lineno=22)
         116	LOAD_FAST(arg=5, lineno=24)
         118	LOAD_FAST(arg=2, lineno=24)
         120	LOAD_CONST(arg=1, lineno=24)
         122	STORE_SUBSCR(arg=None, lineno=24)
>        126	LOAD_GLOBAL(arg=5, lineno=27)
         136	LOAD_ATTR(arg=6, lineno=27)
         156	LOAD_FAST(arg=3, lineno=27)
         158	CALL(arg=1, lineno=27)
         166	STORE_FAST(arg=7, lineno=27)
         168	LOAD_GLOBAL(arg=3, lineno=28)
         178	LOAD_FAST(arg=3, lineno=28)
         180	CALL(arg=1, lineno=28)
         188	GET_ITER(arg=None, lineno=28)
>        190	FOR_ITER(arg=43, lineno=28)
         194	STORE_FAST(arg=8, lineno=28)
         196	LOAD_CONST(arg=3, lineno=29)
         198	STORE_FAST(arg=5, lineno=29)
         200	LOAD_GLOBAL(arg=3, lineno=30)
         210	LOAD_FAST(arg=4, lineno=30)
         212	CALL(arg=1, lineno=30)
         220	GET_ITER(arg=None, lineno=30)
>        222	FOR_ITER(arg=20, lineno=30)
         226	STORE_FAST(arg=6, lineno=30)
         228	LOAD_FAST(arg=5, lineno=31)
         230	LOAD_FAST(arg=0, lineno=31)
         232	LOAD_FAST(arg=6, lineno=31)
         234	LOAD_FAST(arg=3, lineno=31)
         236	BUILD_TUPLE(arg=2, lineno=31)
         238	BINARY_SUBSCR(arg=None, lineno=31)
         242	LOAD_FAST(arg=0, lineno=31)
         244	LOAD_FAST(arg=6, lineno=31)
         246	LOAD_FAST(arg=8, lineno=31)
         248	BUILD_TUPLE(arg=2, lineno=31)
         250	BINARY_SUBSCR(arg=None, lineno=31)
         254	BINARY_OP(arg=5, lineno=31)
         258	BINARY_OP(arg=13, lineno=31)
         262	STORE_FAST(arg=5, lineno=31)
         264	JUMP_BACKWARD(arg=22, lineno=31)
>        266	END_FOR(arg=None, lineno=30)
         268	LOAD_FAST(arg=5, lineno=32)
         270	LOAD_FAST(arg=7, lineno=32)
         272	LOAD_FAST(arg=8, lineno=32)
         274	STORE_SUBSCR(arg=None, lineno=32)
         278	JUMP_BACKWARD(arg=45, lineno=32)
>        280	END_FOR(arg=None, lineno=28)
         282	LOAD_FAST(arg=3, lineno=35)
         284	LOAD_CONST(arg=1, lineno=35)
         286	COMPARE_OP(arg=40, lineno=35)
         290	POP_JUMP_IF_FALSE(arg=5, lineno=35)
         292	LOAD_FAST(arg=7, lineno=35)
         294	LOAD_CONST(arg=1, lineno=35)
         296	BINARY_SUBSCR(arg=None, lineno=35)
         300	JUMP_FORWARD(arg=35, lineno=35)
>        302	LOAD_GLOBAL(arg=5, lineno=35)
         312	LOAD_ATTR(arg=8, lineno=35)
         332	LOAD_FAST(arg=0, lineno=36)
         334	LOAD_CONST(arg=4, lineno=36)
         336	LOAD_CONST(arg=4, lineno=36)
         338	BUILD_SLICE(arg=2, lineno=36)
         340	LOAD_FAST(arg=3, lineno=36)
         342	BUILD_TUPLE(arg=2, lineno=36)
         344	BINARY_SUBSCR(arg=None, lineno=36)
         348	LOAD_FAST(arg=0, lineno=36)
         350	LOAD_CONST(arg=4, lineno=36)
         352	LOAD_CONST(arg=4, lineno=36)
         354	BUILD_SLICE(arg=2, lineno=36)
         356	LOAD_FAST(arg=3, lineno=36)
         358	BUILD_TUPLE(arg=2, lineno=36)
         360	BINARY_SUBSCR(arg=None, lineno=36)
         364	CALL(arg=2, lineno=35)
>        372	LOAD_FAST(arg=2, lineno=35)
         374	LOAD_FAST(arg=3, lineno=35)
         376	STORE_SUBSCR(arg=None, lineno=35)
         380	LOAD_CONST(arg=3, lineno=39)
         382	STORE_FAST(arg=5, lineno=39)
         384	LOAD_GLOBAL(arg=3, lineno=40)
         394	LOAD_FAST(arg=4, lineno=40)
         396	CALL(arg=1, lineno=40)
         404	GET_ITER(arg=None, lineno=40)
>        406	FOR_ITER(arg=20, lineno=40)
         410	STORE_FAST(arg=6, lineno=40)
         412	LOAD_FAST(arg=5, lineno=41)
         414	LOAD_FAST(arg=0, lineno=41)
         416	LOAD_FAST(arg=6, lineno=41)
         418	LOAD_FAST(arg=3, lineno=41)
         420	BUILD_TUPLE(arg=2, lineno=41)
         422	BINARY_SUBSCR(arg=None, lineno=41)
         426	LOAD_FAST(arg=0, lineno=41)
         428	LOAD_FAST(arg=6, lineno=41)
         430	LOAD_FAST(arg=3, lineno=41)
         432	BUILD_TUPLE(arg=2, lineno=41)
         434	BINARY_SUBSCR(arg=None, lineno=41)
         438	BINARY_OP(arg=5, lineno=41)
         442	BINARY_OP(arg=13, lineno=41)
         446	STORE_FAST(arg=5, lineno=41)
         448	JUMP_BACKWARD(arg=22, lineno=41)
>        450	END_FOR(arg=None, lineno=40)
         452	LOAD_FAST(arg=5, lineno=42)
         454	LOAD_FAST(arg=2, lineno=42)
         456	LOAD_FAST(arg=3, lineno=42)
         458	STORE_SUBSCR(arg=None, lineno=42)
         462	LOAD_GLOBAL(arg=3, lineno=44)
         472	LOAD_FAST(arg=3, lineno=44)
         474	CALL(arg=1, lineno=44)
         482	GET_ITER(arg=None, lineno=44)
>        484	FOR_ITER(arg=95, lineno=44)
         488	STORE_FAST(arg=8, lineno=44)
         490	LOAD_CONST(arg=3, lineno=46)
         492	STORE_FAST(arg=9, lineno=46)
         494	LOAD_GLOBAL(arg=3, lineno=47)
         504	LOAD_FAST(arg=8, lineno=47)
         506	CALL(arg=1, lineno=47)
         514	GET_ITER(arg=None, lineno=47)
>        516	FOR_ITER(arg=26, lineno=47)
         520	STORE_FAST(arg=10, lineno=47)
         522	LOAD_FAST(arg=9, lineno=48)
         524	LOAD_FAST(arg=1, lineno=48)
         526	LOAD_FAST(arg=10, lineno=48)
         528	LOAD_FAST(arg=8, lineno=48)
         530	BUILD_TUPLE(arg=2, lineno=48)
         532	BINARY_SUBSCR(arg=None, lineno=48)
         536	LOAD_FAST(arg=1, lineno=48)
         538	LOAD_FAST(arg=10, lineno=48)
         540	LOAD_FAST(arg=3, lineno=48)
         542	BUILD_TUPLE(arg=2, lineno=48)
         544	BINARY_SUBSCR(arg=None, lineno=48)
         548	BINARY_OP(arg=5, lineno=48)
         552	LOAD_FAST(arg=2, lineno=48)
         554	LOAD_FAST(arg=10, lineno=48)
         556	BINARY_SUBSCR(arg=None, lineno=48)
         560	BINARY_OP(arg=5, lineno=48)
         564	BINARY_OP(arg=13, lineno=48)
         568	STORE_FAST(arg=9, lineno=48)
         570	JUMP_BACKWARD(arg=28, lineno=48)
>        572	END_FOR(arg=None, lineno=47)
         574	LOAD_FAST(arg=7, lineno=50)
         576	LOAD_FAST(arg=8, lineno=50)
         578	BINARY_SUBSCR(arg=None, lineno=50)
         582	LOAD_FAST(arg=9, lineno=50)
         584	BINARY_OP(arg=10, lineno=50)
         588	LOAD_FAST(arg=2, lineno=50)
         590	LOAD_FAST(arg=8, lineno=50)
         592	BINARY_SUBSCR(arg=None, lineno=50)
         596	BINARY_OP(arg=11, lineno=50)
         600	LOAD_FAST(arg=1, lineno=50)
         602	LOAD_FAST(arg=8, lineno=50)
         604	LOAD_FAST(arg=3, lineno=50)
         606	BUILD_TUPLE(arg=2, lineno=50)
         608	STORE_SUBSCR(arg=None, lineno=50)
         612	LOAD_FAST(arg=2, lineno=51)
         614	LOAD_FAST(arg=3, lineno=51)
         616	COPY(arg=2, lineno=51)
         618	COPY(arg=2, lineno=51)
         620	BINARY_SUBSCR(arg=None, lineno=51)
         624	LOAD_FAST(arg=1, lineno=51)
         626	LOAD_FAST(arg=8, lineno=51)
         628	LOAD_FAST(arg=3, lineno=51)
         630	BUILD_TUPLE(arg=2, lineno=51)
         632	BINARY_SUBSCR(arg=None, lineno=51)
         636	LOAD_FAST(arg=1, lineno=51)
         638	LOAD_FAST(arg=8, lineno=51)
         640	LOAD_FAST(arg=3, lineno=51)
         642	BUILD_TUPLE(arg=2, lineno=51)
         644	BINARY_SUBSCR(arg=None, lineno=51)
         648	BINARY_OP(arg=5, lineno=51)
         652	LOAD_FAST(arg=2, lineno=51)
         654	LOAD_FAST(arg=8, lineno=51)
         656	BINARY_SUBSCR(arg=None, lineno=51)
         660	BINARY_OP(arg=5, lineno=51)
         664	BINARY_OP(arg=23, lineno=51)
         668	SWAP(arg=3, lineno=51)
         670	SWAP(arg=2, lineno=51)
         672	STORE_SUBSCR(arg=None, lineno=51)
         676	JUMP_BACKWARD(arg=97, lineno=51)
>        678	END_FOR(arg=None, lineno=44)
         680	LOAD_CONST(arg=5, lineno=53)
         682	LOAD_FAST(arg=1, lineno=53)
         684	LOAD_FAST(arg=3, lineno=53)
         686	LOAD_FAST(arg=3, lineno=53)
         688	BUILD_TUPLE(arg=2, lineno=53)
         690	STORE_SUBSCR(arg=None, lineno=53)
         694	RETURN_CONST(arg=4, lineno=53)
2026-06-28 01:19:39 [DEBUG] numba.core.byteflow:108 — pending: deque([State(pc_initial=0 nstack_initial=0)])
2026-06-28 01:19:39 [DEBUG] numba.core.byteflow:111 — stack: []
2026-06-28 01:19:39 [DEBUG] numba.core.byteflow:112 — state.pc_initial: State(pc_initial=0 nstack_initial=0)
2026-06-28 01:19:39 [DEBUG] numba.core.byteflow:349 — dispatch pc=0, inst=NOP(arg=None, lineno=12)
2026-06-28 01:19:39 [DEBUG] numba.core.byteflow:350 — stack []
2026-06-28 01:19:39 [DEBUG] numba.core.byteflow:349 — dispatch pc=2, inst=RESUME(arg=0, lineno=12)
2026-06-28 01:19:39 [DEBUG] numba.core.byteflow:350 — stack []
2026-06-28 01:19:39 [DEBUG] numba.core.byteflow:349 — dispatch pc=4, inst=LOAD_FAST(arg=0, lineno=18)
2026-06-28 01:19:39 [DEBUG] numba.core.byteflow:350 — stack []
2026-06-28 01:19:39 [DEBUG] numba.core.byteflow:349 — dispatch pc=6, inst=LOAD_ATTR(arg=0, lineno=18)
2026-06-28 01:19:39 [DEBUG] numba.core.byteflow:350 — stack ['$basis_slice4.0']
2026-06-28 01:19:39 [DEBUG] numba.core.byteflow:349 — dispatch pc=26, inst=LOAD_CONST(arg=1, lineno=18)
2026-06-28 01:19:39 [DEBUG] numba.core.byteflow:350 — stack ['$6load_attr.1']
2026-06-28 01:19:39 [DEBUG] numba.core.byteflow:349 — dispatch pc=28, inst=BINARY_SUBSCR(arg=None, lineno=18)
2026-06-28 01:19:39 [DEBUG] numba.core.byteflow:350 — stack ['$6load_attr.1', '$const26.2.1']
2026-06-28 01:19:39 [DEBUG] numba.core.byteflow:349 — dispatch pc=32, inst=STORE_FAST(arg=4, lineno=18)
2026-06-28 01:19:39 [DEBUG] numba.core.byteflow:350 — stack ['$28binary_subscr.3']
2026-06-28 01:19:39 [DEBUG] numba.core.byteflow:349 — dispatch pc=34, inst=LOAD_FAST(arg=3, lineno=20)
2026-06-28 01:19:39 [DEBUG] numba.core.byteflow:350 — stack []
2026-06-28 01:19:39 [DEBUG] numba.core.byteflow:349 — dispatch pc=36, inst=LOAD_CONST(arg=2, lineno=20)
2026-06-28 01:19:39 [DEBUG] numba.core.byteflow:350 — stack ['$stage34.4']
2026-06-28 01:19:39 [DEBUG] numba.core.byteflow:349 — dispatch pc=38, inst=COMPARE_OP(arg=40, lineno=20)
2026-06-28 01:19:39 [DEBUG] numba.core.byteflow:350 — stack ['$stage34.4', '$const36.5.2']
2026-06-28 01:19:39 [DEBUG] numba.core.byteflow:349 — dispatch pc=42, inst=POP_JUMP_IF_FALSE(arg=41, lineno=20)
2026-06-28 01:19:39 [DEBUG] numba.core.byteflow:350 — stack ['$38compare_op.6']
2026-06-28 01:19:39 [DEBUG] numba.core.byteflow:130 — end state. edges=[Edge(pc=44, stack=(), blockstack=(), npush=0), Edge(pc=126, stack=(), blockstack=(), npush=0)]
2026-06-28 01:19:39 [DEBUG] numba.core.byteflow:108 — pending: deque([State(pc_initial=44 nstack_initial=0), State(pc_initial=126 nstack_initial=0)])
2026-06-28 01:19:39 [DEBUG] numba.core.byteflow:111 — stack: []
2026-06-28 01:19:39 [DEBUG] numba.core.byteflow:112 — state.pc_initial: State(pc_initial=44 nstack_initial=0)
2026-06-28 01:19:39 [DEBUG] numba.core.byteflow:349 — dispatch pc=44, inst=LOAD_CONST(arg=3, lineno=21)
2026-06-28 01:19:39 [DEBUG] numba.core.byteflow:350 — stack []
2026-06-28 01:19:39 [DEBUG] numba.core.byteflow:349 — dispatch pc=46, inst=STORE_FAST(arg=5, lineno=21)
2026-06-28 01:19:39 [DEBUG] numba.core.byteflow:350 — stack ['$const44.0.3']
2026-06-28 01:19:39 [DEBUG] numba.core.byteflow:349 — dispatch pc=48, inst=LOAD_GLOBAL(arg=3, lineno=22)
2026-06-28 01:19:39 [DEBUG] numba.core.byteflow:350 — stack []
2026-06-28 01:19:39 [DEBUG] numba.core.byteflow:349 — dispatch pc=58, inst=LOAD_FAST(arg=4, lineno=22)
2026-06-28 01:19:39 [DEBUG] numba.core.byteflow:350 — stack ['$null$48.2', '$48load_global.1']
2026-06-28 01:19:39 [DEBUG] numba.core.byteflow:349 — dispatch pc=60, inst=CALL(arg=1, lineno=22)
2026-06-28 01:19:39 [DEBUG] numba.core.byteflow:350 — stack ['$null$48.2', '$48load_global.1', '$n58.3']
2026-06-28 01:19:39 [DEBUG] numba.core.byteflow:349 — dispatch pc=68, inst=GET_ITER(arg=None, lineno=22)
2026-06-28 01:19:39 [DEBUG] numba.core.byteflow:350 — stack ['$60call.4']
2026-06-28 01:19:39 [DEBUG] numba.core.byteflow:130 — end state. edges=[Edge(pc=70, stack=('$68get_iter.5',), blockstack=(), npush=0)]
2026-06-28 01:19:39 [DEBUG] numba.core.byteflow:108 — pending: deque([State(pc_initial=126 nstack_initial=0), State(pc_initial=70 nstack_initial=1)])
2026-06-28 01:19:39 [DEBUG] numba.core.byteflow:111 — stack: []
2026-06-28 01:19:39 [DEBUG] numba.core.byteflow:112 — state.pc_initial: State(pc_initial=126 nstack_initial=0)
2026-06-28 01:19:39 [DEBUG] numba.core.byteflow:349 — dispatch pc=126, inst=LOAD_GLOBAL(arg=5, lineno=27)
2026-06-28 01:19:39 [DEBUG] numba.core.byteflow:350 — stack []
2026-06-28 01:19:39 [DEBUG] numba.core.byteflow:349 — dispatch pc=136, inst=LOAD_ATTR(arg=6, lineno=27)
2026-06-28 01:19:39 [DEBUG] numba.core.byteflow:350 — stack ['$null$126.1', '$126load_global.0']
2026-06-28 01:19:39 [DEBUG] numba.core.byteflow:349 — dispatch pc=156, inst=LOAD_FAST(arg=3, lineno=27)
2026-06-28 01:19:39 [DEBUG] numba.core.byteflow:350 — stack ['$null$126.1', '$136load_attr.2']
2026-06-28 01:19:39 [DEBUG] numba.core.byteflow:349 — dispatch pc=158, inst=CALL(arg=1, lineno=27)
2026-06-28 01:19:39 [DEBUG] numba.core.byteflow:350 — stack ['$null$126.1', '$136load_attr.2', '$stage156.3']
2026-06-28 01:19:39 [DEBUG] numba.core.byteflow:349 — dispatch pc=166, inst=STORE_FAST(arg=7, lineno=27)
2026-06-28 01:19:39 [DEBUG] numba.core.byteflow:350 — stack ['$158call.4']
2026-06-28 01:19:39 [DEBUG] numba.core.byteflow:349 — dispatch pc=168, inst=LOAD_GLOBAL(arg=3, lineno=28)
2026-06-28 01:19:39 [DEBUG] numba.core.byteflow:350 — stack []
2026-06-28 01:19:39 [DEBUG] numba.core.byteflow:349 — dispatch pc=178, inst=LOAD_FAST(arg=3, lineno=28)
2026-06-28 01:19:39 [DEBUG] numba.core.byteflow:350 — stack ['$null$168.6', '$168load_global.5']
2026-06-28 01:19:39 [DEBUG] numba.core.byteflow:349 — dispatch pc=180, inst=CALL(arg=1, lineno=28)
2026-06-28 01:19:39 [DEBUG] numba.core.byteflow:350 — stack ['$null$168.6', '$168load_global.5', '$stage178.7']
2026-06-28 01:19:39 [DEBUG] numba.core.byteflow:349 — dispatch pc=188, inst=GET_ITER(arg=None, lineno=28)
2026-06-28 01:19:39 [DEBUG] numba.core.byteflow:350 — stack ['$180call.8']
2026-06-28 01:19:39 [DEBUG] numba.core.byteflow:130 — end state. edges=[Edge(pc=190, stack=('$188get_iter.9',), blockstack=(), npush=0)]
2026-06-28 01:19:39 [DEBUG] numba.core.byteflow:108 — pending: deque([State(pc_initial=70 nstack_initial=1), State(pc_initial=190 nstack_initial=1)])
2026-06-28 01:19:39 [DEBUG] numba.core.byteflow:111 — stack: ['$phi70.0']
2026-06-28 01:19:39 [DEBUG] numba.core.byteflow:112 — state.pc_initial: State(pc_initial=70 nstack_initial=1)
2026-06-28 01:19:39 [DEBUG] numba.core.byteflow:349 — dispatch pc=70, inst=FOR_ITER(arg=20, lineno=22)
2026-06-28 01:19:39 [DEBUG] numba.core.byteflow:350 — stack ['$phi70.0']
2026-06-28 01:19:39 [DEBUG] numba.core.byteflow:130 — end state. edges=[Edge(pc=114, stack=('$phi70.0', '$70for_iter.2'), blockstack=(), npush=0), Edge(pc=74, stack=('$phi70.0', '$70for_iter.2'), blockstack=(), npush=0)]
2026-06-28 01:19:39 [DEBUG] numba.core.byteflow:108 — pending: deque([State(pc_initial=190 nstack_initial=1), State(pc_initial=114 nstack_initial=2), State(pc_initial=74 nstack_initial=2)])
2026-06-28 01:19:39 [DEBUG] numba.core.byteflow:111 — stack: ['$phi190.0']
2026-06-28 01:19:39 [DEBUG] numba.core.byteflow:112 — state.pc_initial: State(pc_initial=190 nstack_initial=1)
2026-06-28 01:19:39 [DEBUG] numba.core.byteflow:349 — dispatch pc=190, inst=FOR_ITER(arg=43, lineno=28)
2026-06-28 01:19:39 [DEBUG] numba.core.byteflow:350 — stack ['$phi190.0']
2026-06-28 01:19:39 [DEBUG] numba.core.byteflow:130 — end state. edges=[Edge(pc=280, stack=('$phi190.0', '$190for_iter.2'), blockstack=(), npush=0), Edge(pc=194, stack=('$phi190.0', '$190for_iter.2'), blockstack=(), npush=0)]
2026-06-28 01:19:39 [DEBUG] numba.core.byteflow:108 — pending: deque([State(pc_initial=114 nstack_initial=2), State(pc_initial=74 nstack_initial=2), State(pc_initial=280 nstack_initial=2), State(pc_initial=194 nstack_initial=2)])
2026-06-28 01:19:39 [DEBUG] numba.core.byteflow:111 — stack: ['$phi114.0', '$phi114.1']
2026-06-28 01:19:39 [DEBUG] numba.core.byteflow:112 — state.pc_initial: State(pc_initial=114 nstack_initial=2)
2026-06-28 01:19:39 [DEBUG] numba.core.byteflow:349 — dispatch pc=114, inst=END_FOR(arg=None, lineno=22)
2026-06-28 01:19:39 [DEBUG] numba.core.byteflow:350 — stack ['$phi114.0', '$phi114.1']
2026-06-28 01:19:39 [DEBUG] numba.core.byteflow:349 — dispatch pc=116, inst=LOAD_FAST(arg=5, lineno=24)
2026-06-28 01:19:39 [DEBUG] numba.core.byteflow:350 — stack []
2026-06-28 01:19:39 [DEBUG] numba.core.byteflow:349 — dispatch pc=118, inst=LOAD_FAST(arg=2, lineno=24)
2026-06-28 01:19:39 [DEBUG] numba.core.byteflow:350 — stack ['$s116.2']
2026-06-28 01:19:39 [DEBUG] numba.core.byteflow:349 — dispatch pc=120, inst=LOAD_CONST(arg=1, lineno=24)
2026-06-28 01:19:39 [DEBUG] numba.core.byteflow:350 — stack ['$s116.2', '$gs118.3']
2026-06-28 01:19:39 [DEBUG] numba.core.byteflow:349 — dispatch pc=122, inst=STORE_SUBSCR(arg=None, lineno=24)
2026-06-28 01:19:39 [DEBUG] numba.core.byteflow:350 — stack ['$s116.2', '$gs118.3', '$const120.4.1']
2026-06-28 01:19:39 [DEBUG] numba.core.byteflow:130 — end state. edges=[Edge(pc=126, stack=(), blockstack=(), npush=0)]
2026-06-28 01:19:39 [DEBUG] numba.core.byteflow:108 — pending: deque([State(pc_initial=74 nstack_initial=2), State(pc_initial=280 nstack_initial=2), State(pc_initial=194 nstack_initial=2), State(pc_initial=126 nstack_initial=0)])
2026-06-28 01:19:39 [DEBUG] numba.core.byteflow:111 — stack: ['$phi74.0', '$phi74.1']
2026-06-28 01:19:39 [DEBUG] numba.core.byteflow:112 — state.pc_initial: State(pc_initial=74 nstack_initial=2)
2026-06-28 01:19:39 [DEBUG] numba.core.byteflow:349 — dispatch pc=74, inst=STORE_FAST(arg=6, lineno=22)
2026-06-28 01:19:39 [DEBUG] numba.core.byteflow:350 — stack ['$phi74.0', '$phi74.1']
2026-06-28 01:19:39 [DEBUG] numba.core.byteflow:349 — dispatch pc=76, inst=LOAD_FAST(arg=5, lineno=23)
2026-06-28 01:19:39 [DEBUG] numba.core.byteflow:350 — stack ['$phi74.0']
2026-06-28 01:19:39 [DEBUG] numba.core.byteflow:349 — dispatch pc=78, inst=LOAD_FAST(arg=0, lineno=23)
2026-06-28 01:19:39 [DEBUG] numba.core.byteflow:350 — stack ['$phi74.0', '$s76.2']
2026-06-28 01:19:39 [DEBUG] numba.core.byteflow:349 — dispatch pc=80, inst=LOAD_FAST(arg=6, lineno=23)
2026-06-28 01:19:39 [DEBUG] numba.core.byteflow:350 — stack ['$phi74.0', '$s76.2', '$basis_slice78.3']
2026-06-28 01:19:39 [DEBUG] numba.core.byteflow:349 — dispatch pc=82, inst=LOAD_CONST(arg=1, lineno=23)
2026-06-28 01:19:39 [DEBUG] numba.core.byteflow:350 — stack ['$phi74.0', '$s76.2', '$basis_slice78.3', '$r80.4']
2026-06-28 01:19:39 [DEBUG] numba.core.byteflow:349 — dispatch pc=84, inst=BUILD_TUPLE(arg=2, lineno=23)
2026-06-28 01:19:39 [DEBUG] numba.core.byteflow:350 — stack ['$phi74.0', '$s76.2', '$basis_slice78.3', '$r80.4', '$const82.5.1']
2026-06-28 01:19:39 [DEBUG] numba.core.byteflow:349 — dispatch pc=86, inst=BINARY_SUBSCR(arg=None, lineno=23)
2026-06-28 01:19:39 [DEBUG] numba.core.byteflow:350 — stack ['$phi74.0', '$s76.2', '$basis_slice78.3', '$84build_tuple.6']
2026-06-28 01:19:39 [DEBUG] numba.core.byteflow:349 — dispatch pc=90, inst=LOAD_FAST(arg=0, lineno=23)
2026-06-28 01:19:39 [DEBUG] numba.core.byteflow:350 — stack ['$phi74.0', '$s76.2', '$86binary_subscr.7']
2026-06-28 01:19:39 [DEBUG] numba.core.byteflow:349 — dispatch pc=92, inst=LOAD_FAST(arg=6, lineno=23)
2026-06-28 01:19:39 [DEBUG] numba.core.byteflow:350 — stack ['$phi74.0', '$s76.2', '$86binary_subscr.7', '$basis_slice90.8']
2026-06-28 01:19:39 [DEBUG] numba.core.byteflow:349 — dispatch pc=94, inst=LOAD_CONST(arg=1, lineno=23)
2026-06-28 01:19:39 [DEBUG] numba.core.byteflow:350 — stack ['$phi74.0', '$s76.2', '$86binary_subscr.7', '$basis_slice90.8', '$r92.9']
2026-06-28 01:19:39 [DEBUG] numba.core.byteflow:349 — dispatch pc=96, inst=BUILD_TUPLE(arg=2, lineno=23)
2026-06-28 01:19:39 [DEBUG] numba.core.byteflow:350 — stack ['$phi74.0', '$s76.2', '$86binary_subscr.7', '$basis_slice90.8', '$r92.9', '$const94.10.1']
2026-06-28 01:19:39 [DEBUG] numba.core.byteflow:349 — dispatch pc=98, inst=BINARY_SUBSCR(arg=None, lineno=23)
2026-06-28 01:19:39 [DEBUG] numba.core.byteflow:350 — stack ['$phi74.0', '$s76.2', '$86binary_subscr.7', '$basis_slice90.8', '$96build_tuple.11']
2026-06-28 01:19:39 [DEBUG] numba.core.byteflow:349 — dispatch pc=102, inst=BINARY_OP(arg=5, lineno=23)
2026-06-28 01:19:39 [DEBUG] numba.core.byteflow:350 — stack ['$phi74.0', '$s76.2', '$86binary_subscr.7', '$98binary_subscr.12']
2026-06-28 01:19:39 [DEBUG] numba.core.byteflow:349 — dispatch pc=106, inst=BINARY_OP(arg=13, lineno=23)
2026-06-28 01:19:39 [DEBUG] numba.core.byteflow:350 — stack ['$phi74.0', '$s76.2', '$binop_mul102.13']
2026-06-28 01:19:39 [DEBUG] numba.core.byteflow:349 — dispatch pc=110, inst=STORE_FAST(arg=5, lineno=23)
2026-06-28 01:19:39 [DEBUG] numba.core.byteflow:350 — stack ['$phi74.0', '$binop_iadd106.14']
2026-06-28 01:19:39 [DEBUG] numba.core.byteflow:349 — dispatch pc=112, inst=JUMP_BACKWARD(arg=22, lineno=23)
2026-06-28 01:19:39 [DEBUG] numba.core.byteflow:350 — stack ['$phi74.0']
2026-06-28 01:19:39 [DEBUG] numba.core.byteflow:130 — end state. edges=[Edge(pc=70, stack=('$phi74.0',), blockstack=(), npush=0)]
2026-06-28 01:19:39 [DEBUG] numba.core.byteflow:108 — pending: deque([State(pc_initial=280 nstack_initial=2), State(pc_initial=194 nstack_initial=2), State(pc_initial=126 nstack_initial=0), State(pc_initial=70 nstack_initial=1)])
2026-06-28 01:19:39 [DEBUG] numba.core.byteflow:111 — stack: ['$phi280.0', '$phi280.1']
2026-06-28 01:19:39 [DEBUG] numba.core.byteflow:112 — state.pc_initial: State(pc_initial=280 nstack_initial=2)
2026-06-28 01:19:39 [DEBUG] numba.core.byteflow:349 — dispatch pc=280, inst=END_FOR(arg=None, lineno=28)
2026-06-28 01:19:39 [DEBUG] numba.core.byteflow:350 — stack ['$phi280.0', '$phi280.1']
2026-06-28 01:19:39 [DEBUG] numba.core.byteflow:349 — dispatch pc=282, inst=LOAD_FAST(arg=3, lineno=35)
2026-06-28 01:19:39 [DEBUG] numba.core.byteflow:350 — stack []
2026-06-28 01:19:39 [DEBUG] numba.core.byteflow:349 — dispatch pc=284, inst=LOAD_CONST(arg=1, lineno=35)
2026-06-28 01:19:39 [DEBUG] numba.core.byteflow:350 — stack ['$stage282.2']
2026-06-28 01:19:39 [DEBUG] numba.core.byteflow:349 — dispatch pc=286, inst=COMPARE_OP(arg=40, lineno=35)
2026-06-28 01:19:39 [DEBUG] numba.core.byteflow:350 — stack ['$stage282.2', '$const284.3.1']
2026-06-28 01:19:39 [DEBUG] numba.core.byteflow:349 — dispatch pc=290, inst=POP_JUMP_IF_FALSE(arg=5, lineno=35)
2026-06-28 01:19:39 [DEBUG] numba.core.byteflow:350 — stack ['$286compare_op.4']
2026-06-28 01:19:39 [DEBUG] numba.core.byteflow:130 — end state. edges=[Edge(pc=292, stack=(), blockstack=(), npush=0), Edge(pc=302, stack=(), blockstack=(), npush=0)]
2026-06-28 01:19:39 [DEBUG] numba.core.byteflow:108 — pending: deque([State(pc_initial=194 nstack_initial=2), State(pc_initial=126 nstack_initial=0), State(pc_initial=70 nstack_initial=1), State(pc_initial=292 nstack_initial=0), State(pc_initial=302 nstack_initial=0)])
2026-06-28 01:19:39 [DEBUG] numba.core.byteflow:111 — stack: ['$phi194.0', '$phi194.1']
2026-06-28 01:19:39 [DEBUG] numba.core.byteflow:112 — state.pc_initial: State(pc_initial=194 nstack_initial=2)
2026-06-28 01:19:39 [DEBUG] numba.core.byteflow:349 — dispatch pc=194, inst=STORE_FAST(arg=8, lineno=28)
2026-06-28 01:19:39 [DEBUG] numba.core.byteflow:350 — stack ['$phi194.0', '$phi194.1']
2026-06-28 01:19:39 [DEBUG] numba.core.byteflow:349 — dispatch pc=196, inst=LOAD_CONST(arg=3, lineno=29)
2026-06-28 01:19:39 [DEBUG] numba.core.byteflow:350 — stack ['$phi194.0']
2026-06-28 01:19:39 [DEBUG] numba.core.byteflow:349 — dispatch pc=198, inst=STORE_FAST(arg=5, lineno=29)
2026-06-28 01:19:39 [DEBUG] numba.core.byteflow:350 — stack ['$phi194.0', '$const196.2.3']
2026-06-28 01:19:39 [DEBUG] numba.core.byteflow:349 — dispatch pc=200, inst=LOAD_GLOBAL(arg=3, lineno=30)
2026-06-28 01:19:39 [DEBUG] numba.core.byteflow:350 — stack ['$phi194.0']
2026-06-28 01:19:39 [DEBUG] numba.core.byteflow:349 — dispatch pc=210, inst=LOAD_FAST(arg=4, lineno=30)
2026-06-28 01:19:39 [DEBUG] numba.core.byteflow:350 — stack ['$phi194.0', '$null$200.4', '$200load_global.3']
2026-06-28 01:19:39 [DEBUG] numba.core.byteflow:349 — dispatch pc=212, inst=CALL(arg=1, lineno=30)
2026-06-28 01:19:39 [DEBUG] numba.core.byteflow:350 — stack ['$phi194.0', '$null$200.4', '$200load_global.3', '$n210.5']
2026-06-28 01:19:39 [DEBUG] numba.core.byteflow:349 — dispatch pc=220, inst=GET_ITER(arg=None, lineno=30)
2026-06-28 01:19:39 [DEBUG] numba.core.byteflow:350 — stack ['$phi194.0', '$212call.6']
2026-06-28 01:19:39 [DEBUG] numba.core.byteflow:130 — end state. edges=[Edge(pc=222, stack=('$phi194.0', '$220get_iter.7'), blockstack=(), npush=0)]
2026-06-28 01:19:39 [DEBUG] numba.core.byteflow:108 — pending: deque([State(pc_initial=126 nstack_initial=0), State(pc_initial=70 nstack_initial=1), State(pc_initial=292 nstack_initial=0), State(pc_initial=302 nstack_initial=0), State(pc_initial=222 nstack_initial=2)])
2026-06-28 01:19:39 [DEBUG] numba.core.byteflow:108 — pending: deque([State(pc_initial=70 nstack_initial=1), State(pc_initial=292 nstack_initial=0), State(pc_initial=302 nstack_initial=0), State(pc_initial=222 nstack_initial=2)])
2026-06-28 01:19:39 [DEBUG] numba.core.byteflow:108 — pending: deque([State(pc_initial=292 nstack_initial=0), State(pc_initial=302 nstack_initial=0), State(pc_initial=222 nstack_initial=2)])
2026-06-28 01:19:39 [DEBUG] numba.core.byteflow:111 — stack: []
2026-06-28 01:19:39 [DEBUG] numba.core.byteflow:112 — state.pc_initial: State(pc_initial=292 nstack_initial=0)
2026-06-28 01:19:39 [DEBUG] numba.core.byteflow:349 — dispatch pc=292, inst=LOAD_FAST(arg=7, lineno=35)
2026-06-28 01:19:39 [DEBUG] numba.core.byteflow:350 — stack []
2026-06-28 01:19:39 [DEBUG] numba.core.byteflow:349 — dispatch pc=294, inst=LOAD_CONST(arg=1, lineno=35)
2026-06-28 01:19:39 [DEBUG] numba.core.byteflow:350 — stack ['$dots292.0']
2026-06-28 01:19:39 [DEBUG] numba.core.byteflow:349 — dispatch pc=296, inst=BINARY_SUBSCR(arg=None, lineno=35)
2026-06-28 01:19:39 [DEBUG] numba.core.byteflow:350 — stack ['$dots292.0', '$const294.1.1']
2026-06-28 01:19:39 [DEBUG] numba.core.byteflow:349 — dispatch pc=300, inst=JUMP_FORWARD(arg=35, lineno=35)
2026-06-28 01:19:39 [DEBUG] numba.core.byteflow:350 — stack ['$296binary_subscr.2']
2026-06-28 01:19:39 [DEBUG] numba.core.byteflow:130 — end state. edges=[Edge(pc=372, stack=('$296binary_subscr.2',), blockstack=(), npush=0)]
2026-06-28 01:19:39 [DEBUG] numba.core.byteflow:108 — pending: deque([State(pc_initial=302 nstack_initial=0), State(pc_initial=222 nstack_initial=2), State(pc_initial=372 nstack_initial=1)])
2026-06-28 01:19:39 [DEBUG] numba.core.byteflow:111 — stack: []
2026-06-28 01:19:39 [DEBUG] numba.core.byteflow:112 — state.pc_initial: State(pc_initial=302 nstack_initial=0)
2026-06-28 01:19:39 [DEBUG] numba.core.byteflow:349 — dispatch pc=302, inst=LOAD_GLOBAL(arg=5, lineno=35)
2026-06-28 01:19:39 [DEBUG] numba.core.byteflow:350 — stack []
2026-06-28 01:19:39 [DEBUG] numba.core.byteflow:349 — dispatch pc=312, inst=LOAD_ATTR(arg=8, lineno=35)
2026-06-28 01:19:39 [DEBUG] numba.core.byteflow:350 — stack ['$null$302.1', '$302load_global.0']
2026-06-28 01:19:39 [DEBUG] numba.core.byteflow:349 — dispatch pc=332, inst=LOAD_FAST(arg=0, lineno=36)
2026-06-28 01:19:39 [DEBUG] numba.core.byteflow:350 — stack ['$null$302.1', '$312load_attr.2']
2026-06-28 01:19:39 [DEBUG] numba.core.byteflow:349 — dispatch pc=334, inst=LOAD_CONST(arg=4, lineno=36)
2026-06-28 01:19:39 [DEBUG] numba.core.byteflow:350 — stack ['$null$302.1', '$312load_attr.2', '$basis_slice332.3']
2026-06-28 01:19:39 [DEBUG] numba.core.byteflow:349 — dispatch pc=336, inst=LOAD_CONST(arg=4, lineno=36)
2026-06-28 01:19:39 [DEBUG] numba.core.byteflow:350 — stack ['$null$302.1', '$312load_attr.2', '$basis_slice332.3', '$const334.4.4']
2026-06-28 01:19:39 [DEBUG] numba.core.byteflow:349 — dispatch pc=338, inst=BUILD_SLICE(arg=2, lineno=36)
2026-06-28 01:19:39 [DEBUG] numba.core.byteflow:350 — stack ['$null$302.1', '$312load_attr.2', '$basis_slice332.3', '$const334.4.4', '$const336.5.4']
2026-06-28 01:19:39 [DEBUG] numba.core.byteflow:349 — dispatch pc=340, inst=LOAD_FAST(arg=3, lineno=36)
2026-06-28 01:19:39 [DEBUG] numba.core.byteflow:350 — stack ['$null$302.1', '$312load_attr.2', '$basis_slice332.3', '$338build_slice.7']
2026-06-28 01:19:39 [DEBUG] numba.core.byteflow:349 — dispatch pc=342, inst=BUILD_TUPLE(arg=2, lineno=36)
2026-06-28 01:19:39 [DEBUG] numba.core.byteflow:350 — stack ['$null$302.1', '$312load_attr.2', '$basis_slice332.3', '$338build_slice.7', '$stage340.8']
2026-06-28 01:19:39 [DEBUG] numba.core.byteflow:349 — dispatch pc=344, inst=BINARY_SUBSCR(arg=None, lineno=36)
2026-06-28 01:19:39 [DEBUG] numba.core.byteflow:350 — stack ['$null$302.1', '$312load_attr.2', '$basis_slice332.3', '$342build_tuple.9']
2026-06-28 01:19:39 [DEBUG] numba.core.byteflow:349 — dispatch pc=348, inst=LOAD_FAST(arg=0, lineno=36)
2026-06-28 01:19:39 [DEBUG] numba.core.byteflow:350 — stack ['$null$302.1', '$312load_attr.2', '$344binary_subscr.10']
2026-06-28 01:19:39 [DEBUG] numba.core.byteflow:349 — dispatch pc=350, inst=LOAD_CONST(arg=4, lineno=36)
2026-06-28 01:19:39 [DEBUG] numba.core.byteflow:350 — stack ['$null$302.1', '$312load_attr.2', '$344binary_subscr.10', '$basis_slice348.11']
2026-06-28 01:19:39 [DEBUG] numba.core.byteflow:349 — dispatch pc=352, inst=LOAD_CONST(arg=4, lineno=36)
2026-06-28 01:19:39 [DEBUG] numba.core.byteflow:350 — stack ['$null$302.1', '$312load_attr.2', '$344binary_subscr.10', '$basis_slice348.11', '$const350.12.4']
2026-06-28 01:19:39 [DEBUG] numba.core.byteflow:349 — dispatch pc=354, inst=BUILD_SLICE(arg=2, lineno=36)
2026-06-28 01:19:39 [DEBUG] numba.core.byteflow:350 — stack ['$null$302.1', '$312load_attr.2', '$344binary_subscr.10', '$basis_slice348.11', '$const350.12.4', '$const352.13.4']
2026-06-28 01:19:39 [DEBUG] numba.core.byteflow:349 — dispatch pc=356, inst=LOAD_FAST(arg=3, lineno=36)
2026-06-28 01:19:39 [DEBUG] numba.core.byteflow:350 — stack ['$null$302.1', '$312load_attr.2', '$344binary_subscr.10', '$basis_slice348.11', '$354build_slice.15']
2026-06-28 01:19:39 [DEBUG] numba.core.byteflow:349 — dispatch pc=358, inst=BUILD_TUPLE(arg=2, lineno=36)
2026-06-28 01:19:39 [DEBUG] numba.core.byteflow:350 — stack ['$null$302.1', '$312load_attr.2', '$344binary_subscr.10', '$basis_slice348.11', '$354build_slice.15', '$stage356.16']
2026-06-28 01:19:39 [DEBUG] numba.core.byteflow:349 — dispatch pc=360, inst=BINARY_SUBSCR(arg=None, lineno=36)
2026-06-28 01:19:39 [DEBUG] numba.core.byteflow:350 — stack ['$null$302.1', '$312load_attr.2', '$344binary_subscr.10', '$basis_slice348.11', '$358build_tuple.17']
2026-06-28 01:19:39 [DEBUG] numba.core.byteflow:349 — dispatch pc=364, inst=CALL(arg=2, lineno=35)
2026-06-28 01:19:39 [DEBUG] numba.core.byteflow:350 — stack ['$null$302.1', '$312load_attr.2', '$344binary_subscr.10', '$360binary_subscr.18']
2026-06-28 01:19:39 [DEBUG] numba.core.byteflow:130 — end state. edges=[Edge(pc=372, stack=('$364call.19',), blockstack=(), npush=0)]
2026-06-28 01:19:39 [DEBUG] numba.core.byteflow:108 — pending: deque([State(pc_initial=222 nstack_initial=2), State(pc_initial=372 nstack_initial=1), State(pc_initial=372 nstack_initial=1)])
2026-06-28 01:19:39 [DEBUG] numba.core.byteflow:111 — stack: ['$phi222.0', '$phi222.1']
2026-06-28 01:19:39 [DEBUG] numba.core.byteflow:112 — state.pc_initial: State(pc_initial=222 nstack_initial=2)
2026-06-28 01:19:39 [DEBUG] numba.core.byteflow:349 — dispatch pc=222, inst=FOR_ITER(arg=20, lineno=30)
2026-06-28 01:19:39 [DEBUG] numba.core.byteflow:350 — stack ['$phi222.0', '$phi222.1']
2026-06-28 01:19:39 [DEBUG] numba.core.byteflow:130 — end state. edges=[Edge(pc=266, stack=('$phi222.0', '$phi222.1', '$222for_iter.3'), blockstack=(), npush=0), Edge(pc=226, stack=('$phi222.0', '$phi222.1', '$222for_iter.3'), blockstack=(), npush=0)]
2026-06-28 01:19:39 [DEBUG] numba.core.byteflow:108 — pending: deque([State(pc_initial=372 nstack_initial=1), State(pc_initial=372 nstack_initial=1), State(pc_initial=266 nstack_initial=3), State(pc_initial=226 nstack_initial=3)])
2026-06-28 01:19:39 [DEBUG] numba.core.byteflow:111 — stack: ['$phi372.0']
2026-06-28 01:19:39 [DEBUG] numba.core.byteflow:112 — state.pc_initial: State(pc_initial=372 nstack_initial=1)
2026-06-28 01:19:39 [DEBUG] numba.core.byteflow:349 — dispatch pc=372, inst=LOAD_FAST(arg=2, lineno=35)
2026-06-28 01:19:39 [DEBUG] numba.core.byteflow:350 — stack ['$phi372.0']
2026-06-28 01:19:39 [DEBUG] numba.core.byteflow:349 — dispatch pc=374, inst=LOAD_FAST(arg=3, lineno=35)
2026-06-28 01:19:39 [DEBUG] numba.core.byteflow:350 — stack ['$phi372.0', '$gs372.1']
2026-06-28 01:19:39 [DEBUG] numba.core.byteflow:349 — dispatch pc=376, inst=STORE_SUBSCR(arg=None, lineno=35)
2026-06-28 01:19:39 [DEBUG] numba.core.byteflow:350 — stack ['$phi372.0', '$gs372.1', '$stage374.2']
2026-06-28 01:19:39 [DEBUG] numba.core.byteflow:349 — dispatch pc=380, inst=LOAD_CONST(arg=3, lineno=39)
2026-06-28 01:19:39 [DEBUG] numba.core.byteflow:350 — stack []
2026-06-28 01:19:39 [DEBUG] numba.core.byteflow:349 — dispatch pc=382, inst=STORE_FAST(arg=5, lineno=39)
2026-06-28 01:19:39 [DEBUG] numba.core.byteflow:350 — stack ['$const380.3.3']
2026-06-28 01:19:39 [DEBUG] numba.core.byteflow:349 — dispatch pc=384, inst=LOAD_GLOBAL(arg=3, lineno=40)
2026-06-28 01:19:39 [DEBUG] numba.core.byteflow:350 — stack []
2026-06-28 01:19:39 [DEBUG] numba.core.byteflow:349 — dispatch pc=394, inst=LOAD_FAST(arg=4, lineno=40)
2026-06-28 01:19:39 [DEBUG] numba.core.byteflow:350 — stack ['$null$384.5', '$384load_global.4']
2026-06-28 01:19:39 [DEBUG] numba.core.byteflow:349 — dispatch pc=396, inst=CALL(arg=1, lineno=40)
2026-06-28 01:19:39 [DEBUG] numba.core.byteflow:350 — stack ['$null$384.5', '$384load_global.4', '$n394.6']
2026-06-28 01:19:39 [DEBUG] numba.core.byteflow:349 — dispatch pc=404, inst=GET_ITER(arg=None, lineno=40)
2026-06-28 01:19:39 [DEBUG] numba.core.byteflow:350 — stack ['$396call.7']
2026-06-28 01:19:39 [DEBUG] numba.core.byteflow:130 — end state. edges=[Edge(pc=406, stack=('$404get_iter.8',), blockstack=(), npush=0)]
2026-06-28 01:19:39 [DEBUG] numba.core.byteflow:108 — pending: deque([State(pc_initial=372 nstack_initial=1), State(pc_initial=266 nstack_initial=3), State(pc_initial=226 nstack_initial=3), State(pc_initial=406 nstack_initial=1)])
2026-06-28 01:19:39 [DEBUG] numba.core.byteflow:108 — pending: deque([State(pc_initial=266 nstack_initial=3), State(pc_initial=226 nstack_initial=3), State(pc_initial=406 nstack_initial=1)])
2026-06-28 01:19:39 [DEBUG] numba.core.byteflow:111 — stack: ['$phi266.0', '$phi266.1', '$phi266.2']
2026-06-28 01:19:39 [DEBUG] numba.core.byteflow:112 — state.pc_initial: State(pc_initial=266 nstack_initial=3)
2026-06-28 01:19:39 [DEBUG] numba.core.byteflow:349 — dispatch pc=266, inst=END_FOR(arg=None, lineno=30)
2026-06-28 01:19:39 [DEBUG] numba.core.byteflow:350 — stack ['$phi266.0', '$phi266.1', '$phi266.2']
2026-06-28 01:19:39 [DEBUG] numba.core.byteflow:349 — dispatch pc=268, inst=LOAD_FAST(arg=5, lineno=32)
2026-06-28 01:19:39 [DEBUG] numba.core.byteflow:350 — stack ['$phi266.0']
2026-06-28 01:19:39 [DEBUG] numba.core.byteflow:349 — dispatch pc=270, inst=LOAD_FAST(arg=7, lineno=32)
2026-06-28 01:19:39 [DEBUG] numba.core.byteflow:350 — stack ['$phi266.0', '$s268.3']
2026-06-28 01:19:39 [DEBUG] numba.core.byteflow:349 — dispatch pc=272, inst=LOAD_FAST(arg=8, lineno=32)
2026-06-28 01:19:39 [DEBUG] numba.core.byteflow:350 — stack ['$phi266.0', '$s268.3', '$dots270.4']
2026-06-28 01:19:39 [DEBUG] numba.core.byteflow:349 — dispatch pc=274, inst=STORE_SUBSCR(arg=None, lineno=32)
2026-06-28 01:19:39 [DEBUG] numba.core.byteflow:350 — stack ['$phi266.0', '$s268.3', '$dots270.4', '$j272.5']
2026-06-28 01:19:39 [DEBUG] numba.core.byteflow:349 — dispatch pc=278, inst=JUMP_BACKWARD(arg=45, lineno=32)
2026-06-28 01:19:39 [DEBUG] numba.core.byteflow:350 — stack ['$phi266.0']
2026-06-28 01:19:39 [DEBUG] numba.core.byteflow:130 — end state. edges=[Edge(pc=190, stack=('$phi266.0',), blockstack=(), npush=0)]
2026-06-28 01:19:39 [DEBUG] numba.core.byteflow:108 — pending: deque([State(pc_initial=226 nstack_initial=3), State(pc_initial=406 nstack_initial=1), State(pc_initial=190 nstack_initial=1)])
2026-06-28 01:19:39 [DEBUG] numba.core.byteflow:111 — stack: ['$phi226.0', '$phi226.1', '$phi226.2']
2026-06-28 01:19:39 [DEBUG] numba.core.byteflow:112 — state.pc_initial: State(pc_initial=226 nstack_initial=3)
2026-06-28 01:19:39 [DEBUG] numba.core.byteflow:349 — dispatch pc=226, inst=STORE_FAST(arg=6, lineno=30)
2026-06-28 01:19:39 [DEBUG] numba.core.byteflow:350 — stack ['$phi226.0', '$phi226.1', '$phi226.2']
2026-06-28 01:19:39 [DEBUG] numba.core.byteflow:349 — dispatch pc=228, inst=LOAD_FAST(arg=5, lineno=31)
2026-06-28 01:19:39 [DEBUG] numba.core.byteflow:350 — stack ['$phi226.0', '$phi226.1']
2026-06-28 01:19:39 [DEBUG] numba.core.byteflow:349 — dispatch pc=230, inst=LOAD_FAST(arg=0, lineno=31)
2026-06-28 01:19:39 [DEBUG] numba.core.byteflow:350 — stack ['$phi226.0', '$phi226.1', '$s228.3']
2026-06-28 01:19:39 [DEBUG] numba.core.byteflow:349 — dispatch pc=232, inst=LOAD_FAST(arg=6, lineno=31)
2026-06-28 01:19:39 [DEBUG] numba.core.byteflow:350 — stack ['$phi226.0', '$phi226.1', '$s228.3', '$basis_slice230.4']
2026-06-28 01:19:39 [DEBUG] numba.core.byteflow:349 — dispatch pc=234, inst=LOAD_FAST(arg=3, lineno=31)
2026-06-28 01:19:39 [DEBUG] numba.core.byteflow:350 — stack ['$phi226.0', '$phi226.1', '$s228.3', '$basis_slice230.4', '$r232.5']
2026-06-28 01:19:39 [DEBUG] numba.core.byteflow:349 — dispatch pc=236, inst=BUILD_TUPLE(arg=2, lineno=31)
2026-06-28 01:19:39 [DEBUG] numba.core.byteflow:350 — stack ['$phi226.0', '$phi226.1', '$s228.3', '$basis_slice230.4', '$r232.5', '$stage234.6']
2026-06-28 01:19:39 [DEBUG] numba.core.byteflow:349 — dispatch pc=238, inst=BINARY_SUBSCR(arg=None, lineno=31)
2026-06-28 01:19:39 [DEBUG] numba.core.byteflow:350 — stack ['$phi226.0', '$phi226.1', '$s228.3', '$basis_slice230.4', '$236build_tuple.7']
2026-06-28 01:19:39 [DEBUG] numba.core.byteflow:349 — dispatch pc=242, inst=LOAD_FAST(arg=0, lineno=31)
2026-06-28 01:19:39 [DEBUG] numba.core.byteflow:350 — stack ['$phi226.0', '$phi226.1', '$s228.3', '$238binary_subscr.8']
2026-06-28 01:19:39 [DEBUG] numba.core.byteflow:349 — dispatch pc=244, inst=LOAD_FAST(arg=6, lineno=31)
2026-06-28 01:19:39 [DEBUG] numba.core.byteflow:350 — stack ['$phi226.0', '$phi226.1', '$s228.3', '$238binary_subscr.8', '$basis_slice242.9']
2026-06-28 01:19:39 [DEBUG] numba.core.byteflow:349 — dispatch pc=246, inst=LOAD_FAST(arg=8, lineno=31)
2026-06-28 01:19:39 [DEBUG] numba.core.byteflow:350 — stack ['$phi226.0', '$phi226.1', '$s228.3', '$238binary_subscr.8', '$basis_slice242.9', '$r244.10']
2026-06-28 01:19:39 [DEBUG] numba.core.byteflow:349 — dispatch pc=248, inst=BUILD_TUPLE(arg=2, lineno=31)
2026-06-28 01:19:39 [DEBUG] numba.core.byteflow:350 — stack ['$phi226.0', '$phi226.1', '$s228.3', '$238binary_subscr.8', '$basis_slice242.9', '$r244.10', '$j246.11']
2026-06-28 01:19:39 [DEBUG] numba.core.byteflow:349 — dispatch pc=250, inst=BINARY_SUBSCR(arg=None, lineno=31)
2026-06-28 01:19:39 [DEBUG] numba.core.byteflow:350 — stack ['$phi226.0', '$phi226.1', '$s228.3', '$238binary_subscr.8', '$basis_slice242.9', '$248build_tuple.12']
2026-06-28 01:19:39 [DEBUG] numba.core.byteflow:349 — dispatch pc=254, inst=BINARY_OP(arg=5, lineno=31)
2026-06-28 01:19:39 [DEBUG] numba.core.byteflow:350 — stack ['$phi226.0', '$phi226.1', '$s228.3', '$238binary_subscr.8', '$250binary_subscr.13']
2026-06-28 01:19:39 [DEBUG] numba.core.byteflow:349 — dispatch pc=258, inst=BINARY_OP(arg=13, lineno=31)
2026-06-28 01:19:39 [DEBUG] numba.core.byteflow:350 — stack ['$phi226.0', '$phi226.1', '$s228.3', '$binop_mul254.14']
2026-06-28 01:19:39 [DEBUG] numba.core.byteflow:349 — dispatch pc=262, inst=STORE_FAST(arg=5, lineno=31)
2026-06-28 01:19:39 [DEBUG] numba.core.byteflow:350 — stack ['$phi226.0', '$phi226.1', '$binop_iadd258.15']
2026-06-28 01:19:39 [DEBUG] numba.core.byteflow:349 — dispatch pc=264, inst=JUMP_BACKWARD(arg=22, lineno=31)
2026-06-28 01:19:39 [DEBUG] numba.core.byteflow:350 — stack ['$phi226.0', '$phi226.1']
2026-06-28 01:19:39 [DEBUG] numba.core.byteflow:130 — end state. edges=[Edge(pc=222, stack=('$phi226.0', '$phi226.1'), blockstack=(), npush=0)]
2026-06-28 01:19:39 [DEBUG] numba.core.byteflow:108 — pending: deque([State(pc_initial=406 nstack_initial=1), State(pc_initial=190 nstack_initial=1), State(pc_initial=222 nstack_initial=2)])
2026-06-28 01:19:39 [DEBUG] numba.core.byteflow:111 — stack: ['$phi406.0']
2026-06-28 01:19:39 [DEBUG] numba.core.byteflow:112 — state.pc_initial: State(pc_initial=406 nstack_initial=1)
2026-06-28 01:19:39 [DEBUG] numba.core.byteflow:349 — dispatch pc=406, inst=FOR_ITER(arg=20, lineno=40)
2026-06-28 01:19:39 [DEBUG] numba.core.byteflow:350 — stack ['$phi406.0']
2026-06-28 01:19:39 [DEBUG] numba.core.byteflow:130 — end state. edges=[Edge(pc=450, stack=('$phi406.0', '$406for_iter.2'), blockstack=(), npush=0), Edge(pc=410, stack=('$phi406.0', '$406for_iter.2'), blockstack=(), npush=0)]
2026-06-28 01:19:39 [DEBUG] numba.core.byteflow:108 — pending: deque([State(pc_initial=190 nstack_initial=1), State(pc_initial=222 nstack_initial=2), State(pc_initial=450 nstack_initial=2), State(pc_initial=410 nstack_initial=2)])
2026-06-28 01:19:39 [DEBUG] numba.core.byteflow:108 — pending: deque([State(pc_initial=222 nstack_initial=2), State(pc_initial=450 nstack_initial=2), State(pc_initial=410 nstack_initial=2)])
2026-06-28 01:19:39 [DEBUG] numba.core.byteflow:108 — pending: deque([State(pc_initial=450 nstack_initial=2), State(pc_initial=410 nstack_initial=2)])
2026-06-28 01:19:39 [DEBUG] numba.core.byteflow:111 — stack: ['$phi450.0', '$phi450.1']
2026-06-28 01:19:39 [DEBUG] numba.core.byteflow:112 — state.pc_initial: State(pc_initial=450 nstack_initial=2)
2026-06-28 01:19:39 [DEBUG] numba.core.byteflow:349 — dispatch pc=450, inst=END_FOR(arg=None, lineno=40)
2026-06-28 01:19:39 [DEBUG] numba.core.byteflow:350 — stack ['$phi450.0', '$phi450.1']
2026-06-28 01:19:39 [DEBUG] numba.core.byteflow:349 — dispatch pc=452, inst=LOAD_FAST(arg=5, lineno=42)
2026-06-28 01:19:39 [DEBUG] numba.core.byteflow:350 — stack []
2026-06-28 01:19:39 [DEBUG] numba.core.byteflow:349 — dispatch pc=454, inst=LOAD_FAST(arg=2, lineno=42)
2026-06-28 01:19:39 [DEBUG] numba.core.byteflow:350 — stack ['$s452.2']
2026-06-28 01:19:39 [DEBUG] numba.core.byteflow:349 — dispatch pc=456, inst=LOAD_FAST(arg=3, lineno=42)
2026-06-28 01:19:39 [DEBUG] numba.core.byteflow:350 — stack ['$s452.2', '$gs454.3']
2026-06-28 01:19:39 [DEBUG] numba.core.byteflow:349 — dispatch pc=458, inst=STORE_SUBSCR(arg=None, lineno=42)
2026-06-28 01:19:39 [DEBUG] numba.core.byteflow:350 — stack ['$s452.2', '$gs454.3', '$stage456.4']
2026-06-28 01:19:39 [DEBUG] numba.core.byteflow:349 — dispatch pc=462, inst=LOAD_GLOBAL(arg=3, lineno=44)
2026-06-28 01:19:39 [DEBUG] numba.core.byteflow:350 — stack []
2026-06-28 01:19:39 [DEBUG] numba.core.byteflow:349 — dispatch pc=472, inst=LOAD_FAST(arg=3, lineno=44)
2026-06-28 01:19:39 [DEBUG] numba.core.byteflow:350 — stack ['$null$462.6', '$462load_global.5']
2026-06-28 01:19:39 [DEBUG] numba.core.byteflow:349 — dispatch pc=474, inst=CALL(arg=1, lineno=44)
2026-06-28 01:19:39 [DEBUG] numba.core.byteflow:350 — stack ['$null$462.6', '$462load_global.5', '$stage472.7']
2026-06-28 01:19:39 [DEBUG] numba.core.byteflow:349 — dispatch pc=482, inst=GET_ITER(arg=None, lineno=44)
2026-06-28 01:19:39 [DEBUG] numba.core.byteflow:350 — stack ['$474call.8']
2026-06-28 01:19:39 [DEBUG] numba.core.byteflow:130 — end state. edges=[Edge(pc=484, stack=('$482get_iter.9',), blockstack=(), npush=0)]
2026-06-28 01:19:39 [DEBUG] numba.core.byteflow:108 — pending: deque([State(pc_initial=410 nstack_initial=2), State(pc_initial=484 nstack_initial=1)])
2026-06-28 01:19:39 [DEBUG] numba.core.byteflow:111 — stack: ['$phi410.0', '$phi410.1']
2026-06-28 01:19:39 [DEBUG] numba.core.byteflow:112 — state.pc_initial: State(pc_initial=410 nstack_initial=2)
2026-06-28 01:19:39 [DEBUG] numba.core.byteflow:349 — dispatch pc=410, inst=STORE_FAST(arg=6, lineno=40)
2026-06-28 01:19:39 [DEBUG] numba.core.byteflow:350 — stack ['$phi410.0', '$phi410.1']
2026-06-28 01:19:39 [DEBUG] numba.core.byteflow:349 — dispatch pc=412, inst=LOAD_FAST(arg=5, lineno=41)
2026-06-28 01:19:39 [DEBUG] numba.core.byteflow:350 — stack ['$phi410.0']
2026-06-28 01:19:39 [DEBUG] numba.core.byteflow:349 — dispatch pc=414, inst=LOAD_FAST(arg=0, lineno=41)
2026-06-28 01:19:39 [DEBUG] numba.core.byteflow:350 — stack ['$phi410.0', '$s412.2']
2026-06-28 01:19:39 [DEBUG] numba.core.byteflow:349 — dispatch pc=416, inst=LOAD_FAST(arg=6, lineno=41)
2026-06-28 01:19:39 [DEBUG] numba.core.byteflow:350 — stack ['$phi410.0', '$s412.2', '$basis_slice414.3']
2026-06-28 01:19:39 [DEBUG] numba.core.byteflow:349 — dispatch pc=418, inst=LOAD_FAST(arg=3, lineno=41)
2026-06-28 01:19:39 [DEBUG] numba.core.byteflow:350 — stack ['$phi410.0', '$s412.2', '$basis_slice414.3', '$r416.4']
2026-06-28 01:19:39 [DEBUG] numba.core.byteflow:349 — dispatch pc=420, inst=BUILD_TUPLE(arg=2, lineno=41)
2026-06-28 01:19:39 [DEBUG] numba.core.byteflow:350 — stack ['$phi410.0', '$s412.2', '$basis_slice414.3', '$r416.4', '$stage418.5']
2026-06-28 01:19:39 [DEBUG] numba.core.byteflow:349 — dispatch pc=422, inst=BINARY_SUBSCR(arg=None, lineno=41)
2026-06-28 01:19:39 [DEBUG] numba.core.byteflow:350 — stack ['$phi410.0', '$s412.2', '$basis_slice414.3', '$420build_tuple.6']
2026-06-28 01:19:39 [DEBUG] numba.core.byteflow:349 — dispatch pc=426, inst=LOAD_FAST(arg=0, lineno=41)
2026-06-28 01:19:39 [DEBUG] numba.core.byteflow:350 — stack ['$phi410.0', '$s412.2', '$422binary_subscr.7']
2026-06-28 01:19:39 [DEBUG] numba.core.byteflow:349 — dispatch pc=428, inst=LOAD_FAST(arg=6, lineno=41)
2026-06-28 01:19:39 [DEBUG] numba.core.byteflow:350 — stack ['$phi410.0', '$s412.2', '$422binary_subscr.7', '$basis_slice426.8']
2026-06-28 01:19:39 [DEBUG] numba.core.byteflow:349 — dispatch pc=430, inst=LOAD_FAST(arg=3, lineno=41)
2026-06-28 01:19:39 [DEBUG] numba.core.byteflow:350 — stack ['$phi410.0', '$s412.2', '$422binary_subscr.7', '$basis_slice426.8', '$r428.9']
2026-06-28 01:19:39 [DEBUG] numba.core.byteflow:349 — dispatch pc=432, inst=BUILD_TUPLE(arg=2, lineno=41)
2026-06-28 01:19:39 [DEBUG] numba.core.byteflow:350 — stack ['$phi410.0', '$s412.2', '$422binary_subscr.7', '$basis_slice426.8', '$r428.9', '$stage430.10']
2026-06-28 01:19:39 [DEBUG] numba.core.byteflow:349 — dispatch pc=434, inst=BINARY_SUBSCR(arg=None, lineno=41)
2026-06-28 01:19:39 [DEBUG] numba.core.byteflow:350 — stack ['$phi410.0', '$s412.2', '$422binary_subscr.7', '$basis_slice426.8', '$432build_tuple.11']
2026-06-28 01:19:39 [DEBUG] numba.core.byteflow:349 — dispatch pc=438, inst=BINARY_OP(arg=5, lineno=41)
2026-06-28 01:19:39 [DEBUG] numba.core.byteflow:350 — stack ['$phi410.0', '$s412.2', '$422binary_subscr.7', '$434binary_subscr.12']
2026-06-28 01:19:39 [DEBUG] numba.core.byteflow:349 — dispatch pc=442, inst=BINARY_OP(arg=13, lineno=41)
2026-06-28 01:19:39 [DEBUG] numba.core.byteflow:350 — stack ['$phi410.0', '$s412.2', '$binop_mul438.13']
2026-06-28 01:19:39 [DEBUG] numba.core.byteflow:349 — dispatch pc=446, inst=STORE_FAST(arg=5, lineno=41)
2026-06-28 01:19:39 [DEBUG] numba.core.byteflow:350 — stack ['$phi410.0', '$binop_iadd442.14']
2026-06-28 01:19:39 [DEBUG] numba.core.byteflow:349 — dispatch pc=448, inst=JUMP_BACKWARD(arg=22, lineno=41)
2026-06-28 01:19:39 [DEBUG] numba.core.byteflow:350 — stack ['$phi410.0']
2026-06-28 01:19:39 [DEBUG] numba.core.byteflow:130 — end state. edges=[Edge(pc=406, stack=('$phi410.0',), blockstack=(), npush=0)]
2026-06-28 01:19:39 [DEBUG] numba.core.byteflow:108 — pending: deque([State(pc_initial=484 nstack_initial=1), State(pc_initial=406 nstack_initial=1)])
2026-06-28 01:19:39 [DEBUG] numba.core.byteflow:111 — stack: ['$phi484.0']
2026-06-28 01:19:39 [DEBUG] numba.core.byteflow:112 — state.pc_initial: State(pc_initial=484 nstack_initial=1)
2026-06-28 01:19:39 [DEBUG] numba.core.byteflow:349 — dispatch pc=484, inst=FOR_ITER(arg=95, lineno=44)
2026-06-28 01:19:39 [DEBUG] numba.core.byteflow:350 — stack ['$phi484.0']
2026-06-28 01:19:39 [DEBUG] numba.core.byteflow:130 — end state. edges=[Edge(pc=678, stack=('$phi484.0', '$484for_iter.2'), blockstack=(), npush=0), Edge(pc=488, stack=('$phi484.0', '$484for_iter.2'), blockstack=(), npush=0)]
2026-06-28 01:19:39 [DEBUG] numba.core.byteflow:108 — pending: deque([State(pc_initial=406 nstack_initial=1), State(pc_initial=678 nstack_initial=2), State(pc_initial=488 nstack_initial=2)])
2026-06-28 01:19:39 [DEBUG] numba.core.byteflow:108 — pending: deque([State(pc_initial=678 nstack_initial=2), State(pc_initial=488 nstack_initial=2)])
2026-06-28 01:19:39 [DEBUG] numba.core.byteflow:111 — stack: ['$phi678.0', '$phi678.1']
2026-06-28 01:19:39 [DEBUG] numba.core.byteflow:112 — state.pc_initial: State(pc_initial=678 nstack_initial=2)
2026-06-28 01:19:39 [DEBUG] numba.core.byteflow:349 — dispatch pc=678, inst=END_FOR(arg=None, lineno=44)
2026-06-28 01:19:39 [DEBUG] numba.core.byteflow:350 — stack ['$phi678.0', '$phi678.1']
2026-06-28 01:19:39 [DEBUG] numba.core.byteflow:349 — dispatch pc=680, inst=LOAD_CONST(arg=5, lineno=53)
2026-06-28 01:19:39 [DEBUG] numba.core.byteflow:350 — stack []
2026-06-28 01:19:39 [DEBUG] numba.core.byteflow:349 — dispatch pc=682, inst=LOAD_FAST(arg=1, lineno=53)
2026-06-28 01:19:39 [DEBUG] numba.core.byteflow:350 — stack ['$const680.2.5']
2026-06-28 01:19:39 [DEBUG] numba.core.byteflow:349 — dispatch pc=684, inst=LOAD_FAST(arg=3, lineno=53)
2026-06-28 01:19:39 [DEBUG] numba.core.byteflow:350 — stack ['$const680.2.5', '$gsc682.3']
2026-06-28 01:19:39 [DEBUG] numba.core.byteflow:349 — dispatch pc=686, inst=LOAD_FAST(arg=3, lineno=53)
2026-06-28 01:19:39 [DEBUG] numba.core.byteflow:350 — stack ['$const680.2.5', '$gsc682.3', '$stage684.4']
2026-06-28 01:19:39 [DEBUG] numba.core.byteflow:349 — dispatch pc=688, inst=BUILD_TUPLE(arg=2, lineno=53)
2026-06-28 01:19:39 [DEBUG] numba.core.byteflow:350 — stack ['$const680.2.5', '$gsc682.3', '$stage684.4', '$stage686.5']
2026-06-28 01:19:39 [DEBUG] numba.core.byteflow:349 — dispatch pc=690, inst=STORE_SUBSCR(arg=None, lineno=53)
2026-06-28 01:19:39 [DEBUG] numba.core.byteflow:350 — stack ['$const680.2.5', '$gsc682.3', '$688build_tuple.6']
2026-06-28 01:19:39 [DEBUG] numba.core.byteflow:349 — dispatch pc=694, inst=RETURN_CONST(arg=4, lineno=53)
2026-06-28 01:19:39 [DEBUG] numba.core.byteflow:350 — stack []
2026-06-28 01:19:39 [DEBUG] numba.core.byteflow:130 — end state. edges=[]
2026-06-28 01:19:39 [DEBUG] numba.core.byteflow:108 — pending: deque([State(pc_initial=488 nstack_initial=2)])
2026-06-28 01:19:39 [DEBUG] numba.core.byteflow:111 — stack: ['$phi488.0', '$phi488.1']
2026-06-28 01:19:39 [DEBUG] numba.core.byteflow:112 — state.pc_initial: State(pc_initial=488 nstack_initial=2)
2026-06-28 01:19:39 [DEBUG] numba.core.byteflow:349 — dispatch pc=488, inst=STORE_FAST(arg=8, lineno=44)
2026-06-28 01:19:39 [DEBUG] numba.core.byteflow:350 — stack ['$phi488.0', '$phi488.1']
2026-06-28 01:19:39 [DEBUG] numba.core.byteflow:349 — dispatch pc=490, inst=LOAD_CONST(arg=3, lineno=46)
2026-06-28 01:19:39 [DEBUG] numba.core.byteflow:350 — stack ['$phi488.0']
2026-06-28 01:19:39 [DEBUG] numba.core.byteflow:349 — dispatch pc=492, inst=STORE_FAST(arg=9, lineno=46)
2026-06-28 01:19:39 [DEBUG] numba.core.byteflow:350 — stack ['$phi488.0', '$const490.2.3']
2026-06-28 01:19:39 [DEBUG] numba.core.byteflow:349 — dispatch pc=494, inst=LOAD_GLOBAL(arg=3, lineno=47)
2026-06-28 01:19:39 [DEBUG] numba.core.byteflow:350 — stack ['$phi488.0']
2026-06-28 01:19:39 [DEBUG] numba.core.byteflow:349 — dispatch pc=504, inst=LOAD_FAST(arg=8, lineno=47)
2026-06-28 01:19:39 [DEBUG] numba.core.byteflow:350 — stack ['$phi488.0', '$null$494.4', '$494load_global.3']
2026-06-28 01:19:39 [DEBUG] numba.core.byteflow:349 — dispatch pc=506, inst=CALL(arg=1, lineno=47)
2026-06-28 01:19:39 [DEBUG] numba.core.byteflow:350 — stack ['$phi488.0', '$null$494.4', '$494load_global.3', '$j504.5']
2026-06-28 01:19:39 [DEBUG] numba.core.byteflow:349 — dispatch pc=514, inst=GET_ITER(arg=None, lineno=47)
2026-06-28 01:19:39 [DEBUG] numba.core.byteflow:350 — stack ['$phi488.0', '$506call.6']
2026-06-28 01:19:39 [DEBUG] numba.core.byteflow:130 — end state. edges=[Edge(pc=516, stack=('$phi488.0', '$514get_iter.7'), blockstack=(), npush=0)]
2026-06-28 01:19:39 [DEBUG] numba.core.byteflow:108 — pending: deque([State(pc_initial=516 nstack_initial=2)])
2026-06-28 01:19:39 [DEBUG] numba.core.byteflow:111 — stack: ['$phi516.0', '$phi516.1']
2026-06-28 01:19:39 [DEBUG] numba.core.byteflow:112 — state.pc_initial: State(pc_initial=516 nstack_initial=2)
2026-06-28 01:19:39 [DEBUG] numba.core.byteflow:349 — dispatch pc=516, inst=FOR_ITER(arg=26, lineno=47)
2026-06-28 01:19:39 [DEBUG] numba.core.byteflow:350 — stack ['$phi516.0', '$phi516.1']
2026-06-28 01:19:39 [DEBUG] numba.core.byteflow:130 — end state. edges=[Edge(pc=572, stack=('$phi516.0', '$phi516.1', '$516for_iter.3'), blockstack=(), npush=0), Edge(pc=520, stack=('$phi516.0', '$phi516.1', '$516for_iter.3'), blockstack=(), npush=0)]
2026-06-28 01:19:39 [DEBUG] numba.core.byteflow:108 — pending: deque([State(pc_initial=572 nstack_initial=3), State(pc_initial=520 nstack_initial=3)])
2026-06-28 01:19:39 [DEBUG] numba.core.byteflow:111 — stack: ['$phi572.0', '$phi572.1', '$phi572.2']
2026-06-28 01:19:39 [DEBUG] numba.core.byteflow:112 — state.pc_initial: State(pc_initial=572 nstack_initial=3)
2026-06-28 01:19:39 [DEBUG] numba.core.byteflow:349 — dispatch pc=572, inst=END_FOR(arg=None, lineno=47)
2026-06-28 01:19:39 [DEBUG] numba.core.byteflow:350 — stack ['$phi572.0', '$phi572.1', '$phi572.2']
2026-06-28 01:19:39 [DEBUG] numba.core.byteflow:349 — dispatch pc=574, inst=LOAD_FAST(arg=7, lineno=50)
2026-06-28 01:19:39 [DEBUG] numba.core.byteflow:350 — stack ['$phi572.0']
2026-06-28 01:19:39 [DEBUG] numba.core.byteflow:349 — dispatch pc=576, inst=LOAD_FAST(arg=8, lineno=50)
2026-06-28 01:19:39 [DEBUG] numba.core.byteflow:350 — stack ['$phi572.0', '$dots574.3']
2026-06-28 01:19:39 [DEBUG] numba.core.byteflow:349 — dispatch pc=578, inst=BINARY_SUBSCR(arg=None, lineno=50)
2026-06-28 01:19:39 [DEBUG] numba.core.byteflow:350 — stack ['$phi572.0', '$dots574.3', '$j576.4']
2026-06-28 01:19:39 [DEBUG] numba.core.byteflow:349 — dispatch pc=582, inst=LOAD_FAST(arg=9, lineno=50)
2026-06-28 01:19:39 [DEBUG] numba.core.byteflow:350 — stack ['$phi572.0', '$578binary_subscr.5']
2026-06-28 01:19:39 [DEBUG] numba.core.byteflow:349 — dispatch pc=584, inst=BINARY_OP(arg=10, lineno=50)
2026-06-28 01:19:39 [DEBUG] numba.core.byteflow:350 — stack ['$phi572.0', '$578binary_subscr.5', '$ct582.6']
2026-06-28 01:19:39 [DEBUG] numba.core.byteflow:349 — dispatch pc=588, inst=LOAD_FAST(arg=2, lineno=50)
2026-06-28 01:19:39 [DEBUG] numba.core.byteflow:350 — stack ['$phi572.0', '$binop_sub584.7']
2026-06-28 01:19:39 [DEBUG] numba.core.byteflow:349 — dispatch pc=590, inst=LOAD_FAST(arg=8, lineno=50)
2026-06-28 01:19:39 [DEBUG] numba.core.byteflow:350 — stack ['$phi572.0', '$binop_sub584.7', '$gs588.8']
2026-06-28 01:19:39 [DEBUG] numba.core.byteflow:349 — dispatch pc=592, inst=BINARY_SUBSCR(arg=None, lineno=50)
2026-06-28 01:19:39 [DEBUG] numba.core.byteflow:350 — stack ['$phi572.0', '$binop_sub584.7', '$gs588.8', '$j590.9']
2026-06-28 01:19:39 [DEBUG] numba.core.byteflow:349 — dispatch pc=596, inst=BINARY_OP(arg=11, lineno=50)
2026-06-28 01:19:39 [DEBUG] numba.core.byteflow:350 — stack ['$phi572.0', '$binop_sub584.7', '$592binary_subscr.10']
2026-06-28 01:19:39 [DEBUG] numba.core.byteflow:349 — dispatch pc=600, inst=LOAD_FAST(arg=1, lineno=50)
2026-06-28 01:19:39 [DEBUG] numba.core.byteflow:350 — stack ['$phi572.0', '$binop_truediv596.11']
2026-06-28 01:19:39 [DEBUG] numba.core.byteflow:349 — dispatch pc=602, inst=LOAD_FAST(arg=8, lineno=50)
2026-06-28 01:19:39 [DEBUG] numba.core.byteflow:350 — stack ['$phi572.0', '$binop_truediv596.11', '$gsc600.12']
2026-06-28 01:19:39 [DEBUG] numba.core.byteflow:349 — dispatch pc=604, inst=LOAD_FAST(arg=3, lineno=50)
2026-06-28 01:19:39 [DEBUG] numba.core.byteflow:350 — stack ['$phi572.0', '$binop_truediv596.11', '$gsc600.12', '$j602.13']
2026-06-28 01:19:39 [DEBUG] numba.core.byteflow:349 — dispatch pc=606, inst=BUILD_TUPLE(arg=2, lineno=50)
2026-06-28 01:19:39 [DEBUG] numba.core.byteflow:350 — stack ['$phi572.0', '$binop_truediv596.11', '$gsc600.12', '$j602.13', '$stage604.14']
2026-06-28 01:19:39 [DEBUG] numba.core.byteflow:349 — dispatch pc=608, inst=STORE_SUBSCR(arg=None, lineno=50)
2026-06-28 01:19:39 [DEBUG] numba.core.byteflow:350 — stack ['$phi572.0', '$binop_truediv596.11', '$gsc600.12', '$606build_tuple.15']
2026-06-28 01:19:39 [DEBUG] numba.core.byteflow:349 — dispatch pc=612, inst=LOAD_FAST(arg=2, lineno=51)
2026-06-28 01:19:39 [DEBUG] numba.core.byteflow:350 — stack ['$phi572.0']
2026-06-28 01:19:39 [DEBUG] numba.core.byteflow:349 — dispatch pc=614, inst=LOAD_FAST(arg=3, lineno=51)
2026-06-28 01:19:39 [DEBUG] numba.core.byteflow:350 — stack ['$phi572.0', '$gs612.16']
2026-06-28 01:19:39 [DEBUG] numba.core.byteflow:349 — dispatch pc=616, inst=COPY(arg=2, lineno=51)
2026-06-28 01:19:39 [DEBUG] numba.core.byteflow:350 — stack ['$phi572.0', '$gs612.16', '$stage614.17']
2026-06-28 01:19:39 [DEBUG] numba.core.byteflow:349 — dispatch pc=618, inst=COPY(arg=2, lineno=51)
2026-06-28 01:19:39 [DEBUG] numba.core.byteflow:350 — stack ['$phi572.0', '$gs612.16', '$stage614.17', '$gs612.16']
2026-06-28 01:19:39 [DEBUG] numba.core.byteflow:349 — dispatch pc=620, inst=BINARY_SUBSCR(arg=None, lineno=51)
2026-06-28 01:19:39 [DEBUG] numba.core.byteflow:350 — stack ['$phi572.0', '$gs612.16', '$stage614.17', '$gs612.16', '$stage614.17']
2026-06-28 01:19:39 [DEBUG] numba.core.byteflow:349 — dispatch pc=624, inst=LOAD_FAST(arg=1, lineno=51)
2026-06-28 01:19:39 [DEBUG] numba.core.byteflow:350 — stack ['$phi572.0', '$gs612.16', '$stage614.17', '$620binary_subscr.18']
2026-06-28 01:19:39 [DEBUG] numba.core.byteflow:349 — dispatch pc=626, inst=LOAD_FAST(arg=8, lineno=51)
2026-06-28 01:19:39 [DEBUG] numba.core.byteflow:350 — stack ['$phi572.0', '$gs612.16', '$stage614.17', '$620binary_subscr.18', '$gsc624.19']
2026-06-28 01:19:39 [DEBUG] numba.core.byteflow:349 — dispatch pc=628, inst=LOAD_FAST(arg=3, lineno=51)
2026-06-28 01:19:39 [DEBUG] numba.core.byteflow:350 — stack ['$phi572.0', '$gs612.16', '$stage614.17', '$620binary_subscr.18', '$gsc624.19', '$j626.20']
2026-06-28 01:19:39 [DEBUG] numba.core.byteflow:349 — dispatch pc=630, inst=BUILD_TUPLE(arg=2, lineno=51)
2026-06-28 01:19:39 [DEBUG] numba.core.byteflow:350 — stack ['$phi572.0', '$gs612.16', '$stage614.17', '$620binary_subscr.18', '$gsc624.19', '$j626.20', '$stage628.21']
2026-06-28 01:19:39 [DEBUG] numba.core.byteflow:349 — dispatch pc=632, inst=BINARY_SUBSCR(arg=None, lineno=51)
2026-06-28 01:19:39 [DEBUG] numba.core.byteflow:350 — stack ['$phi572.0', '$gs612.16', '$stage614.17', '$620binary_subscr.18', '$gsc624.19', '$630build_tuple.22']
2026-06-28 01:19:39 [DEBUG] numba.core.byteflow:349 — dispatch pc=636, inst=LOAD_FAST(arg=1, lineno=51)
2026-06-28 01:19:39 [DEBUG] numba.core.byteflow:350 — stack ['$phi572.0', '$gs612.16', '$stage614.17', '$620binary_subscr.18', '$632binary_subscr.23']
2026-06-28 01:19:39 [DEBUG] numba.core.byteflow:349 — dispatch pc=638, inst=LOAD_FAST(arg=8, lineno=51)
2026-06-28 01:19:39 [DEBUG] numba.core.byteflow:350 — stack ['$phi572.0', '$gs612.16', '$stage614.17', '$620binary_subscr.18', '$632binary_subscr.23', '$gsc636.24']
2026-06-28 01:19:39 [DEBUG] numba.core.byteflow:349 — dispatch pc=640, inst=LOAD_FAST(arg=3, lineno=51)
2026-06-28 01:19:39 [DEBUG] numba.core.byteflow:350 — stack ['$phi572.0', '$gs612.16', '$stage614.17', '$620binary_subscr.18', '$632binary_subscr.23', '$gsc636.24', '$j638.25']
2026-06-28 01:19:39 [DEBUG] numba.core.byteflow:349 — dispatch pc=642, inst=BUILD_TUPLE(arg=2, lineno=51)
2026-06-28 01:19:39 [DEBUG] numba.core.byteflow:350 — stack ['$phi572.0', '$gs612.16', '$stage614.17', '$620binary_subscr.18', '$632binary_subscr.23', '$gsc636.24', '$j638.25', '$stage640.26']
2026-06-28 01:19:39 [DEBUG] numba.core.byteflow:349 — dispatch pc=644, inst=BINARY_SUBSCR(arg=None, lineno=51)
2026-06-28 01:19:39 [DEBUG] numba.core.byteflow:350 — stack ['$phi572.0', '$gs612.16', '$stage614.17', '$620binary_subscr.18', '$632binary_subscr.23', '$gsc636.24', '$642build_tuple.27']
2026-06-28 01:19:39 [DEBUG] numba.core.byteflow:349 — dispatch pc=648, inst=BINARY_OP(arg=5, lineno=51)
2026-06-28 01:19:39 [DEBUG] numba.core.byteflow:350 — stack ['$phi572.0', '$gs612.16', '$stage614.17', '$620binary_subscr.18', '$632binary_subscr.23', '$644binary_subscr.28']
2026-06-28 01:19:39 [DEBUG] numba.core.byteflow:349 — dispatch pc=652, inst=LOAD_FAST(arg=2, lineno=51)
2026-06-28 01:19:39 [DEBUG] numba.core.byteflow:350 — stack ['$phi572.0', '$gs612.16', '$stage614.17', '$620binary_subscr.18', '$binop_mul648.29']
2026-06-28 01:19:39 [DEBUG] numba.core.byteflow:349 — dispatch pc=654, inst=LOAD_FAST(arg=8, lineno=51)
2026-06-28 01:19:39 [DEBUG] numba.core.byteflow:350 — stack ['$phi572.0', '$gs612.16', '$stage614.17', '$620binary_subscr.18', '$binop_mul648.29', '$gs652.30']
2026-06-28 01:19:39 [DEBUG] numba.core.byteflow:349 — dispatch pc=656, inst=BINARY_SUBSCR(arg=None, lineno=51)
2026-06-28 01:19:39 [DEBUG] numba.core.byteflow:350 — stack ['$phi572.0', '$gs612.16', '$stage614.17', '$620binary_subscr.18', '$binop_mul648.29', '$gs652.30', '$j654.31']
2026-06-28 01:19:39 [DEBUG] numba.core.byteflow:349 — dispatch pc=660, inst=BINARY_OP(arg=5, lineno=51)
2026-06-28 01:19:39 [DEBUG] numba.core.byteflow:350 — stack ['$phi572.0', '$gs612.16', '$stage614.17', '$620binary_subscr.18', '$binop_mul648.29', '$656binary_subscr.32']
2026-06-28 01:19:39 [DEBUG] numba.core.byteflow:349 — dispatch pc=664, inst=BINARY_OP(arg=23, lineno=51)
2026-06-28 01:19:39 [DEBUG] numba.core.byteflow:350 — stack ['$phi572.0', '$gs612.16', '$stage614.17', '$620binary_subscr.18', '$binop_mul660.33']
2026-06-28 01:19:39 [DEBUG] numba.core.byteflow:349 — dispatch pc=668, inst=SWAP(arg=3, lineno=51)
2026-06-28 01:19:39 [DEBUG] numba.core.byteflow:350 — stack ['$phi572.0', '$gs612.16', '$stage614.17', '$binop_isub664.34']
2026-06-28 01:19:39 [DEBUG] numba.core.byteflow:349 — dispatch pc=670, inst=SWAP(arg=2, lineno=51)
2026-06-28 01:19:39 [DEBUG] numba.core.byteflow:350 — stack ['$phi572.0', '$binop_isub664.34', '$stage614.17', '$gs612.16']
2026-06-28 01:19:39 [DEBUG] numba.core.byteflow:349 — dispatch pc=672, inst=STORE_SUBSCR(arg=None, lineno=51)
2026-06-28 01:19:39 [DEBUG] numba.core.byteflow:350 — stack ['$phi572.0', '$binop_isub664.34', '$gs612.16', '$stage614.17']
2026-06-28 01:19:39 [DEBUG] numba.core.byteflow:349 — dispatch pc=676, inst=JUMP_BACKWARD(arg=97, lineno=51)
2026-06-28 01:19:39 [DEBUG] numba.core.byteflow:350 — stack ['$phi572.0']
2026-06-28 01:19:39 [DEBUG] numba.core.byteflow:130 — end state. edges=[Edge(pc=484, stack=('$phi572.0',), blockstack=(), npush=0)]
2026-06-28 01:19:39 [DEBUG] numba.core.byteflow:108 — pending: deque([State(pc_initial=520 nstack_initial=3), State(pc_initial=484 nstack_initial=1)])
2026-06-28 01:19:39 [DEBUG] numba.core.byteflow:111 — stack: ['$phi520.0', '$phi520.1', '$phi520.2']
2026-06-28 01:19:39 [DEBUG] numba.core.byteflow:112 — state.pc_initial: State(pc_initial=520 nstack_initial=3)
2026-06-28 01:19:39 [DEBUG] numba.core.byteflow:349 — dispatch pc=520, inst=STORE_FAST(arg=10, lineno=47)
2026-06-28 01:19:39 [DEBUG] numba.core.byteflow:350 — stack ['$phi520.0', '$phi520.1', '$phi520.2']
2026-06-28 01:19:39 [DEBUG] numba.core.byteflow:349 — dispatch pc=522, inst=LOAD_FAST(arg=9, lineno=48)
2026-06-28 01:19:39 [DEBUG] numba.core.byteflow:350 — stack ['$phi520.0', '$phi520.1']
2026-06-28 01:19:39 [DEBUG] numba.core.byteflow:349 — dispatch pc=524, inst=LOAD_FAST(arg=1, lineno=48)
2026-06-28 01:19:39 [DEBUG] numba.core.byteflow:350 — stack ['$phi520.0', '$phi520.1', '$ct522.3']
2026-06-28 01:19:39 [DEBUG] numba.core.byteflow:349 — dispatch pc=526, inst=LOAD_FAST(arg=10, lineno=48)
2026-06-28 01:19:39 [DEBUG] numba.core.byteflow:350 — stack ['$phi520.0', '$phi520.1', '$ct522.3', '$gsc524.4']
2026-06-28 01:19:39 [DEBUG] numba.core.byteflow:349 — dispatch pc=528, inst=LOAD_FAST(arg=8, lineno=48)
2026-06-28 01:19:39 [DEBUG] numba.core.byteflow:350 — stack ['$phi520.0', '$phi520.1', '$ct522.3', '$gsc524.4', '$i526.5']
2026-06-28 01:19:39 [DEBUG] numba.core.byteflow:349 — dispatch pc=530, inst=BUILD_TUPLE(arg=2, lineno=48)
2026-06-28 01:19:39 [DEBUG] numba.core.byteflow:350 — stack ['$phi520.0', '$phi520.1', '$ct522.3', '$gsc524.4', '$i526.5', '$j528.6']
2026-06-28 01:19:39 [DEBUG] numba.core.byteflow:349 — dispatch pc=532, inst=BINARY_SUBSCR(arg=None, lineno=48)
2026-06-28 01:19:39 [DEBUG] numba.core.byteflow:350 — stack ['$phi520.0', '$phi520.1', '$ct522.3', '$gsc524.4', '$530build_tuple.7']
2026-06-28 01:19:39 [DEBUG] numba.core.byteflow:349 — dispatch pc=536, inst=LOAD_FAST(arg=1, lineno=48)
2026-06-28 01:19:39 [DEBUG] numba.core.byteflow:350 — stack ['$phi520.0', '$phi520.1', '$ct522.3', '$532binary_subscr.8']
2026-06-28 01:19:39 [DEBUG] numba.core.byteflow:349 — dispatch pc=538, inst=LOAD_FAST(arg=10, lineno=48)
2026-06-28 01:19:39 [DEBUG] numba.core.byteflow:350 — stack ['$phi520.0', '$phi520.1', '$ct522.3', '$532binary_subscr.8', '$gsc536.9']
2026-06-28 01:19:39 [DEBUG] numba.core.byteflow:349 — dispatch pc=540, inst=LOAD_FAST(arg=3, lineno=48)
2026-06-28 01:19:39 [DEBUG] numba.core.byteflow:350 — stack ['$phi520.0', '$phi520.1', '$ct522.3', '$532binary_subscr.8', '$gsc536.9', '$i538.10']
2026-06-28 01:19:39 [DEBUG] numba.core.byteflow:349 — dispatch pc=542, inst=BUILD_TUPLE(arg=2, lineno=48)
2026-06-28 01:19:39 [DEBUG] numba.core.byteflow:350 — stack ['$phi520.0', '$phi520.1', '$ct522.3', '$532binary_subscr.8', '$gsc536.9', '$i538.10', '$stage540.11']
2026-06-28 01:19:39 [DEBUG] numba.core.byteflow:349 — dispatch pc=544, inst=BINARY_SUBSCR(arg=None, lineno=48)
2026-06-28 01:19:39 [DEBUG] numba.core.byteflow:350 — stack ['$phi520.0', '$phi520.1', '$ct522.3', '$532binary_subscr.8', '$gsc536.9', '$542build_tuple.12']
2026-06-28 01:19:39 [DEBUG] numba.core.byteflow:349 — dispatch pc=548, inst=BINARY_OP(arg=5, lineno=48)
2026-06-28 01:19:39 [DEBUG] numba.core.byteflow:350 — stack ['$phi520.0', '$phi520.1', '$ct522.3', '$532binary_subscr.8', '$544binary_subscr.13']
2026-06-28 01:19:39 [DEBUG] numba.core.byteflow:349 — dispatch pc=552, inst=LOAD_FAST(arg=2, lineno=48)
2026-06-28 01:19:39 [DEBUG] numba.core.byteflow:350 — stack ['$phi520.0', '$phi520.1', '$ct522.3', '$binop_mul548.14']
2026-06-28 01:19:39 [DEBUG] numba.core.byteflow:349 — dispatch pc=554, inst=LOAD_FAST(arg=10, lineno=48)
2026-06-28 01:19:39 [DEBUG] numba.core.byteflow:350 — stack ['$phi520.0', '$phi520.1', '$ct522.3', '$binop_mul548.14', '$gs552.15']
2026-06-28 01:19:39 [DEBUG] numba.core.byteflow:349 — dispatch pc=556, inst=BINARY_SUBSCR(arg=None, lineno=48)
2026-06-28 01:19:39 [DEBUG] numba.core.byteflow:350 — stack ['$phi520.0', '$phi520.1', '$ct522.3', '$binop_mul548.14', '$gs552.15', '$i554.16']
2026-06-28 01:19:39 [DEBUG] numba.core.byteflow:349 — dispatch pc=560, inst=BINARY_OP(arg=5, lineno=48)
2026-06-28 01:19:39 [DEBUG] numba.core.byteflow:350 — stack ['$phi520.0', '$phi520.1', '$ct522.3', '$binop_mul548.14', '$556binary_subscr.17']
2026-06-28 01:19:39 [DEBUG] numba.core.byteflow:349 — dispatch pc=564, inst=BINARY_OP(arg=13, lineno=48)
2026-06-28 01:19:39 [DEBUG] numba.core.byteflow:350 — stack ['$phi520.0', '$phi520.1', '$ct522.3', '$binop_mul560.18']
2026-06-28 01:19:39 [DEBUG] numba.core.byteflow:349 — dispatch pc=568, inst=STORE_FAST(arg=9, lineno=48)
2026-06-28 01:19:39 [DEBUG] numba.core.byteflow:350 — stack ['$phi520.0', '$phi520.1', '$binop_iadd564.19']
2026-06-28 01:19:39 [DEBUG] numba.core.byteflow:349 — dispatch pc=570, inst=JUMP_BACKWARD(arg=28, lineno=48)
2026-06-28 01:19:39 [DEBUG] numba.core.byteflow:350 — stack ['$phi520.0', '$phi520.1']
2026-06-28 01:19:39 [DEBUG] numba.core.byteflow:130 — end state. edges=[Edge(pc=516, stack=('$phi520.0', '$phi520.1'), blockstack=(), npush=0)]
2026-06-28 01:19:39 [DEBUG] numba.core.byteflow:108 — pending: deque([State(pc_initial=484 nstack_initial=1), State(pc_initial=516 nstack_initial=2)])
2026-06-28 01:19:39 [DEBUG] numba.core.byteflow:108 — pending: deque([State(pc_initial=516 nstack_initial=2)])
2026-06-28 01:19:39 [DEBUG] numba.core.byteflow:211 — -------------------------Prune PHIs-------------------------
2026-06-28 01:19:39 [DEBUG] numba.core.byteflow:280 — Used_phis: defaultdict(<class 'set'>,
            {State(pc_initial=0 nstack_initial=0): set(),
             State(pc_initial=44 nstack_initial=0): set(),
             State(pc_initial=70 nstack_initial=1): {'$phi70.0'},
             State(pc_initial=74 nstack_initial=2): {'$phi74.1'},
             State(pc_initial=114 nstack_initial=2): set(),
             State(pc_initial=126 nstack_initial=0): set(),
             State(pc_initial=190 nstack_initial=1): {'$phi190.0'},
             State(pc_initial=194 nstack_initial=2): {'$phi194.1'},
             State(pc_initial=222 nstack_initial=2): {'$phi222.1'},
             State(pc_initial=226 nstack_initial=3): {'$phi226.2'},
             State(pc_initial=266 nstack_initial=3): set(),
             State(pc_initial=280 nstack_initial=2): set(),
             State(pc_initial=292 nstack_initial=0): set(),
             State(pc_initial=302 nstack_initial=0): set(),
             State(pc_initial=372 nstack_initial=1): {'$phi372.0'},
             State(pc_initial=406 nstack_initial=1): {'$phi406.0'},
             State(pc_initial=410 nstack_initial=2): {'$phi410.1'},
             State(pc_initial=450 nstack_initial=2): set(),
             State(pc_initial=484 nstack_initial=1): {'$phi484.0'},
             State(pc_initial=488 nstack_initial=2): {'$phi488.1'},
             State(pc_initial=516 nstack_initial=2): {'$phi516.1'},
             State(pc_initial=520 nstack_initial=3): {'$phi520.2'},
             State(pc_initial=572 nstack_initial=3): set(),
             State(pc_initial=678 nstack_initial=2): set()})
2026-06-28 01:19:39 [DEBUG] numba.core.byteflow:237 — defmap: {'$phi114.1': State(pc_initial=70 nstack_initial=1),
 '$phi190.0': State(pc_initial=126 nstack_initial=0),
 '$phi194.1': State(pc_initial=190 nstack_initial=1),
 '$phi222.1': State(pc_initial=194 nstack_initial=2),
 '$phi226.2': State(pc_initial=222 nstack_initial=2),
 '$phi266.2': State(pc_initial=222 nstack_initial=2),
 '$phi280.1': State(pc_initial=190 nstack_initial=1),
 '$phi372.0': State(pc_initial=302 nstack_initial=0),
 '$phi406.0': State(pc_initial=372 nstack_initial=1),
 '$phi410.1': State(pc_initial=406 nstack_initial=1),
 '$phi450.1': State(pc_initial=406 nstack_initial=1),
 '$phi484.0': State(pc_initial=450 nstack_initial=2),
 '$phi488.1': State(pc_initial=484 nstack_initial=1),
 '$phi516.1': State(pc_initial=488 nstack_initial=2),
 '$phi520.2': State(pc_initial=516 nstack_initial=2),
 '$phi572.2': State(pc_initial=516 nstack_initial=2),
 '$phi678.1': State(pc_initial=484 nstack_initial=1),
 '$phi70.0': State(pc_initial=44 nstack_initial=0),
 '$phi74.1': State(pc_initial=70 nstack_initial=1)}
2026-06-28 01:19:39 [DEBUG] numba.core.byteflow:238 — phismap: defaultdict(<class 'set'>,
            {'$phi114.0': {('$phi70.0', State(pc_initial=70 nstack_initial=1))},
             '$phi114.1': {('$70for_iter.2',
                            State(pc_initial=70 nstack_initial=1))},
             '$phi190.0': {('$188get_iter.9',
                            State(pc_initial=126 nstack_initial=0)),
                           ('$phi266.0',
                            State(pc_initial=266 nstack_initial=3))},
             '$phi194.0': {('$phi190.0',
                            State(pc_initial=190 nstack_initial=1))},
             '$phi194.1': {('$190for_iter.2',
                            State(pc_initial=190 nstack_initial=1))},
             '$phi222.0': {('$phi194.0',
                            State(pc_initial=194 nstack_initial=2)),
                           ('$phi226.0',
                            State(pc_initial=226 nstack_initial=3))},
             '$phi222.1': {('$220get_iter.7',
                            State(pc_initial=194 nstack_initial=2)),
                           ('$phi226.1',
                            State(pc_initial=226 nstack_initial=3))},
             '$phi226.0': {('$phi222.0',
                            State(pc_initial=222 nstack_initial=2))},
             '$phi226.1': {('$phi222.1',
                            State(pc_initial=222 nstack_initial=2))},
             '$phi226.2': {('$222for_iter.3',
                            State(pc_initial=222 nstack_initial=2))},
             '$phi266.0': {('$phi222.0',
                            State(pc_initial=222 nstack_initial=2))},
             '$phi266.1': {('$phi222.1',
                            State(pc_initial=222 nstack_initial=2))},
             '$phi266.2': {('$222for_iter.3',
                            State(pc_initial=222 nstack_initial=2))},
             '$phi280.0': {('$phi190.0',
                            State(pc_initial=190 nstack_initial=1))},
             '$phi280.1': {('$190for_iter.2',
                            State(pc_initial=190 nstack_initial=1))},
             '$phi372.0': {('$296binary_subscr.2',
                            State(pc_initial=292 nstack_initial=0)),
                           ('$364call.19',
                            State(pc_initial=302 nstack_initial=0))},
             '$phi406.0': {('$404get_iter.8',
                            State(pc_initial=372 nstack_initial=1)),
                           ('$phi410.0',
                            State(pc_initial=410 nstack_initial=2))},
             '$phi410.0': {('$phi406.0',
                            State(pc_initial=406 nstack_initial=1))},
             '$phi410.1': {('$406for_iter.2',
                            State(pc_initial=406 nstack_initial=1))},
             '$phi450.0': {('$phi406.0',
                            State(pc_initial=406 nstack_initial=1))},
             '$phi450.1': {('$406for_iter.2',
                            State(pc_initial=406 nstack_initial=1))},
             '$phi484.0': {('$482get_iter.9',
                            State(pc_initial=450 nstack_initial=2)),
                           ('$phi572.0',
                            State(pc_initial=572 nstack_initial=3))},
             '$phi488.0': {('$phi484.0',
                            State(pc_initial=484 nstack_initial=1))},
             '$phi488.1': {('$484for_iter.2',
                            State(pc_initial=484 nstack_initial=1))},
             '$phi516.0': {('$phi488.0',
                            State(pc_initial=488 nstack_initial=2)),
                           ('$phi520.0',
                            State(pc_initial=520 nstack_initial=3))},
             '$phi516.1': {('$514get_iter.7',
                            State(pc_initial=488 nstack_initial=2)),
                           ('$phi520.1',
                            State(pc_initial=520 nstack_initial=3))},
             '$phi520.0': {('$phi516.0',
                            State(pc_initial=516 nstack_initial=2))},
             '$phi520.1': {('$phi516.1',
                            State(pc_initial=516 nstack_initial=2))},
             '$phi520.2': {('$516for_iter.3',
                            State(pc_initial=516 nstack_initial=2))},
             '$phi572.0': {('$phi516.0',
                            State(pc_initial=516 nstack_initial=2))},
             '$phi572.1': {('$phi516.1',
                            State(pc_initial=516 nstack_initial=2))},
             '$phi572.2': {('$516for_iter.3',
                            State(pc_initial=516 nstack_initial=2))},
             '$phi678.0': {('$phi484.0',
                            State(pc_initial=484 nstack_initial=1))},
             '$phi678.1': {('$484for_iter.2',
                            State(pc_initial=484 nstack_initial=1))},
             '$phi70.0': {('$68get_iter.5',
                           State(pc_initial=44 nstack_initial=0)),
                          ('$phi74.0', State(pc_initial=74 nstack_initial=2))},
             '$phi74.0': {('$phi70.0', State(pc_initial=70 nstack_initial=1))},
             '$phi74.1': {('$70for_iter.2',
                           State(pc_initial=70 nstack_initial=1))}})
2026-06-28 01:19:39 [DEBUG] numba.core.byteflow:259 — changing phismap: defaultdict(<class 'set'>,
            {'$phi114.0': {('$68get_iter.5',
                            State(pc_initial=44 nstack_initial=0)),
                           ('$phi74.0', State(pc_initial=74 nstack_initial=2))},
             '$phi114.1': {('$70for_iter.2',
                            State(pc_initial=70 nstack_initial=1))},
             '$phi190.0': {('$188get_iter.9',
                            State(pc_initial=126 nstack_initial=0)),
                           ('$phi222.0',
                            State(pc_initial=222 nstack_initial=2))},
             '$phi194.0': {('$188get_iter.9',
                            State(pc_initial=126 nstack_initial=0)),
                           ('$phi222.0',
                            State(pc_initial=222 nstack_initial=2))},
             '$phi194.1': {('$190for_iter.2',
                            State(pc_initial=190 nstack_initial=1))},
             '$phi222.0': {('$188get_iter.9',
                            State(pc_initial=126 nstack_initial=0)),
                           ('$phi222.0',
                            State(pc_initial=222 nstack_initial=2))},
             '$phi222.1': {('$220get_iter.7',
                            State(pc_initial=194 nstack_initial=2)),
                           ('$phi222.1',
                            State(pc_initial=222 nstack_initial=2))},
             '$phi226.0': {('$188get_iter.9',
                            State(pc_initial=126 nstack_initial=0))},
             '$phi226.1': {('$220get_iter.7',
                            State(pc_initial=194 nstack_initial=2))},
             '$phi226.2': {('$222for_iter.3',
                            State(pc_initial=222 nstack_initial=2))},
             '$phi266.0': {('$188get_iter.9',
                            State(pc_initial=126 nstack_initial=0))},
             '$phi266.1': {('$220get_iter.7',
                            State(pc_initial=194 nstack_initial=2))},
             '$phi266.2': {('$222for_iter.3',
                            State(pc_initial=222 nstack_initial=2))},
             '$phi280.0': {('$188get_iter.9',
                            State(pc_initial=126 nstack_initial=0)),
                           ('$phi222.0',
                            State(pc_initial=222 nstack_initial=2))},
             '$phi280.1': {('$190for_iter.2',
                            State(pc_initial=190 nstack_initial=1))},
             '$phi372.0': {('$296binary_subscr.2',
                            State(pc_initial=292 nstack_initial=0)),
                           ('$364call.19',
                            State(pc_initial=302 nstack_initial=0))},
             '$phi406.0': {('$404get_iter.8',
                            State(pc_initial=372 nstack_initial=1)),
                           ('$phi406.0',
                            State(pc_initial=406 nstack_initial=1))},
             '$phi410.0': {('$404get_iter.8',
                            State(pc_initial=372 nstack_initial=1))},
             '$phi410.1': {('$406for_iter.2',
                            State(pc_initial=406 nstack_initial=1))},
             '$phi450.0': {('$404get_iter.8',
                            State(pc_initial=372 nstack_initial=1))},
             '$phi450.1': {('$406for_iter.2',
                            State(pc_initial=406 nstack_initial=1))},
             '$phi484.0': {('$482get_iter.9',
                            State(pc_initial=450 nstack_initial=2)),
                           ('$phi516.0',
                            State(pc_initial=516 nstack_initial=2))},
             '$phi488.0': {('$482get_iter.9',
                            State(pc_initial=450 nstack_initial=2)),
                           ('$phi516.0',
                            State(pc_initial=516 nstack_initial=2))},
             '$phi488.1': {('$484for_iter.2',
                            State(pc_initial=484 nstack_initial=1))},
             '$phi516.0': {('$482get_iter.9',
                            State(pc_initial=450 nstack_initial=2)),
                           ('$phi516.0',
                            State(pc_initial=516 nstack_initial=2))},
             '$phi516.1': {('$514get_iter.7',
                            State(pc_initial=488 nstack_initial=2)),
                           ('$phi516.1',
                            State(pc_initial=516 nstack_initial=2))},
             '$phi520.0': {('$482get_iter.9',
                            State(pc_initial=450 nstack_initial=2))},
             '$phi520.1': {('$514get_iter.7',
                            State(pc_initial=488 nstack_initial=2))},
             '$phi520.2': {('$516for_iter.3',
                            State(pc_initial=516 nstack_initial=2))},
             '$phi572.0': {('$482get_iter.9',
                            State(pc_initial=450 nstack_initial=2))},
             '$phi572.1': {('$514get_iter.7',
                            State(pc_initial=488 nstack_initial=2))},
             '$phi572.2': {('$516for_iter.3',
                            State(pc_initial=516 nstack_initial=2))},
             '$phi678.0': {('$482get_iter.9',
                            State(pc_initial=450 nstack_initial=2)),
                           ('$phi516.0',
                            State(pc_initial=516 nstack_initial=2))},
             '$phi678.1': {('$484for_iter.2',
                            State(pc_initial=484 nstack_initial=1))},
             '$phi70.0': {('$68get_iter.5',
                           State(pc_initial=44 nstack_initial=0)),
                          ('$phi70.0', State(pc_initial=70 nstack_initial=1))},
             '$phi74.0': {('$68get_iter.5',
                           State(pc_initial=44 nstack_initial=0))},
             '$phi74.1': {('$70for_iter.2',
                           State(pc_initial=70 nstack_initial=1))}})
2026-06-28 01:19:39 [DEBUG] numba.core.byteflow:259 — changing phismap: defaultdict(<class 'set'>,
            {'$phi114.0': {('$68get_iter.5',
                            State(pc_initial=44 nstack_initial=0))},
             '$phi114.1': {('$70for_iter.2',
                            State(pc_initial=70 nstack_initial=1))},
             '$phi190.0': {('$188get_iter.9',
                            State(pc_initial=126 nstack_initial=0))},
             '$phi194.0': {('$188get_iter.9',
                            State(pc_initial=126 nstack_initial=0))},
             '$phi194.1': {('$190for_iter.2',
                            State(pc_initial=190 nstack_initial=1))},
             '$phi222.0': {('$188get_iter.9',
                            State(pc_initial=126 nstack_initial=0))},
             '$phi222.1': {('$220get_iter.7',
                            State(pc_initial=194 nstack_initial=2))},
             '$phi226.0': {('$188get_iter.9',
                            State(pc_initial=126 nstack_initial=0))},
             '$phi226.1': {('$220get_iter.7',
                            State(pc_initial=194 nstack_initial=2))},
             '$phi226.2': {('$222for_iter.3',
                            State(pc_initial=222 nstack_initial=2))},
             '$phi266.0': {('$188get_iter.9',
                            State(pc_initial=126 nstack_initial=0))},
             '$phi266.1': {('$220get_iter.7',
                            State(pc_initial=194 nstack_initial=2))},
             '$phi266.2': {('$222for_iter.3',
                            State(pc_initial=222 nstack_initial=2))},
             '$phi280.0': {('$188get_iter.9',
                            State(pc_initial=126 nstack_initial=0))},
             '$phi280.1': {('$190for_iter.2',
                            State(pc_initial=190 nstack_initial=1))},
             '$phi372.0': {('$296binary_subscr.2',
                            State(pc_initial=292 nstack_initial=0)),
                           ('$364call.19',
                            State(pc_initial=302 nstack_initial=0))},
             '$phi406.0': {('$404get_iter.8',
                            State(pc_initial=372 nstack_initial=1))},
             '$phi410.0': {('$404get_iter.8',
                            State(pc_initial=372 nstack_initial=1))},
             '$phi410.1': {('$406for_iter.2',
                            State(pc_initial=406 nstack_initial=1))},
             '$phi450.0': {('$404get_iter.8',
                            State(pc_initial=372 nstack_initial=1))},
             '$phi450.1': {('$406for_iter.2',
                            State(pc_initial=406 nstack_initial=1))},
             '$phi484.0': {('$482get_iter.9',
                            State(pc_initial=450 nstack_initial=2))},
             '$phi488.0': {('$482get_iter.9',
                            State(pc_initial=450 nstack_initial=2))},
             '$phi488.1': {('$484for_iter.2',
                            State(pc_initial=484 nstack_initial=1))},
             '$phi516.0': {('$482get_iter.9',
                            State(pc_initial=450 nstack_initial=2))},
             '$phi516.1': {('$514get_iter.7',
                            State(pc_initial=488 nstack_initial=2))},
             '$phi520.0': {('$482get_iter.9',
                            State(pc_initial=450 nstack_initial=2))},
             '$phi520.1': {('$514get_iter.7',
                            State(pc_initial=488 nstack_initial=2))},
             '$phi520.2': {('$516for_iter.3',
                            State(pc_initial=516 nstack_initial=2))},
             '$phi572.0': {('$482get_iter.9',
                            State(pc_initial=450 nstack_initial=2))},
             '$phi572.1': {('$514get_iter.7',
                            State(pc_initial=488 nstack_initial=2))},
             '$phi572.2': {('$516for_iter.3',
                            State(pc_initial=516 nstack_initial=2))},
             '$phi678.0': {('$482get_iter.9',
                            State(pc_initial=450 nstack_initial=2))},
             '$phi678.1': {('$484for_iter.2',
                            State(pc_initial=484 nstack_initial=1))},
             '$phi70.0': {('$68get_iter.5',
                           State(pc_initial=44 nstack_initial=0))},
             '$phi74.0': {('$68get_iter.5',
                           State(pc_initial=44 nstack_initial=0))},
             '$phi74.1': {('$70for_iter.2',
                           State(pc_initial=70 nstack_initial=1))}})
2026-06-28 01:19:39 [DEBUG] numba.core.byteflow:259 — changing phismap: defaultdict(<class 'set'>,
            {'$phi114.0': {('$68get_iter.5',
                            State(pc_initial=44 nstack_initial=0))},
             '$phi114.1': {('$70for_iter.2',
                            State(pc_initial=70 nstack_initial=1))},
             '$phi190.0': {('$188get_iter.9',
                            State(pc_initial=126 nstack_initial=0))},
             '$phi194.0': {('$188get_iter.9',
                            State(pc_initial=126 nstack_initial=0))},
             '$phi194.1': {('$190for_iter.2',
                            State(pc_initial=190 nstack_initial=1))},
             '$phi222.0': {('$188get_iter.9',
                            State(pc_initial=126 nstack_initial=0))},
             '$phi222.1': {('$220get_iter.7',
                            State(pc_initial=194 nstack_initial=2))},
             '$phi226.0': {('$188get_iter.9',
                            State(pc_initial=126 nstack_initial=0))},
             '$phi226.1': {('$220get_iter.7',
                            State(pc_initial=194 nstack_initial=2))},
             '$phi226.2': {('$222for_iter.3',
                            State(pc_initial=222 nstack_initial=2))},
             '$phi266.0': {('$188get_iter.9',
                            State(pc_initial=126 nstack_initial=0))},
             '$phi266.1': {('$220get_iter.7',
                            State(pc_initial=194 nstack_initial=2))},
             '$phi266.2': {('$222for_iter.3',
                            State(pc_initial=222 nstack_initial=2))},
             '$phi280.0': {('$188get_iter.9',
                            State(pc_initial=126 nstack_initial=0))},
             '$phi280.1': {('$190for_iter.2',
                            State(pc_initial=190 nstack_initial=1))},
             '$phi372.0': {('$296binary_subscr.2',
                            State(pc_initial=292 nstack_initial=0)),
                           ('$364call.19',
                            State(pc_initial=302 nstack_initial=0))},
             '$phi406.0': {('$404get_iter.8',
                            State(pc_initial=372 nstack_initial=1))},
             '$phi410.0': {('$404get_iter.8',
                            State(pc_initial=372 nstack_initial=1))},
             '$phi410.1': {('$406for_iter.2',
                            State(pc_initial=406 nstack_initial=1))},
             '$phi450.0': {('$404get_iter.8',
                            State(pc_initial=372 nstack_initial=1))},
             '$phi450.1': {('$406for_iter.2',
                            State(pc_initial=406 nstack_initial=1))},
             '$phi484.0': {('$482get_iter.9',
                            State(pc_initial=450 nstack_initial=2))},
             '$phi488.0': {('$482get_iter.9',
                            State(pc_initial=450 nstack_initial=2))},
             '$phi488.1': {('$484for_iter.2',
                            State(pc_initial=484 nstack_initial=1))},
             '$phi516.0': {('$482get_iter.9',
                            State(pc_initial=450 nstack_initial=2))},
             '$phi516.1': {('$514get_iter.7',
                            State(pc_initial=488 nstack_initial=2))},
             '$phi520.0': {('$482get_iter.9',
                            State(pc_initial=450 nstack_initial=2))},
             '$phi520.1': {('$514get_iter.7',
                            State(pc_initial=488 nstack_initial=2))},
             '$phi520.2': {('$516for_iter.3',
                            State(pc_initial=516 nstack_initial=2))},
             '$phi572.0': {('$482get_iter.9',
                            State(pc_initial=450 nstack_initial=2))},
             '$phi572.1': {('$514get_iter.7',
                            State(pc_initial=488 nstack_initial=2))},
             '$phi572.2': {('$516for_iter.3',
                            State(pc_initial=516 nstack_initial=2))},
             '$phi678.0': {('$482get_iter.9',
                            State(pc_initial=450 nstack_initial=2))},
             '$phi678.1': {('$484for_iter.2',
                            State(pc_initial=484 nstack_initial=1))},
             '$phi70.0': {('$68get_iter.5',
                           State(pc_initial=44 nstack_initial=0))},
             '$phi74.0': {('$68get_iter.5',
                           State(pc_initial=44 nstack_initial=0))},
             '$phi74.1': {('$70for_iter.2',
                           State(pc_initial=70 nstack_initial=1))}})
2026-06-28 01:19:39 [DEBUG] numba.core.byteflow:268 — keep phismap: {'$phi190.0': {('$188get_iter.9', State(pc_initial=126 nstack_initial=0))},
 '$phi194.1': {('$190for_iter.2', State(pc_initial=190 nstack_initial=1))},
 '$phi222.1': {('$220get_iter.7', State(pc_initial=194 nstack_initial=2))},
 '$phi226.2': {('$222for_iter.3', State(pc_initial=222 nstack_initial=2))},
 '$phi372.0': {('$296binary_subscr.2', State(pc_initial=292 nstack_initial=0)),
               ('$364call.19', State(pc_initial=302 nstack_initial=0))},
 '$phi406.0': {('$404get_iter.8', State(pc_initial=372 nstack_initial=1))},
 '$phi410.1': {('$406for_iter.2', State(pc_initial=406 nstack_initial=1))},
 '$phi484.0': {('$482get_iter.9', State(pc_initial=450 nstack_initial=2))},
 '$phi488.1': {('$484for_iter.2', State(pc_initial=484 nstack_initial=1))},
 '$phi516.1': {('$514get_iter.7', State(pc_initial=488 nstack_initial=2))},
 '$phi520.2': {('$516for_iter.3', State(pc_initial=516 nstack_initial=2))},
 '$phi70.0': {('$68get_iter.5', State(pc_initial=44 nstack_initial=0))},
 '$phi74.1': {('$70for_iter.2', State(pc_initial=70 nstack_initial=1))}}
2026-06-28 01:19:39 [DEBUG] numba.core.byteflow:274 — new_out: defaultdict(<class 'dict'>,
            {State(pc_initial=44 nstack_initial=0): {'$phi70.0': '$68get_iter.5'},
             State(pc_initial=70 nstack_initial=1): {'$phi74.1': '$70for_iter.2'},
             State(pc_initial=126 nstack_initial=0): {'$phi190.0': '$188get_iter.9'},
             State(pc_initial=190 nstack_initial=1): {'$phi194.1': '$190for_iter.2'},
             State(pc_initial=194 nstack_initial=2): {'$phi222.1': '$220get_iter.7'},
             State(pc_initial=222 nstack_initial=2): {'$phi226.2': '$222for_iter.3'},
             State(pc_initial=292 nstack_initial=0): {'$phi372.0': '$296binary_subscr.2'},
             State(pc_initial=302 nstack_initial=0): {'$phi372.0': '$364call.19'},
             State(pc_initial=372 nstack_initial=1): {'$phi406.0': '$404get_iter.8'},
             State(pc_initial=406 nstack_initial=1): {'$phi410.1': '$406for_iter.2'},
             State(pc_initial=450 nstack_initial=2): {'$phi484.0': '$482get_iter.9'},
             State(pc_initial=484 nstack_initial=1): {'$phi488.1': '$484for_iter.2'},
             State(pc_initial=488 nstack_initial=2): {'$phi516.1': '$514get_iter.7'},
             State(pc_initial=516 nstack_initial=2): {'$phi520.2': '$516for_iter.3'}})
2026-06-28 01:19:39 [DEBUG] numba.core.byteflow:284 — ----------------------DONE Prune PHIs-----------------------
2026-06-28 01:19:39 [DEBUG] numba.core.byteflow:142 — block_infos State(pc_initial=0 nstack_initial=0):
AdaptBlockInfo(insts=((0, {}), (2, {}), (4, {'res': '$basis_slice4.0'}), (6, {'item': '$basis_slice4.0', 'res': '$6load_attr.1'}), (26, {'res': '$const26.2.1'}), (28, {'index': '$const26.2.1', 'target': '$6load_attr.1', 'res': '$28binary_subscr.3'}), (32, {'value': '$28binary_subscr.3'}), (34, {'res': '$stage34.4'}), (36, {'res': '$const36.5.2'}), (38, {'lhs': '$stage34.4', 'rhs': '$const36.5.2', 'res': '$38compare_op.6'}), (42, {'pred': '$38compare_op.6'})), outgoing_phis={}, blockstack=(), active_try_block=None, outgoing_edgepushed={44: (), 126: ()})
2026-06-28 01:19:39 [DEBUG] numba.core.byteflow:142 — block_infos State(pc_initial=44 nstack_initial=0):
AdaptBlockInfo(insts=((44, {'res': '$const44.0.3'}), (46, {'value': '$const44.0.3'}), (48, {'idx': 1, 'res': '$48load_global.1'}), (58, {'res': '$n58.3'}), (60, {'func': '$48load_global.1', 'args': ['$n58.3'], 'kw_names': None, 'res': '$60call.4'}), (68, {'value': '$60call.4', 'res': '$68get_iter.5'})), outgoing_phis={'$phi70.0': '$68get_iter.5'}, blockstack=(), active_try_block=None, outgoing_edgepushed={70: ('$68get_iter.5',)})
2026-06-28 01:19:39 [DEBUG] numba.core.byteflow:142 — block_infos State(pc_initial=70 nstack_initial=1):
AdaptBlockInfo(insts=((70, {'iterator': '$phi70.0', 'pair': '$70for_iter.1', 'indval': '$70for_iter.2', 'pred': '$70for_iter.3'}),), outgoing_phis={'$phi74.1': '$70for_iter.2'}, blockstack=(), active_try_block=None, outgoing_edgepushed={114: ('$phi70.0', '$70for_iter.2'), 74: ('$phi70.0', '$70for_iter.2')})
2026-06-28 01:19:39 [DEBUG] numba.core.byteflow:142 — block_infos State(pc_initial=74 nstack_initial=2):
AdaptBlockInfo(insts=((74, {'value': '$phi74.1'}), (76, {'res': '$s76.2'}), (78, {'res': '$basis_slice78.3'}), (80, {'res': '$r80.4'}), (82, {'res': '$const82.5.1'}), (84, {'items': ['$r80.4', '$const82.5.1'], 'res': '$84build_tuple.6'}), (86, {'index': '$84build_tuple.6', 'target': '$basis_slice78.3', 'res': '$86binary_subscr.7'}), (90, {'res': '$basis_slice90.8'}), (92, {'res': '$r92.9'}), (94, {'res': '$const94.10.1'}), (96, {'items': ['$r92.9', '$const94.10.1'], 'res': '$96build_tuple.11'}), (98, {'index': '$96build_tuple.11', 'target': '$basis_slice90.8', 'res': '$98binary_subscr.12'}), (102, {'op': '*', 'lhs': '$86binary_subscr.7', 'rhs': '$98binary_subscr.12', 'res': '$binop_mul102.13'}), (106, {'op': '+=', 'lhs': '$s76.2', 'rhs': '$binop_mul102.13', 'res': '$binop_iadd106.14'}), (110, {'value': '$binop_iadd106.14'}), (112, {})), outgoing_phis={}, blockstack=(), active_try_block=None, outgoing_edgepushed={70: ('$phi74.0',)})
2026-06-28 01:19:39 [DEBUG] numba.core.byteflow:142 — block_infos State(pc_initial=114 nstack_initial=2):
AdaptBlockInfo(insts=((116, {'res': '$s116.2'}), (118, {'res': '$gs118.3'}), (120, {'res': '$const120.4.1'}), (122, {'target': '$gs118.3', 'index': '$const120.4.1', 'value': '$s116.2'})), outgoing_phis={}, blockstack=(), active_try_block=None, outgoing_edgepushed={126: ()})
2026-06-28 01:19:39 [DEBUG] numba.core.byteflow:142 — block_infos State(pc_initial=126 nstack_initial=0):
AdaptBlockInfo(insts=((126, {'idx': 2, 'res': '$126load_global.0'}), (136, {'item': '$126load_global.0', 'res': '$136load_attr.2'}), (156, {'res': '$stage156.3'}), (158, {'func': '$136load_attr.2', 'args': ['$stage156.3'], 'kw_names': None, 'res': '$158call.4'}), (166, {'value': '$158call.4'}), (168, {'idx': 1, 'res': '$168load_global.5'}), (178, {'res': '$stage178.7'}), (180, {'func': '$168load_global.5', 'args': ['$stage178.7'], 'kw_names': None, 'res': '$180call.8'}), (188, {'value': '$180call.8', 'res': '$188get_iter.9'})), outgoing_phis={'$phi190.0': '$188get_iter.9'}, blockstack=(), active_try_block=None, outgoing_edgepushed={190: ('$188get_iter.9',)})
2026-06-28 01:19:39 [DEBUG] numba.core.byteflow:142 — block_infos State(pc_initial=190 nstack_initial=1):
AdaptBlockInfo(insts=((190, {'iterator': '$phi190.0', 'pair': '$190for_iter.1', 'indval': '$190for_iter.2', 'pred': '$190for_iter.3'}),), outgoing_phis={'$phi194.1': '$190for_iter.2'}, blockstack=(), active_try_block=None, outgoing_edgepushed={280: ('$phi190.0', '$190for_iter.2'), 194: ('$phi190.0', '$190for_iter.2')})
2026-06-28 01:19:39 [DEBUG] numba.core.byteflow:142 — block_infos State(pc_initial=194 nstack_initial=2):
AdaptBlockInfo(insts=((194, {'value': '$phi194.1'}), (196, {'res': '$const196.2.3'}), (198, {'value': '$const196.2.3'}), (200, {'idx': 1, 'res': '$200load_global.3'}), (210, {'res': '$n210.5'}), (212, {'func': '$200load_global.3', 'args': ['$n210.5'], 'kw_names': None, 'res': '$212call.6'}), (220, {'value': '$212call.6', 'res': '$220get_iter.7'})), outgoing_phis={'$phi222.1': '$220get_iter.7'}, blockstack=(), active_try_block=None, outgoing_edgepushed={222: ('$phi194.0', '$220get_iter.7')})
2026-06-28 01:19:39 [DEBUG] numba.core.byteflow:142 — block_infos State(pc_initial=222 nstack_initial=2):
AdaptBlockInfo(insts=((222, {'iterator': '$phi222.1', 'pair': '$222for_iter.2', 'indval': '$222for_iter.3', 'pred': '$222for_iter.4'}),), outgoing_phis={'$phi226.2': '$222for_iter.3'}, blockstack=(), active_try_block=None, outgoing_edgepushed={266: ('$phi222.0', '$phi222.1', '$222for_iter.3'), 226: ('$phi222.0', '$phi222.1', '$222for_iter.3')})
2026-06-28 01:19:39 [DEBUG] numba.core.byteflow:142 — block_infos State(pc_initial=226 nstack_initial=3):
AdaptBlockInfo(insts=((226, {'value': '$phi226.2'}), (228, {'res': '$s228.3'}), (230, {'res': '$basis_slice230.4'}), (232, {'res': '$r232.5'}), (234, {'res': '$stage234.6'}), (236, {'items': ['$r232.5', '$stage234.6'], 'res': '$236build_tuple.7'}), (238, {'index': '$236build_tuple.7', 'target': '$basis_slice230.4', 'res': '$238binary_subscr.8'}), (242, {'res': '$basis_slice242.9'}), (244, {'res': '$r244.10'}), (246, {'res': '$j246.11'}), (248, {'items': ['$r244.10', '$j246.11'], 'res': '$248build_tuple.12'}), (250, {'index': '$248build_tuple.12', 'target': '$basis_slice242.9', 'res': '$250binary_subscr.13'}), (254, {'op': '*', 'lhs': '$238binary_subscr.8', 'rhs': '$250binary_subscr.13', 'res': '$binop_mul254.14'}), (258, {'op': '+=', 'lhs': '$s228.3', 'rhs': '$binop_mul254.14', 'res': '$binop_iadd258.15'}), (262, {'value': '$binop_iadd258.15'}), (264, {})), outgoing_phis={}, blockstack=(), active_try_block=None, outgoing_edgepushed={222: ('$phi226.0', '$phi226.1')})
2026-06-28 01:19:39 [DEBUG] numba.core.byteflow:142 — block_infos State(pc_initial=266 nstack_initial=3):
AdaptBlockInfo(insts=((268, {'res': '$s268.3'}), (270, {'res': '$dots270.4'}), (272, {'res': '$j272.5'}), (274, {'target': '$dots270.4', 'index': '$j272.5', 'value': '$s268.3'}), (278, {})), outgoing_phis={}, blockstack=(), active_try_block=None, outgoing_edgepushed={190: ('$phi266.0',)})
2026-06-28 01:19:39 [DEBUG] numba.core.byteflow:142 — block_infos State(pc_initial=280 nstack_initial=2):
AdaptBlockInfo(insts=((282, {'res': '$stage282.2'}), (284, {'res': '$const284.3.1'}), (286, {'lhs': '$stage282.2', 'rhs': '$const284.3.1', 'res': '$286compare_op.4'}), (290, {'pred': '$286compare_op.4'})), outgoing_phis={}, blockstack=(), active_try_block=None, outgoing_edgepushed={292: (), 302: ()})
2026-06-28 01:19:39 [DEBUG] numba.core.byteflow:142 — block_infos State(pc_initial=292 nstack_initial=0):
AdaptBlockInfo(insts=((292, {'res': '$dots292.0'}), (294, {'res': '$const294.1.1'}), (296, {'index': '$const294.1.1', 'target': '$dots292.0', 'res': '$296binary_subscr.2'}), (300, {})), outgoing_phis={'$phi372.0': '$296binary_subscr.2'}, blockstack=(), active_try_block=None, outgoing_edgepushed={372: ('$296binary_subscr.2',)})
2026-06-28 01:19:39 [DEBUG] numba.core.byteflow:142 — block_infos State(pc_initial=302 nstack_initial=0):
AdaptBlockInfo(insts=((302, {'idx': 2, 'res': '$302load_global.0'}), (312, {'item': '$302load_global.0', 'res': '$312load_attr.2'}), (332, {'res': '$basis_slice332.3'}), (334, {'res': '$const334.4.4'}), (336, {'res': '$const336.5.4'}), (338, {'start': '$const334.4.4', 'stop': '$const336.5.4', 'step': None, 'res': '$338build_slice.7', 'slicevar': '$338build_slice.6'}), (340, {'res': '$stage340.8'}), (342, {'items': ['$338build_slice.7', '$stage340.8'], 'res': '$342build_tuple.9'}), (344, {'index': '$342build_tuple.9', 'target': '$basis_slice332.3', 'res': '$344binary_subscr.10'}), (348, {'res': '$basis_slice348.11'}), (350, {'res': '$const350.12.4'}), (352, {'res': '$const352.13.4'}), (354, {'start': '$const350.12.4', 'stop': '$const352.13.4', 'step': None, 'res': '$354build_slice.15', 'slicevar': '$354build_slice.14'}), (356, {'res': '$stage356.16'}), (358, {'items': ['$354build_slice.15', '$stage356.16'], 'res': '$358build_tuple.17'}), (360, {'index': '$358build_tuple.17', 'target': '$basis_slice348.11', 'res': '$360binary_subscr.18'}), (364, {'func': '$312load_attr.2', 'args': ['$344binary_subscr.10', '$360binary_subscr.18'], 'kw_names': None, 'res': '$364call.19'})), outgoing_phis={'$phi372.0': '$364call.19'}, blockstack=(), active_try_block=None, outgoing_edgepushed={372: ('$364call.19',)})
2026-06-28 01:19:39 [DEBUG] numba.core.byteflow:142 — block_infos State(pc_initial=372 nstack_initial=1):
AdaptBlockInfo(insts=((372, {'res': '$gs372.1'}), (374, {'res': '$stage374.2'}), (376, {'target': '$gs372.1', 'index': '$stage374.2', 'value': '$phi372.0'}), (380, {'res': '$const380.3.3'}), (382, {'value': '$const380.3.3'}), (384, {'idx': 1, 'res': '$384load_global.4'}), (394, {'res': '$n394.6'}), (396, {'func': '$384load_global.4', 'args': ['$n394.6'], 'kw_names': None, 'res': '$396call.7'}), (404, {'value': '$396call.7', 'res': '$404get_iter.8'})), outgoing_phis={'$phi406.0': '$404get_iter.8'}, blockstack=(), active_try_block=None, outgoing_edgepushed={406: ('$404get_iter.8',)})
2026-06-28 01:19:39 [DEBUG] numba.core.byteflow:142 — block_infos State(pc_initial=406 nstack_initial=1):
AdaptBlockInfo(insts=((406, {'iterator': '$phi406.0', 'pair': '$406for_iter.1', 'indval': '$406for_iter.2', 'pred': '$406for_iter.3'}),), outgoing_phis={'$phi410.1': '$406for_iter.2'}, blockstack=(), active_try_block=None, outgoing_edgepushed={450: ('$phi406.0', '$406for_iter.2'), 410: ('$phi406.0', '$406for_iter.2')})
2026-06-28 01:19:39 [DEBUG] numba.core.byteflow:142 — block_infos State(pc_initial=410 nstack_initial=2):
AdaptBlockInfo(insts=((410, {'value': '$phi410.1'}), (412, {'res': '$s412.2'}), (414, {'res': '$basis_slice414.3'}), (416, {'res': '$r416.4'}), (418, {'res': '$stage418.5'}), (420, {'items': ['$r416.4', '$stage418.5'], 'res': '$420build_tuple.6'}), (422, {'index': '$420build_tuple.6', 'target': '$basis_slice414.3', 'res': '$422binary_subscr.7'}), (426, {'res': '$basis_slice426.8'}), (428, {'res': '$r428.9'}), (430, {'res': '$stage430.10'}), (432, {'items': ['$r428.9', '$stage430.10'], 'res': '$432build_tuple.11'}), (434, {'index': '$432build_tuple.11', 'target': '$basis_slice426.8', 'res': '$434binary_subscr.12'}), (438, {'op': '*', 'lhs': '$422binary_subscr.7', 'rhs': '$434binary_subscr.12', 'res': '$binop_mul438.13'}), (442, {'op': '+=', 'lhs': '$s412.2', 'rhs': '$binop_mul438.13', 'res': '$binop_iadd442.14'}), (446, {'value': '$binop_iadd442.14'}), (448, {})), outgoing_phis={}, blockstack=(), active_try_block=None, outgoing_edgepushed={406: ('$phi410.0',)})
2026-06-28 01:19:39 [DEBUG] numba.core.byteflow:142 — block_infos State(pc_initial=450 nstack_initial=2):
AdaptBlockInfo(insts=((452, {'res': '$s452.2'}), (454, {'res': '$gs454.3'}), (456, {'res': '$stage456.4'}), (458, {'target': '$gs454.3', 'index': '$stage456.4', 'value': '$s452.2'}), (462, {'idx': 1, 'res': '$462load_global.5'}), (472, {'res': '$stage472.7'}), (474, {'func': '$462load_global.5', 'args': ['$stage472.7'], 'kw_names': None, 'res': '$474call.8'}), (482, {'value': '$474call.8', 'res': '$482get_iter.9'})), outgoing_phis={'$phi484.0': '$482get_iter.9'}, blockstack=(), active_try_block=None, outgoing_edgepushed={484: ('$482get_iter.9',)})
2026-06-28 01:19:39 [DEBUG] numba.core.byteflow:142 — block_infos State(pc_initial=484 nstack_initial=1):
AdaptBlockInfo(insts=((484, {'iterator': '$phi484.0', 'pair': '$484for_iter.1', 'indval': '$484for_iter.2', 'pred': '$484for_iter.3'}),), outgoing_phis={'$phi488.1': '$484for_iter.2'}, blockstack=(), active_try_block=None, outgoing_edgepushed={678: ('$phi484.0', '$484for_iter.2'), 488: ('$phi484.0', '$484for_iter.2')})
2026-06-28 01:19:39 [DEBUG] numba.core.byteflow:142 — block_infos State(pc_initial=488 nstack_initial=2):
AdaptBlockInfo(insts=((488, {'value': '$phi488.1'}), (490, {'res': '$const490.2.3'}), (492, {'value': '$const490.2.3'}), (494, {'idx': 1, 'res': '$494load_global.3'}), (504, {'res': '$j504.5'}), (506, {'func': '$494load_global.3', 'args': ['$j504.5'], 'kw_names': None, 'res': '$506call.6'}), (514, {'value': '$506call.6', 'res': '$514get_iter.7'})), outgoing_phis={'$phi516.1': '$514get_iter.7'}, blockstack=(), active_try_block=None, outgoing_edgepushed={516: ('$phi488.0', '$514get_iter.7')})
2026-06-28 01:19:39 [DEBUG] numba.core.byteflow:142 — block_infos State(pc_initial=516 nstack_initial=2):
AdaptBlockInfo(insts=((516, {'iterator': '$phi516.1', 'pair': '$516for_iter.2', 'indval': '$516for_iter.3', 'pred': '$516for_iter.4'}),), outgoing_phis={'$phi520.2': '$516for_iter.3'}, blockstack=(), active_try_block=None, outgoing_edgepushed={572: ('$phi516.0', '$phi516.1', '$516for_iter.3'), 520: ('$phi516.0', '$phi516.1', '$516for_iter.3')})
2026-06-28 01:19:39 [DEBUG] numba.core.byteflow:142 — block_infos State(pc_initial=520 nstack_initial=3):
AdaptBlockInfo(insts=((520, {'value': '$phi520.2'}), (522, {'res': '$ct522.3'}), (524, {'res': '$gsc524.4'}), (526, {'res': '$i526.5'}), (528, {'res': '$j528.6'}), (530, {'items': ['$i526.5', '$j528.6'], 'res': '$530build_tuple.7'}), (532, {'index': '$530build_tuple.7', 'target': '$gsc524.4', 'res': '$532binary_subscr.8'}), (536, {'res': '$gsc536.9'}), (538, {'res': '$i538.10'}), (540, {'res': '$stage540.11'}), (542, {'items': ['$i538.10', '$stage540.11'], 'res': '$542build_tuple.12'}), (544, {'index': '$542build_tuple.12', 'target': '$gsc536.9', 'res': '$544binary_subscr.13'}), (548, {'op': '*', 'lhs': '$532binary_subscr.8', 'rhs': '$544binary_subscr.13', 'res': '$binop_mul548.14'}), (552, {'res': '$gs552.15'}), (554, {'res': '$i554.16'}), (556, {'index': '$i554.16', 'target': '$gs552.15', 'res': '$556binary_subscr.17'}), (560, {'op': '*', 'lhs': '$binop_mul548.14', 'rhs': '$556binary_subscr.17', 'res': '$binop_mul560.18'}), (564, {'op': '+=', 'lhs': '$ct522.3', 'rhs': '$binop_mul560.18', 'res': '$binop_iadd564.19'}), (568, {'value': '$binop_iadd564.19'}), (570, {})), outgoing_phis={}, blockstack=(), active_try_block=None, outgoing_edgepushed={516: ('$phi520.0', '$phi520.1')})
2026-06-28 01:19:39 [DEBUG] numba.core.byteflow:142 — block_infos State(pc_initial=572 nstack_initial=3):
AdaptBlockInfo(insts=((574, {'res': '$dots574.3'}), (576, {'res': '$j576.4'}), (578, {'index': '$j576.4', 'target': '$dots574.3', 'res': '$578binary_subscr.5'}), (582, {'res': '$ct582.6'}), (584, {'op': '-', 'lhs': '$578binary_subscr.5', 'rhs': '$ct582.6', 'res': '$binop_sub584.7'}), (588, {'res': '$gs588.8'}), (590, {'res': '$j590.9'}), (592, {'index': '$j590.9', 'target': '$gs588.8', 'res': '$592binary_subscr.10'}), (596, {'op': '/', 'lhs': '$binop_sub584.7', 'rhs': '$592binary_subscr.10', 'res': '$binop_truediv596.11'}), (600, {'res': '$gsc600.12'}), (602, {'res': '$j602.13'}), (604, {'res': '$stage604.14'}), (606, {'items': ['$j602.13', '$stage604.14'], 'res': '$606build_tuple.15'}), (608, {'target': '$gsc600.12', 'index': '$606build_tuple.15', 'value': '$binop_truediv596.11'}), (612, {'res': '$gs612.16'}), (614, {'res': '$stage614.17'}), (620, {'index': '$stage614.17', 'target': '$gs612.16', 'res': '$620binary_subscr.18'}), (624, {'res': '$gsc624.19'}), (626, {'res': '$j626.20'}), (628, {'res': '$stage628.21'}), (630, {'items': ['$j626.20', '$stage628.21'], 'res': '$630build_tuple.22'}), (632, {'index': '$630build_tuple.22', 'target': '$gsc624.19', 'res': '$632binary_subscr.23'}), (636, {'res': '$gsc636.24'}), (638, {'res': '$j638.25'}), (640, {'res': '$stage640.26'}), (642, {'items': ['$j638.25', '$stage640.26'], 'res': '$642build_tuple.27'}), (644, {'index': '$642build_tuple.27', 'target': '$gsc636.24', 'res': '$644binary_subscr.28'}), (648, {'op': '*', 'lhs': '$632binary_subscr.23', 'rhs': '$644binary_subscr.28', 'res': '$binop_mul648.29'}), (652, {'res': '$gs652.30'}), (654, {'res': '$j654.31'}), (656, {'index': '$j654.31', 'target': '$gs652.30', 'res': '$656binary_subscr.32'}), (660, {'op': '*', 'lhs': '$binop_mul648.29', 'rhs': '$656binary_subscr.32', 'res': '$binop_mul660.33'}), (664, {'op': '-=', 'lhs': '$620binary_subscr.18', 'rhs': '$binop_mul660.33', 'res': '$binop_isub664.34'}), (672, {'target': '$gs612.16', 'index': '$stage614.17', 'value': '$binop_isub664.34'}), (676, {})), outgoing_phis={}, blockstack=(), active_try_block=None, outgoing_edgepushed={484: ('$phi572.0',)})
2026-06-28 01:19:39 [DEBUG] numba.core.byteflow:142 — block_infos State(pc_initial=678 nstack_initial=2):
AdaptBlockInfo(insts=((680, {'res': '$const680.2.5'}), (682, {'res': '$gsc682.3'}), (684, {'res': '$stage684.4'}), (686, {'res': '$stage686.5'}), (688, {'items': ['$stage684.4', '$stage686.5'], 'res': '$688build_tuple.6'}), (690, {'target': '$gsc682.3', 'index': '$688build_tuple.6', 'value': '$const680.2.5'}), (694, {'retval': '$const694.7', 'castval': '$694return_const.8'})), outgoing_phis={}, blockstack=(), active_try_block=None, outgoing_edgepushed={})
2026-06-28 01:19:39 [DEBUG] numba.core.interpreter:1420 — label 0:
    basis_slice = arg(0, name=basis_slice)   ['basis_slice']
    gsc = arg(1, name=gsc)                   ['gsc']
    gs = arg(2, name=gs)                     ['gs']
    stage = arg(3, name=stage)               ['stage']
    $6load_attr.1 = getattr(value=basis_slice, attr=shape) ['$6load_attr.1', 'basis_slice']
    $const26.2.1 = const(int, 0)             ['$const26.2.1']
    n = getitem(value=$6load_attr.1, index=$const26.2.1, fn=<built-in function getitem>) ['$6load_attr.1', '$const26.2.1', 'n']
    $const36.5.2 = const(int, 1)             ['$const36.5.2']
    $38compare_op.6 = stage == $const36.5.2  ['$38compare_op.6', '$const36.5.2', 'stage']
    $bool42 = global(bool: <class 'bool'>)   ['$bool42']
    $42pred = call $bool42($38compare_op.6, func=$bool42, args=(Var($38compare_op.6, jit_functions.py:20),), kws=(), vararg=None, varkwarg=None, target=None) ['$38compare_op.6', '$42pred', '$bool42']
    branch $42pred, 44, 126                  ['$42pred']
label 44:
    s = const(float, 0.0)                    ['s']
    $48load_global.1 = global(range: <class 'range'>) ['$48load_global.1']
    $60call.4 = call $48load_global.1(n, func=$48load_global.1, args=[Var(n, jit_functions.py:18)], kws=(), vararg=None, varkwarg=None, target=None) ['$48load_global.1', '$60call.4', 'n']
    $68get_iter.5 = getiter(value=$60call.4) ['$60call.4', '$68get_iter.5']
    $phi70.0 = $68get_iter.5                 ['$68get_iter.5', '$phi70.0']
    jump 70                                  []
label 70:
    $70for_iter.1 = iternext(value=$phi70.0) ['$70for_iter.1', '$phi70.0']
    $70for_iter.2 = pair_first(value=$70for_iter.1) ['$70for_iter.1', '$70for_iter.2']
    $70for_iter.3 = pair_second(value=$70for_iter.1) ['$70for_iter.1', '$70for_iter.3']
    $phi74.1 = $70for_iter.2                 ['$70for_iter.2', '$phi74.1']
    branch $70for_iter.3, 74, 114            ['$70for_iter.3']
label 74:
    r = $phi74.1                             ['$phi74.1', 'r']
    $const82.5.1 = const(int, 0)             ['$const82.5.1']
    $84build_tuple.6 = build_tuple(items=[Var(r, jit_functions.py:22), Var($const82.5.1, jit_functions.py:23)]) ['$84build_tuple.6', '$const82.5.1', 'r']
    $86binary_subscr.7 = getitem(value=basis_slice, index=$84build_tuple.6, fn=<built-in function getitem>) ['$84build_tuple.6', '$86binary_subscr.7', 'basis_slice']
    $const94.10.1 = const(int, 0)            ['$const94.10.1']
    $96build_tuple.11 = build_tuple(items=[Var(r, jit_functions.py:22), Var($const94.10.1, jit_functions.py:23)]) ['$96build_tuple.11', '$const94.10.1', 'r']
    $98binary_subscr.12 = getitem(value=basis_slice, index=$96build_tuple.11, fn=<built-in function getitem>) ['$96build_tuple.11', '$98binary_subscr.12', 'basis_slice']
    $binop_mul102.13 = $86binary_subscr.7 * $98binary_subscr.12 ['$86binary_subscr.7', '$98binary_subscr.12', '$binop_mul102.13']
    $binop_iadd106.14 = inplace_binop(fn=<built-in function iadd>, immutable_fn=<built-in function add>, lhs=s, rhs=$binop_mul102.13, static_lhs=Undefined, static_rhs=Undefined) ['$binop_iadd106.14', '$binop_mul102.13', 's']
    s = $binop_iadd106.14                    ['$binop_iadd106.14', 's']
    jump 70                                  []
label 114:
    $const120.4.1 = const(int, 0)            ['$const120.4.1']
    gs[$const120.4.1] = s                    ['$const120.4.1', 'gs', 's']
    jump 126                                 []
label 126:
    $126load_global.0 = global(np: <module 'numpy' from '/home/dj/.local/lib/python3.12/site-packages/numpy/__init__.py'>) ['$126load_global.0']
    $136load_attr.2 = getattr(value=$126load_global.0, attr=zeros) ['$126load_global.0', '$136load_attr.2']
    dots = call $136load_attr.2(stage, func=$136load_attr.2, args=[Var(stage, jit_functions.py:12)], kws=(), vararg=None, varkwarg=None, target=None) ['$136load_attr.2', 'dots', 'stage']
    $168load_global.5 = global(range: <class 'range'>) ['$168load_global.5']
    $180call.8 = call $168load_global.5(stage, func=$168load_global.5, args=[Var(stage, jit_functions.py:12)], kws=(), vararg=None, varkwarg=None, target=None) ['$168load_global.5', '$180call.8', 'stage']
    $188get_iter.9 = getiter(value=$180call.8) ['$180call.8', '$188get_iter.9']
    $phi190.0 = $188get_iter.9               ['$188get_iter.9', '$phi190.0']
    jump 190                                 []
label 190:
    $190for_iter.1 = iternext(value=$phi190.0) ['$190for_iter.1', '$phi190.0']
    $190for_iter.2 = pair_first(value=$190for_iter.1) ['$190for_iter.1', '$190for_iter.2']
    $190for_iter.3 = pair_second(value=$190for_iter.1) ['$190for_iter.1', '$190for_iter.3']
    $phi194.1 = $190for_iter.2               ['$190for_iter.2', '$phi194.1']
    branch $190for_iter.3, 194, 280          ['$190for_iter.3']
label 194:
    j = $phi194.1                            ['$phi194.1', 'j']
    s = const(float, 0.0)                    ['s']
    $200load_global.3 = global(range: <class 'range'>) ['$200load_global.3']
    $212call.6 = call $200load_global.3(n, func=$200load_global.3, args=[Var(n, jit_functions.py:18)], kws=(), vararg=None, varkwarg=None, target=None) ['$200load_global.3', '$212call.6', 'n']
    $220get_iter.7 = getiter(value=$212call.6) ['$212call.6', '$220get_iter.7']
    $phi222.1 = $220get_iter.7               ['$220get_iter.7', '$phi222.1']
    jump 222                                 []
label 222:
    $222for_iter.2 = iternext(value=$phi222.1) ['$222for_iter.2', '$phi222.1']
    $222for_iter.3 = pair_first(value=$222for_iter.2) ['$222for_iter.2', '$222for_iter.3']
    $222for_iter.4 = pair_second(value=$222for_iter.2) ['$222for_iter.2', '$222for_iter.4']
    $phi226.2 = $222for_iter.3               ['$222for_iter.3', '$phi226.2']
    branch $222for_iter.4, 226, 266          ['$222for_iter.4']
label 226:
    r = $phi226.2                            ['$phi226.2', 'r']
    $236build_tuple.7 = build_tuple(items=[Var(r, jit_functions.py:22), Var(stage, jit_functions.py:12)]) ['$236build_tuple.7', 'r', 'stage']
    $238binary_subscr.8 = getitem(value=basis_slice, index=$236build_tuple.7, fn=<built-in function getitem>) ['$236build_tuple.7', '$238binary_subscr.8', 'basis_slice']
    $248build_tuple.12 = build_tuple(items=[Var(r, jit_functions.py:22), Var(j, jit_functions.py:28)]) ['$248build_tuple.12', 'j', 'r']
    $250binary_subscr.13 = getitem(value=basis_slice, index=$248build_tuple.12, fn=<built-in function getitem>) ['$248build_tuple.12', '$250binary_subscr.13', 'basis_slice']
    $binop_mul254.14 = $238binary_subscr.8 * $250binary_subscr.13 ['$238binary_subscr.8', '$250binary_subscr.13', '$binop_mul254.14']
    $binop_iadd258.15 = inplace_binop(fn=<built-in function iadd>, immutable_fn=<built-in function add>, lhs=s, rhs=$binop_mul254.14, static_lhs=Undefined, static_rhs=Undefined) ['$binop_iadd258.15', '$binop_mul254.14', 's']
    s = $binop_iadd258.15                    ['$binop_iadd258.15', 's']
    jump 222                                 []
label 266:
    dots[j] = s                              ['dots', 'j', 's']
    jump 190                                 []
label 280:
    $const284.3.1 = const(int, 0)            ['$const284.3.1']
    $286compare_op.4 = stage == $const284.3.1 ['$286compare_op.4', '$const284.3.1', 'stage']
    $bool290 = global(bool: <class 'bool'>)  ['$bool290']
    $290pred = call $bool290($286compare_op.4, func=$bool290, args=(Var($286compare_op.4, jit_functions.py:35),), kws=(), vararg=None, varkwarg=None, target=None) ['$286compare_op.4', '$290pred', '$bool290']
    branch $290pred, 292, 302                ['$290pred']
label 292:
    $const294.1.1 = const(int, 0)            ['$const294.1.1']
    $296binary_subscr.2 = getitem(value=dots, index=$const294.1.1, fn=<built-in function getitem>) ['$296binary_subscr.2', '$const294.1.1', 'dots']
    $phi372.0 = $296binary_subscr.2          ['$296binary_subscr.2', '$phi372.0']
    jump 372                                 []
label 302:
    $302load_global.0 = global(np: <module 'numpy' from '/home/dj/.local/lib/python3.12/site-packages/numpy/__init__.py'>) ['$302load_global.0']
    $312load_attr.2 = getattr(value=$302load_global.0, attr=dot) ['$302load_global.0', '$312load_attr.2']
    $const334.4.4 = const(NoneType, None)    ['$const334.4.4']
    $const336.5.4 = const(NoneType, None)    ['$const336.5.4']
    $338build_slice.6 = global(slice: <class 'slice'>) ['$338build_slice.6']
    $338build_slice.7 = call $338build_slice.6($const334.4.4, $const336.5.4, func=$338build_slice.6, args=(Var($const334.4.4, jit_functions.py:36), Var($const336.5.4, jit_functions.py:36)), kws=(), vararg=None, varkwarg=None, target=None) ['$338build_slice.6', '$338build_slice.7', '$const334.4.4', '$const336.5.4']
    $342build_tuple.9 = build_tuple(items=[Var($338build_slice.7, jit_functions.py:36), Var(stage, jit_functions.py:12)]) ['$338build_slice.7', '$342build_tuple.9', 'stage']
    $344binary_subscr.10 = getitem(value=basis_slice, index=$342build_tuple.9, fn=<built-in function getitem>) ['$342build_tuple.9', '$344binary_subscr.10', 'basis_slice']
    $const350.12.4 = const(NoneType, None)   ['$const350.12.4']
    $const352.13.4 = const(NoneType, None)   ['$const352.13.4']
    $354build_slice.14 = global(slice: <class 'slice'>) ['$354build_slice.14']
    $354build_slice.15 = call $354build_slice.14($const350.12.4, $const352.13.4, func=$354build_slice.14, args=(Var($const350.12.4, jit_functions.py:36), Var($const352.13.4, jit_functions.py:36)), kws=(), vararg=None, varkwarg=None, target=None) ['$354build_slice.14', '$354build_slice.15', '$const350.12.4', '$const352.13.4']
    $358build_tuple.17 = build_tuple(items=[Var($354build_slice.15, jit_functions.py:36), Var(stage, jit_functions.py:12)]) ['$354build_slice.15', '$358build_tuple.17', 'stage']
    $360binary_subscr.18 = getitem(value=basis_slice, index=$358build_tuple.17, fn=<built-in function getitem>) ['$358build_tuple.17', '$360binary_subscr.18', 'basis_slice']
    $364call.19 = call $312load_attr.2($344binary_subscr.10, $360binary_subscr.18, func=$312load_attr.2, args=[Var($344binary_subscr.10, jit_functions.py:36), Var($360binary_subscr.18, jit_functions.py:36)], kws=(), vararg=None, varkwarg=None, target=None) ['$312load_attr.2', '$344binary_subscr.10', '$360binary_subscr.18', '$364call.19']
    $phi372.0 = $364call.19                  ['$364call.19', '$phi372.0']
    jump 372                                 []
label 372:
    gs[stage] = $phi372.0                    ['$phi372.0', 'gs', 'stage']
    s.1 = const(float, 0.0)                  ['s.1']
    $384load_global.4 = global(range: <class 'range'>) ['$384load_global.4']
    $396call.7 = call $384load_global.4(n, func=$384load_global.4, args=[Var(n, jit_functions.py:18)], kws=(), vararg=None, varkwarg=None, target=None) ['$384load_global.4', '$396call.7', 'n']
    $404get_iter.8 = getiter(value=$396call.7) ['$396call.7', '$404get_iter.8']
    $phi406.0 = $404get_iter.8               ['$404get_iter.8', '$phi406.0']
    jump 406                                 []
label 406:
    $406for_iter.1 = iternext(value=$phi406.0) ['$406for_iter.1', '$phi406.0']
    $406for_iter.2 = pair_first(value=$406for_iter.1) ['$406for_iter.1', '$406for_iter.2']
    $406for_iter.3 = pair_second(value=$406for_iter.1) ['$406for_iter.1', '$406for_iter.3']
    $phi410.1 = $406for_iter.2               ['$406for_iter.2', '$phi410.1']
    branch $406for_iter.3, 410, 450          ['$406for_iter.3']
label 410:
    r = $phi410.1                            ['$phi410.1', 'r']
    $420build_tuple.6 = build_tuple(items=[Var(r, jit_functions.py:22), Var(stage, jit_functions.py:12)]) ['$420build_tuple.6', 'r', 'stage']
    $422binary_subscr.7 = getitem(value=basis_slice, index=$420build_tuple.6, fn=<built-in function getitem>) ['$420build_tuple.6', '$422binary_subscr.7', 'basis_slice']
    $432build_tuple.11 = build_tuple(items=[Var(r, jit_functions.py:22), Var(stage, jit_functions.py:12)]) ['$432build_tuple.11', 'r', 'stage']
    $434binary_subscr.12 = getitem(value=basis_slice, index=$432build_tuple.11, fn=<built-in function getitem>) ['$432build_tuple.11', '$434binary_subscr.12', 'basis_slice']
    $binop_mul438.13 = $422binary_subscr.7 * $434binary_subscr.12 ['$422binary_subscr.7', '$434binary_subscr.12', '$binop_mul438.13']
    $binop_iadd442.14 = inplace_binop(fn=<built-in function iadd>, immutable_fn=<built-in function add>, lhs=s.1, rhs=$binop_mul438.13, static_lhs=Undefined, static_rhs=Undefined) ['$binop_iadd442.14', '$binop_mul438.13', 's.1']
    s.1 = $binop_iadd442.14                  ['$binop_iadd442.14', 's.1']
    jump 406                                 []
label 450:
    gs[stage] = s.1                          ['gs', 's.1', 'stage']
    $462load_global.5 = global(range: <class 'range'>) ['$462load_global.5']
    $474call.8 = call $462load_global.5(stage, func=$462load_global.5, args=[Var(stage, jit_functions.py:12)], kws=(), vararg=None, varkwarg=None, target=None) ['$462load_global.5', '$474call.8', 'stage']
    $482get_iter.9 = getiter(value=$474call.8) ['$474call.8', '$482get_iter.9']
    $phi484.0 = $482get_iter.9               ['$482get_iter.9', '$phi484.0']
    jump 484                                 []
label 484:
    $484for_iter.1 = iternext(value=$phi484.0) ['$484for_iter.1', '$phi484.0']
    $484for_iter.2 = pair_first(value=$484for_iter.1) ['$484for_iter.1', '$484for_iter.2']
    $484for_iter.3 = pair_second(value=$484for_iter.1) ['$484for_iter.1', '$484for_iter.3']
    $phi488.1 = $484for_iter.2               ['$484for_iter.2', '$phi488.1']
    branch $484for_iter.3, 488, 678          ['$484for_iter.3']
label 488:
    j = $phi488.1                            ['$phi488.1', 'j']
    ct = const(float, 0.0)                   ['ct']
    $494load_global.3 = global(range: <class 'range'>) ['$494load_global.3']
    $506call.6 = call $494load_global.3(j, func=$494load_global.3, args=[Var(j, jit_functions.py:28)], kws=(), vararg=None, varkwarg=None, target=None) ['$494load_global.3', '$506call.6', 'j']
    $514get_iter.7 = getiter(value=$506call.6) ['$506call.6', '$514get_iter.7']
    $phi516.1 = $514get_iter.7               ['$514get_iter.7', '$phi516.1']
    jump 516                                 []
label 516:
    $516for_iter.2 = iternext(value=$phi516.1) ['$516for_iter.2', '$phi516.1']
    $516for_iter.3 = pair_first(value=$516for_iter.2) ['$516for_iter.2', '$516for_iter.3']
    $516for_iter.4 = pair_second(value=$516for_iter.2) ['$516for_iter.2', '$516for_iter.4']
    $phi520.2 = $516for_iter.3               ['$516for_iter.3', '$phi520.2']
    branch $516for_iter.4, 520, 572          ['$516for_iter.4']
label 520:
    i = $phi520.2                            ['$phi520.2', 'i']
    $530build_tuple.7 = build_tuple(items=[Var(i, jit_functions.py:47), Var(j, jit_functions.py:28)]) ['$530build_tuple.7', 'i', 'j']
    $532binary_subscr.8 = getitem(value=gsc, index=$530build_tuple.7, fn=<built-in function getitem>) ['$530build_tuple.7', '$532binary_subscr.8', 'gsc']
    $542build_tuple.12 = build_tuple(items=[Var(i, jit_functions.py:47), Var(stage, jit_functions.py:12)]) ['$542build_tuple.12', 'i', 'stage']
    $544binary_subscr.13 = getitem(value=gsc, index=$542build_tuple.12, fn=<built-in function getitem>) ['$542build_tuple.12', '$544binary_subscr.13', 'gsc']
    $binop_mul548.14 = $532binary_subscr.8 * $544binary_subscr.13 ['$532binary_subscr.8', '$544binary_subscr.13', '$binop_mul548.14']
    $556binary_subscr.17 = getitem(value=gs, index=i, fn=<built-in function getitem>) ['$556binary_subscr.17', 'gs', 'i']
    $binop_mul560.18 = $binop_mul548.14 * $556binary_subscr.17 ['$556binary_subscr.17', '$binop_mul548.14', '$binop_mul560.18']
    $binop_iadd564.19 = inplace_binop(fn=<built-in function iadd>, immutable_fn=<built-in function add>, lhs=ct, rhs=$binop_mul560.18, static_lhs=Undefined, static_rhs=Undefined) ['$binop_iadd564.19', '$binop_mul560.18', 'ct']
    ct = $binop_iadd564.19                   ['$binop_iadd564.19', 'ct']
    jump 516                                 []
label 572:
    $578binary_subscr.5 = getitem(value=dots, index=j, fn=<built-in function getitem>) ['$578binary_subscr.5', 'dots', 'j']
    $binop_sub584.7 = $578binary_subscr.5 - ct ['$578binary_subscr.5', '$binop_sub584.7', 'ct']
    $592binary_subscr.10 = getitem(value=gs, index=j, fn=<built-in function getitem>) ['$592binary_subscr.10', 'gs', 'j']
    $binop_truediv596.11 = $binop_sub584.7 / $592binary_subscr.10 ['$592binary_subscr.10', '$binop_sub584.7', '$binop_truediv596.11']
    $606build_tuple.15 = build_tuple(items=[Var(j, jit_functions.py:28), Var(stage, jit_functions.py:12)]) ['$606build_tuple.15', 'j', 'stage']
    gsc[$606build_tuple.15] = $binop_truediv596.11 ['$606build_tuple.15', '$binop_truediv596.11', 'gsc']
    $620binary_subscr.18 = getitem(value=gs, index=stage, fn=<built-in function getitem>) ['$620binary_subscr.18', 'gs', 'stage']
    $630build_tuple.22 = build_tuple(items=[Var(j, jit_functions.py:28), Var(stage, jit_functions.py:12)]) ['$630build_tuple.22', 'j', 'stage']
    $632binary_subscr.23 = getitem(value=gsc, index=$630build_tuple.22, fn=<built-in function getitem>) ['$630build_tuple.22', '$632binary_subscr.23', 'gsc']
    $642build_tuple.27 = build_tuple(items=[Var(j, jit_functions.py:28), Var(stage, jit_functions.py:12)]) ['$642build_tuple.27', 'j', 'stage']
    $644binary_subscr.28 = getitem(value=gsc, index=$642build_tuple.27, fn=<built-in function getitem>) ['$642build_tuple.27', '$644binary_subscr.28', 'gsc']
    $binop_mul648.29 = $632binary_subscr.23 * $644binary_subscr.28 ['$632binary_subscr.23', '$644binary_subscr.28', '$binop_mul648.29']
    $656binary_subscr.32 = getitem(value=gs, index=j, fn=<built-in function getitem>) ['$656binary_subscr.32', 'gs', 'j']
    $binop_mul660.33 = $binop_mul648.29 * $656binary_subscr.32 ['$656binary_subscr.32', '$binop_mul648.29', '$binop_mul660.33']
    $binop_isub664.34 = inplace_binop(fn=<built-in function isub>, immutable_fn=<built-in function sub>, lhs=$620binary_subscr.18, rhs=$binop_mul660.33, static_lhs=Undefined, static_rhs=Undefined) ['$620binary_subscr.18', '$binop_isub664.34', '$binop_mul660.33']
    gs[stage] = $binop_isub664.34            ['$binop_isub664.34', 'gs', 'stage']
    jump 484                                 []
label 678:
    $const680.2.5 = const(float, 1.0)        ['$const680.2.5']
    $688build_tuple.6 = build_tuple(items=[Var(stage, jit_functions.py:12), Var(stage, jit_functions.py:12)]) ['$688build_tuple.6', 'stage', 'stage']
    gsc[$688build_tuple.6] = $const680.2.5   ['$688build_tuple.6', '$const680.2.5', 'gsc']
    $const694.7 = const(NoneType, None)      ['$const694.7']
    $694return_const.8 = cast(value=$const694.7) ['$694return_const.8', '$const694.7']
    return $694return_const.8                ['$694return_const.8']

2026-06-28 01:19:39 [DEBUG] numba.core.ssa:177 — ==== SSA block analysis pass on 0
2026-06-28 01:19:39 [DEBUG] numba.core.ssa:207 — Running <numba.core.ssa._GatherDefsHandler object at 0x7f8aac396930>
2026-06-28 01:19:39 [DEBUG] numba.core.ssa:209 — on stmt: basis_slice = arg(0, name=basis_slice)
2026-06-28 01:19:39 [DEBUG] numba.core.ssa:209 — on stmt: gsc = arg(1, name=gsc)
2026-06-28 01:19:39 [DEBUG] numba.core.ssa:209 — on stmt: gs = arg(2, name=gs)
2026-06-28 01:19:39 [DEBUG] numba.core.ssa:209 — on stmt: stage = arg(3, name=stage)
2026-06-28 01:19:39 [DEBUG] numba.core.ssa:209 — on stmt: $6load_attr.1 = getattr(value=basis_slice, attr=shape)
2026-06-28 01:19:39 [DEBUG] numba.core.ssa:209 — on stmt: $const26.2.1 = const(int, 0)
2026-06-28 01:19:39 [DEBUG] numba.core.ssa:209 — on stmt: n = static_getitem(value=$6load_attr.1, index=0, index_var=$const26.2.1, fn=<built-in function getitem>)
2026-06-28 01:19:39 [DEBUG] numba.core.ssa:209 — on stmt: $const36.5.2 = const(int, 1)
2026-06-28 01:19:39 [DEBUG] numba.core.ssa:209 — on stmt: $38compare_op.6 = stage == $const36.5.2
2026-06-28 01:19:39 [DEBUG] numba.core.ssa:209 — on stmt: $bool42 = global(bool: <class 'bool'>)
2026-06-28 01:19:39 [DEBUG] numba.core.ssa:209 — on stmt: $42pred = call $bool42($38compare_op.6, func=$bool42, args=(Var($38compare_op.6, jit_functions.py:20),), kws=(), vararg=None, varkwarg=None, target=None)
2026-06-28 01:19:39 [DEBUG] numba.core.ssa:209 — on stmt: branch $42pred, 44, 126
2026-06-28 01:19:39 [DEBUG] numba.core.ssa:177 — ==== SSA block analysis pass on 44
2026-06-28 01:19:39 [DEBUG] numba.core.ssa:207 — Running <numba.core.ssa._GatherDefsHandler object at 0x7f8aac396930>
2026-06-28 01:19:39 [DEBUG] numba.core.ssa:209 — on stmt: s = const(float, 0.0)
2026-06-28 01:19:39 [DEBUG] numba.core.ssa:209 — on stmt: $48load_global.1 = global(range: <class 'range'>)
2026-06-28 01:19:39 [DEBUG] numba.core.ssa:209 — on stmt: $60call.4 = call $48load_global.1(n, func=$48load_global.1, args=[Var(n, jit_functions.py:18)], kws=(), vararg=None, varkwarg=None, target=None)
2026-06-28 01:19:39 [DEBUG] numba.core.ssa:209 — on stmt: $68get_iter.5 = getiter(value=$60call.4)
2026-06-28 01:19:39 [DEBUG] numba.core.ssa:209 — on stmt: $phi70.0 = $68get_iter.5
2026-06-28 01:19:39 [DEBUG] numba.core.ssa:209 — on stmt: jump 70
2026-06-28 01:19:39 [DEBUG] numba.core.ssa:177 — ==== SSA block analysis pass on 70
2026-06-28 01:19:39 [DEBUG] numba.core.ssa:207 — Running <numba.core.ssa._GatherDefsHandler object at 0x7f8aac396930>
2026-06-28 01:19:39 [DEBUG] numba.core.ssa:209 — on stmt: $70for_iter.1 = iternext(value=$phi70.0)
2026-06-28 01:19:39 [DEBUG] numba.core.ssa:209 — on stmt: $70for_iter.2 = pair_first(value=$70for_iter.1)
2026-06-28 01:19:39 [DEBUG] numba.core.ssa:209 — on stmt: $70for_iter.3 = pair_second(value=$70for_iter.1)
2026-06-28 01:19:39 [DEBUG] numba.core.ssa:209 — on stmt: $phi74.1 = $70for_iter.2
2026-06-28 01:19:39 [DEBUG] numba.core.ssa:209 — on stmt: branch $70for_iter.3, 74, 114
2026-06-28 01:19:39 [DEBUG] numba.core.ssa:177 — ==== SSA block analysis pass on 74
2026-06-28 01:19:39 [DEBUG] numba.core.ssa:207 — Running <numba.core.ssa._GatherDefsHandler object at 0x7f8aac396930>
2026-06-28 01:19:39 [DEBUG] numba.core.ssa:209 — on stmt: r = $phi74.1
2026-06-28 01:19:39 [DEBUG] numba.core.ssa:209 — on stmt: $const82.5.1 = const(int, 0)
2026-06-28 01:19:39 [DEBUG] numba.core.ssa:209 — on stmt: $84build_tuple.6 = build_tuple(items=[Var(r, jit_functions.py:22), Var($const82.5.1, jit_functions.py:23)])
2026-06-28 01:19:39 [DEBUG] numba.core.ssa:209 — on stmt: $86binary_subscr.7 = getitem(value=basis_slice, index=$84build_tuple.6, fn=<built-in function getitem>)
2026-06-28 01:19:39 [DEBUG] numba.core.ssa:209 — on stmt: $const94.10.1 = const(int, 0)
2026-06-28 01:19:39 [DEBUG] numba.core.ssa:209 — on stmt: $96build_tuple.11 = build_tuple(items=[Var(r, jit_functions.py:22), Var($const94.10.1, jit_functions.py:23)])
2026-06-28 01:19:39 [DEBUG] numba.core.ssa:209 — on stmt: $98binary_subscr.12 = getitem(value=basis_slice, index=$96build_tuple.11, fn=<built-in function getitem>)
2026-06-28 01:19:39 [DEBUG] numba.core.ssa:209 — on stmt: $binop_mul102.13 = $86binary_subscr.7 * $98binary_subscr.12
2026-06-28 01:19:39 [DEBUG] numba.core.ssa:209 — on stmt: $binop_iadd106.14 = inplace_binop(fn=<built-in function iadd>, immutable_fn=<built-in function add>, lhs=s, rhs=$binop_mul102.13, static_lhs=Undefined, static_rhs=Undefined)
2026-06-28 01:19:39 [DEBUG] numba.core.ssa:209 — on stmt: s = $binop_iadd106.14
2026-06-28 01:19:39 [DEBUG] numba.core.ssa:209 — on stmt: jump 70
2026-06-28 01:19:39 [DEBUG] numba.core.ssa:177 — ==== SSA block analysis pass on 114
2026-06-28 01:19:39 [DEBUG] numba.core.ssa:207 — Running <numba.core.ssa._GatherDefsHandler object at 0x7f8aac396930>
2026-06-28 01:19:39 [DEBUG] numba.core.ssa:209 — on stmt: $const120.4.1 = const(int, 0)
2026-06-28 01:19:39 [DEBUG] numba.core.ssa:209 — on stmt: gs[0] = s
2026-06-28 01:19:39 [DEBUG] numba.core.ssa:209 — on stmt: jump 126
2026-06-28 01:19:39 [DEBUG] numba.core.ssa:177 — ==== SSA block analysis pass on 126
2026-06-28 01:19:39 [DEBUG] numba.core.ssa:207 — Running <numba.core.ssa._GatherDefsHandler object at 0x7f8aac396930>
2026-06-28 01:19:39 [DEBUG] numba.core.ssa:209 — on stmt: $126load_global.0 = global(np: <module 'numpy' from '/home/dj/.local/lib/python3.12/site-packages/numpy/__init__.py'>)
2026-06-28 01:19:39 [DEBUG] numba.core.ssa:209 — on stmt: $136load_attr.2 = getattr(value=$126load_global.0, attr=zeros)
2026-06-28 01:19:39 [DEBUG] numba.core.ssa:209 — on stmt: dots = call $136load_attr.2(stage, func=$136load_attr.2, args=[Var(stage, jit_functions.py:12)], kws=(), vararg=None, varkwarg=None, target=None)
2026-06-28 01:19:39 [DEBUG] numba.core.ssa:209 — on stmt: $168load_global.5 = global(range: <class 'range'>)
2026-06-28 01:19:39 [DEBUG] numba.core.ssa:209 — on stmt: $180call.8 = call $168load_global.5(stage, func=$168load_global.5, args=[Var(stage, jit_functions.py:12)], kws=(), vararg=None, varkwarg=None, target=None)
2026-06-28 01:19:39 [DEBUG] numba.core.ssa:209 — on stmt: $188get_iter.9 = getiter(value=$180call.8)
2026-06-28 01:19:39 [DEBUG] numba.core.ssa:209 — on stmt: $phi190.0 = $188get_iter.9
2026-06-28 01:19:39 [DEBUG] numba.core.ssa:209 — on stmt: jump 190
2026-06-28 01:19:39 [DEBUG] numba.core.ssa:177 — ==== SSA block analysis pass on 190
2026-06-28 01:19:39 [DEBUG] numba.core.ssa:207 — Running <numba.core.ssa._GatherDefsHandler object at 0x7f8aac396930>
2026-06-28 01:19:39 [DEBUG] numba.core.ssa:209 — on stmt: $190for_iter.1 = iternext(value=$phi190.0)
2026-06-28 01:19:39 [DEBUG] numba.core.ssa:209 — on stmt: $190for_iter.2 = pair_first(value=$190for_iter.1)
2026-06-28 01:19:39 [DEBUG] numba.core.ssa:209 — on stmt: $190for_iter.3 = pair_second(value=$190for_iter.1)
2026-06-28 01:19:39 [DEBUG] numba.core.ssa:209 — on stmt: $phi194.1 = $190for_iter.2
2026-06-28 01:19:39 [DEBUG] numba.core.ssa:209 — on stmt: branch $190for_iter.3, 194, 280
2026-06-28 01:19:39 [DEBUG] numba.core.ssa:177 — ==== SSA block analysis pass on 194
2026-06-28 01:19:39 [DEBUG] numba.core.ssa:207 — Running <numba.core.ssa._GatherDefsHandler object at 0x7f8aac396930>
2026-06-28 01:19:39 [DEBUG] numba.core.ssa:209 — on stmt: j = $phi194.1
2026-06-28 01:19:39 [DEBUG] numba.core.ssa:209 — on stmt: s = const(float, 0.0)
2026-06-28 01:19:39 [DEBUG] numba.core.ssa:209 — on stmt: $200load_global.3 = global(range: <class 'range'>)
2026-06-28 01:19:39 [DEBUG] numba.core.ssa:209 — on stmt: $212call.6 = call $200load_global.3(n, func=$200load_global.3, args=[Var(n, jit_functions.py:18)], kws=(), vararg=None, varkwarg=None, target=None)
2026-06-28 01:19:39 [DEBUG] numba.core.ssa:209 — on stmt: $220get_iter.7 = getiter(value=$212call.6)
2026-06-28 01:19:39 [DEBUG] numba.core.ssa:209 — on stmt: $phi222.1 = $220get_iter.7
2026-06-28 01:19:39 [DEBUG] numba.core.ssa:209 — on stmt: jump 222
2026-06-28 01:19:39 [DEBUG] numba.core.ssa:177 — ==== SSA block analysis pass on 222
2026-06-28 01:19:39 [DEBUG] numba.core.ssa:207 — Running <numba.core.ssa._GatherDefsHandler object at 0x7f8aac396930>
2026-06-28 01:19:39 [DEBUG] numba.core.ssa:209 — on stmt: $222for_iter.2 = iternext(value=$phi222.1)
2026-06-28 01:19:39 [DEBUG] numba.core.ssa:209 — on stmt: $222for_iter.3 = pair_first(value=$222for_iter.2)
2026-06-28 01:19:39 [DEBUG] numba.core.ssa:209 — on stmt: $222for_iter.4 = pair_second(value=$222for_iter.2)
2026-06-28 01:19:39 [DEBUG] numba.core.ssa:209 — on stmt: $phi226.2 = $222for_iter.3
2026-06-28 01:19:39 [DEBUG] numba.core.ssa:209 — on stmt: branch $222for_iter.4, 226, 266
2026-06-28 01:19:39 [DEBUG] numba.core.ssa:177 — ==== SSA block analysis pass on 226
2026-06-28 01:19:39 [DEBUG] numba.core.ssa:207 — Running <numba.core.ssa._GatherDefsHandler object at 0x7f8aac396930>
2026-06-28 01:19:39 [DEBUG] numba.core.ssa:209 — on stmt: r = $phi226.2
2026-06-28 01:19:39 [DEBUG] numba.core.ssa:209 — on stmt: $236build_tuple.7 = build_tuple(items=[Var(r, jit_functions.py:22), Var(stage, jit_functions.py:12)])
2026-06-28 01:19:39 [DEBUG] numba.core.ssa:209 — on stmt: $238binary_subscr.8 = getitem(value=basis_slice, index=$236build_tuple.7, fn=<built-in function getitem>)
2026-06-28 01:19:39 [DEBUG] numba.core.ssa:209 — on stmt: $248build_tuple.12 = build_tuple(items=[Var(r, jit_functions.py:22), Var(j, jit_functions.py:28)])
2026-06-28 01:19:39 [DEBUG] numba.core.ssa:209 — on stmt: $250binary_subscr.13 = getitem(value=basis_slice, index=$248build_tuple.12, fn=<built-in function getitem>)
2026-06-28 01:19:39 [DEBUG] numba.core.ssa:209 — on stmt: $binop_mul254.14 = $238binary_subscr.8 * $250binary_subscr.13
2026-06-28 01:19:39 [DEBUG] numba.core.ssa:209 — on stmt: $binop_iadd258.15 = inplace_binop(fn=<built-in function iadd>, immutable_fn=<built-in function add>, lhs=s, rhs=$binop_mul254.14, static_lhs=Undefined, static_rhs=Undefined)
2026-06-28 01:19:39 [DEBUG] numba.core.ssa:209 — on stmt: s = $binop_iadd258.15
2026-06-28 01:19:39 [DEBUG] numba.core.ssa:209 — on stmt: jump 222
2026-06-28 01:19:39 [DEBUG] numba.core.ssa:177 — ==== SSA block analysis pass on 266
2026-06-28 01:19:39 [DEBUG] numba.core.ssa:207 — Running <numba.core.ssa._GatherDefsHandler object at 0x7f8aac396930>
2026-06-28 01:19:39 [DEBUG] numba.core.ssa:209 — on stmt: dots[j] = s
2026-06-28 01:19:39 [DEBUG] numba.core.ssa:209 — on stmt: jump 190
2026-06-28 01:19:39 [DEBUG] numba.core.ssa:177 — ==== SSA block analysis pass on 280
2026-06-28 01:19:39 [DEBUG] numba.core.ssa:207 — Running <numba.core.ssa._GatherDefsHandler object at 0x7f8aac396930>
2026-06-28 01:19:39 [DEBUG] numba.core.ssa:209 — on stmt: $const284.3.1 = const(int, 0)
2026-06-28 01:19:39 [DEBUG] numba.core.ssa:209 — on stmt: $286compare_op.4 = stage == $const284.3.1
2026-06-28 01:19:39 [DEBUG] numba.core.ssa:209 — on stmt: $bool290 = global(bool: <class 'bool'>)
2026-06-28 01:19:39 [DEBUG] numba.core.ssa:209 — on stmt: $290pred = call $bool290($286compare_op.4, func=$bool290, args=(Var($286compare_op.4, jit_functions.py:35),), kws=(), vararg=None, varkwarg=None, target=None)
2026-06-28 01:19:39 [DEBUG] numba.core.ssa:209 — on stmt: branch $290pred, 292, 302
2026-06-28 01:19:39 [DEBUG] numba.core.ssa:177 — ==== SSA block analysis pass on 292
2026-06-28 01:19:39 [DEBUG] numba.core.ssa:207 — Running <numba.core.ssa._GatherDefsHandler object at 0x7f8aac396930>
2026-06-28 01:19:39 [DEBUG] numba.core.ssa:209 — on stmt: $const294.1.1 = const(int, 0)
2026-06-28 01:19:39 [DEBUG] numba.core.ssa:209 — on stmt: $296binary_subscr.2 = static_getitem(value=dots, index=0, index_var=$const294.1.1, fn=<built-in function getitem>)
2026-06-28 01:19:39 [DEBUG] numba.core.ssa:209 — on stmt: $phi372.0 = $296binary_subscr.2
2026-06-28 01:19:39 [DEBUG] numba.core.ssa:209 — on stmt: jump 372
2026-06-28 01:19:39 [DEBUG] numba.core.ssa:177 — ==== SSA block analysis pass on 302
2026-06-28 01:19:39 [DEBUG] numba.core.ssa:207 — Running <numba.core.ssa._GatherDefsHandler object at 0x7f8aac396930>
2026-06-28 01:19:39 [DEBUG] numba.core.ssa:209 — on stmt: $302load_global.0 = global(np: <module 'numpy' from '/home/dj/.local/lib/python3.12/site-packages/numpy/__init__.py'>)
2026-06-28 01:19:39 [DEBUG] numba.core.ssa:209 — on stmt: $312load_attr.2 = getattr(value=$302load_global.0, attr=dot)
2026-06-28 01:19:39 [DEBUG] numba.core.ssa:209 — on stmt: $const334.4.4 = const(NoneType, None)
2026-06-28 01:19:39 [DEBUG] numba.core.ssa:209 — on stmt: $const336.5.4 = const(NoneType, None)
2026-06-28 01:19:39 [DEBUG] numba.core.ssa:209 — on stmt: $338build_slice.6 = global(slice: <class 'slice'>)
2026-06-28 01:19:39 [DEBUG] numba.core.ssa:209 — on stmt: $338build_slice.7 = call $338build_slice.6($const334.4.4, $const336.5.4, func=$338build_slice.6, args=(Var($const334.4.4, jit_functions.py:36), Var($const336.5.4, jit_functions.py:36)), kws=(), vararg=None, varkwarg=None, target=None)
2026-06-28 01:19:39 [DEBUG] numba.core.ssa:209 — on stmt: $342build_tuple.9 = build_tuple(items=[Var($338build_slice.7, jit_functions.py:36), Var(stage, jit_functions.py:12)])
2026-06-28 01:19:39 [DEBUG] numba.core.ssa:209 — on stmt: $344binary_subscr.10 = getitem(value=basis_slice, index=$342build_tuple.9, fn=<built-in function getitem>)
2026-06-28 01:19:39 [DEBUG] numba.core.ssa:209 — on stmt: $const350.12.4 = const(NoneType, None)
2026-06-28 01:19:39 [DEBUG] numba.core.ssa:209 — on stmt: $const352.13.4 = const(NoneType, None)
2026-06-28 01:19:39 [DEBUG] numba.core.ssa:209 — on stmt: $354build_slice.14 = global(slice: <class 'slice'>)
2026-06-28 01:19:39 [DEBUG] numba.core.ssa:209 — on stmt: $354build_slice.15 = call $354build_slice.14($const350.12.4, $const352.13.4, func=$354build_slice.14, args=(Var($const350.12.4, jit_functions.py:36), Var($const352.13.4, jit_functions.py:36)), kws=(), vararg=None, varkwarg=None, target=None)
2026-06-28 01:19:39 [DEBUG] numba.core.ssa:209 — on stmt: $358build_tuple.17 = build_tuple(items=[Var($354build_slice.15, jit_functions.py:36), Var(stage, jit_functions.py:12)])
2026-06-28 01:19:39 [DEBUG] numba.core.ssa:209 — on stmt: $360binary_subscr.18 = getitem(value=basis_slice, index=$358build_tuple.17, fn=<built-in function getitem>)
2026-06-28 01:19:39 [DEBUG] numba.core.ssa:209 — on stmt: $364call.19 = call $312load_attr.2($344binary_subscr.10, $360binary_subscr.18, func=$312load_attr.2, args=[Var($344binary_subscr.10, jit_functions.py:36), Var($360binary_subscr.18, jit_functions.py:36)], kws=(), vararg=None, varkwarg=None, target=None)
2026-06-28 01:19:39 [DEBUG] numba.core.ssa:209 — on stmt: $phi372.0 = $364call.19
2026-06-28 01:19:39 [DEBUG] numba.core.ssa:209 — on stmt: jump 372
2026-06-28 01:19:39 [DEBUG] numba.core.ssa:177 — ==== SSA block analysis pass on 372
2026-06-28 01:19:39 [DEBUG] numba.core.ssa:207 — Running <numba.core.ssa._GatherDefsHandler object at 0x7f8aac396930>
2026-06-28 01:19:39 [DEBUG] numba.core.ssa:209 — on stmt: gs[stage] = $phi372.0
2026-06-28 01:19:39 [DEBUG] numba.core.ssa:209 — on stmt: s.1 = const(float, 0.0)
2026-06-28 01:19:39 [DEBUG] numba.core.ssa:209 — on stmt: $384load_global.4 = global(range: <class 'range'>)
2026-06-28 01:19:39 [DEBUG] numba.core.ssa:209 — on stmt: $396call.7 = call $384load_global.4(n, func=$384load_global.4, args=[Var(n, jit_functions.py:18)], kws=(), vararg=None, varkwarg=None, target=None)
2026-06-28 01:19:39 [DEBUG] numba.core.ssa:209 — on stmt: $404get_iter.8 = getiter(value=$396call.7)
2026-06-28 01:19:39 [DEBUG] numba.core.ssa:209 — on stmt: $phi406.0 = $404get_iter.8
2026-06-28 01:19:39 [DEBUG] numba.core.ssa:209 — on stmt: jump 406
2026-06-28 01:19:39 [DEBUG] numba.core.ssa:177 — ==== SSA block analysis pass on 406
2026-06-28 01:19:39 [DEBUG] numba.core.ssa:207 — Running <numba.core.ssa._GatherDefsHandler object at 0x7f8aac396930>
2026-06-28 01:19:39 [DEBUG] numba.core.ssa:209 — on stmt: $406for_iter.1 = iternext(value=$phi406.0)
2026-06-28 01:19:39 [DEBUG] numba.core.ssa:209 — on stmt: $406for_iter.2 = pair_first(value=$406for_iter.1)
2026-06-28 01:19:39 [DEBUG] numba.core.ssa:209 — on stmt: $406for_iter.3 = pair_second(value=$406for_iter.1)
2026-06-28 01:19:39 [DEBUG] numba.core.ssa:209 — on stmt: $phi410.1 = $406for_iter.2
2026-06-28 01:19:39 [DEBUG] numba.core.ssa:209 — on stmt: branch $406for_iter.3, 410, 450
2026-06-28 01:19:39 [DEBUG] numba.core.ssa:177 — ==== SSA block analysis pass on 410
2026-06-28 01:19:39 [DEBUG] numba.core.ssa:207 — Running <numba.core.ssa._GatherDefsHandler object at 0x7f8aac396930>
2026-06-28 01:19:39 [DEBUG] numba.core.ssa:209 — on stmt: r = $phi410.1
2026-06-28 01:19:39 [DEBUG] numba.core.ssa:209 — on stmt: $420build_tuple.6 = build_tuple(items=[Var(r, jit_functions.py:22), Var(stage, jit_functions.py:12)])
2026-06-28 01:19:39 [DEBUG] numba.core.ssa:209 — on stmt: $422binary_subscr.7 = getitem(value=basis_slice, index=$420build_tuple.6, fn=<built-in function getitem>)
2026-06-28 01:19:39 [DEBUG] numba.core.ssa:209 — on stmt: $432build_tuple.11 = build_tuple(items=[Var(r, jit_functions.py:22), Var(stage, jit_functions.py:12)])
2026-06-28 01:19:39 [DEBUG] numba.core.ssa:209 — on stmt: $434binary_subscr.12 = getitem(value=basis_slice, index=$432build_tuple.11, fn=<built-in function getitem>)
2026-06-28 01:19:39 [DEBUG] numba.core.ssa:209 — on stmt: $binop_mul438.13 = $422binary_subscr.7 * $434binary_subscr.12
2026-06-28 01:19:39 [DEBUG] numba.core.ssa:209 — on stmt: $binop_iadd442.14 = inplace_binop(fn=<built-in function iadd>, immutable_fn=<built-in function add>, lhs=s.1, rhs=$binop_mul438.13, static_lhs=Undefined, static_rhs=Undefined)
2026-06-28 01:19:39 [DEBUG] numba.core.ssa:209 — on stmt: s.1 = $binop_iadd442.14
2026-06-28 01:19:39 [DEBUG] numba.core.ssa:209 — on stmt: jump 406
2026-06-28 01:19:39 [DEBUG] numba.core.ssa:177 — ==== SSA block analysis pass on 450
2026-06-28 01:19:39 [DEBUG] numba.core.ssa:207 — Running <numba.core.ssa._GatherDefsHandler object at 0x7f8aac396930>
2026-06-28 01:19:39 [DEBUG] numba.core.ssa:209 — on stmt: gs[stage] = s.1
2026-06-28 01:19:39 [DEBUG] numba.core.ssa:209 — on stmt: $462load_global.5 = global(range: <class 'range'>)
2026-06-28 01:19:39 [DEBUG] numba.core.ssa:209 — on stmt: $474call.8 = call $462load_global.5(stage, func=$462load_global.5, args=[Var(stage, jit_functions.py:12)], kws=(), vararg=None, varkwarg=None, target=None)
2026-06-28 01:19:39 [DEBUG] numba.core.ssa:209 — on stmt: $482get_iter.9 = getiter(value=$474call.8)
2026-06-28 01:19:39 [DEBUG] numba.core.ssa:209 — on stmt: $phi484.0 = $482get_iter.9
2026-06-28 01:19:39 [DEBUG] numba.core.ssa:209 — on stmt: jump 484
2026-06-28 01:19:39 [DEBUG] numba.core.ssa:177 — ==== SSA block analysis pass on 484
2026-06-28 01:19:39 [DEBUG] numba.core.ssa:207 — Running <numba.core.ssa._GatherDefsHandler object at 0x7f8aac396930>
2026-06-28 01:19:39 [DEBUG] numba.core.ssa:209 — on stmt: $484for_iter.1 = iternext(value=$phi484.0)
2026-06-28 01:19:39 [DEBUG] numba.core.ssa:209 — on stmt: $484for_iter.2 = pair_first(value=$484for_iter.1)
2026-06-28 01:19:39 [DEBUG] numba.core.ssa:209 — on stmt: $484for_iter.3 = pair_second(value=$484for_iter.1)
2026-06-28 01:19:39 [DEBUG] numba.core.ssa:209 — on stmt: $phi488.1 = $484for_iter.2
2026-06-28 01:19:39 [DEBUG] numba.core.ssa:209 — on stmt: branch $484for_iter.3, 488, 678
2026-06-28 01:19:39 [DEBUG] numba.core.ssa:177 — ==== SSA block analysis pass on 488
2026-06-28 01:19:39 [DEBUG] numba.core.ssa:207 — Running <numba.core.ssa._GatherDefsHandler object at 0x7f8aac396930>
2026-06-28 01:19:39 [DEBUG] numba.core.ssa:209 — on stmt: j = $phi488.1
2026-06-28 01:19:39 [DEBUG] numba.core.ssa:209 — on stmt: ct = const(float, 0.0)
2026-06-28 01:19:39 [DEBUG] numba.core.ssa:209 — on stmt: $494load_global.3 = global(range: <class 'range'>)
2026-06-28 01:19:39 [DEBUG] numba.core.ssa:209 — on stmt: $506call.6 = call $494load_global.3(j, func=$494load_global.3, args=[Var(j, jit_functions.py:28)], kws=(), vararg=None, varkwarg=None, target=None)
2026-06-28 01:19:39 [DEBUG] numba.core.ssa:209 — on stmt: $514get_iter.7 = getiter(value=$506call.6)
2026-06-28 01:19:39 [DEBUG] numba.core.ssa:209 — on stmt: $phi516.1 = $514get_iter.7
2026-06-28 01:19:39 [DEBUG] numba.core.ssa:209 — on stmt: jump 516
2026-06-28 01:19:39 [DEBUG] numba.core.ssa:177 — ==== SSA block analysis pass on 516
2026-06-28 01:19:39 [DEBUG] numba.core.ssa:207 — Running <numba.core.ssa._GatherDefsHandler object at 0x7f8aac396930>
2026-06-28 01:19:39 [DEBUG] numba.core.ssa:209 — on stmt: $516for_iter.2 = iternext(value=$phi516.1)
2026-06-28 01:19:39 [DEBUG] numba.core.ssa:209 — on stmt: $516for_iter.3 = pair_first(value=$516for_iter.2)
2026-06-28 01:19:39 [DEBUG] numba.core.ssa:209 — on stmt: $516for_iter.4 = pair_second(value=$516for_iter.2)
2026-06-28 01:19:39 [DEBUG] numba.core.ssa:209 — on stmt: $phi520.2 = $516for_iter.3
2026-06-28 01:19:39 [DEBUG] numba.core.ssa:209 — on stmt: branch $516for_iter.4, 520, 572
2026-06-28 01:19:39 [DEBUG] numba.core.ssa:177 — ==== SSA block analysis pass on 520
2026-06-28 01:19:39 [DEBUG] numba.core.ssa:207 — Running <numba.core.ssa._GatherDefsHandler object at 0x7f8aac396930>
2026-06-28 01:19:39 [DEBUG] numba.core.ssa:209 — on stmt: i = $phi520.2
2026-06-28 01:19:39 [DEBUG] numba.core.ssa:209 — on stmt: $530build_tuple.7 = build_tuple(items=[Var(i, jit_functions.py:47), Var(j, jit_functions.py:28)])
2026-06-28 01:19:39 [DEBUG] numba.core.ssa:209 — on stmt: $532binary_subscr.8 = getitem(value=gsc, index=$530build_tuple.7, fn=<built-in function getitem>)
2026-06-28 01:19:39 [DEBUG] numba.core.ssa:209 — on stmt: $542build_tuple.12 = build_tuple(items=[Var(i, jit_functions.py:47), Var(stage, jit_functions.py:12)])
2026-06-28 01:19:39 [DEBUG] numba.core.ssa:209 — on stmt: $544binary_subscr.13 = getitem(value=gsc, index=$542build_tuple.12, fn=<built-in function getitem>)
2026-06-28 01:19:39 [DEBUG] numba.core.ssa:209 — on stmt: $binop_mul548.14 = $532binary_subscr.8 * $544binary_subscr.13
2026-06-28 01:19:39 [DEBUG] numba.core.ssa:209 — on stmt: $556binary_subscr.17 = getitem(value=gs, index=i, fn=<built-in function getitem>)
2026-06-28 01:19:39 [DEBUG] numba.core.ssa:209 — on stmt: $binop_mul560.18 = $binop_mul548.14 * $556binary_subscr.17
2026-06-28 01:19:39 [DEBUG] numba.core.ssa:209 — on stmt: $binop_iadd564.19 = inplace_binop(fn=<built-in function iadd>, immutable_fn=<built-in function add>, lhs=ct, rhs=$binop_mul560.18, static_lhs=Undefined, static_rhs=Undefined)
2026-06-28 01:19:39 [DEBUG] numba.core.ssa:209 — on stmt: ct = $binop_iadd564.19
2026-06-28 01:19:39 [DEBUG] numba.core.ssa:209 — on stmt: jump 516
2026-06-28 01:19:39 [DEBUG] numba.core.ssa:177 — ==== SSA block analysis pass on 572
2026-06-28 01:19:39 [DEBUG] numba.core.ssa:207 — Running <numba.core.ssa._GatherDefsHandler object at 0x7f8aac396930>
2026-06-28 01:19:39 [DEBUG] numba.core.ssa:209 — on stmt: $578binary_subscr.5 = getitem(value=dots, index=j, fn=<built-in function getitem>)
2026-06-28 01:19:39 [DEBUG] numba.core.ssa:209 — on stmt: $binop_sub584.7 = $578binary_subscr.5 - ct
2026-06-28 01:19:39 [DEBUG] numba.core.ssa:209 — on stmt: $592binary_subscr.10 = getitem(value=gs, index=j, fn=<built-in function getitem>)
2026-06-28 01:19:39 [DEBUG] numba.core.ssa:209 — on stmt: $binop_truediv596.11 = $binop_sub584.7 / $592binary_subscr.10
2026-06-28 01:19:39 [DEBUG] numba.core.ssa:209 — on stmt: $606build_tuple.15 = build_tuple(items=[Var(j, jit_functions.py:28), Var(stage, jit_functions.py:12)])
2026-06-28 01:19:39 [DEBUG] numba.core.ssa:209 — on stmt: gsc[$606build_tuple.15] = $binop_truediv596.11
2026-06-28 01:19:39 [DEBUG] numba.core.ssa:209 — on stmt: $620binary_subscr.18 = getitem(value=gs, index=stage, fn=<built-in function getitem>)
2026-06-28 01:19:39 [DEBUG] numba.core.ssa:209 — on stmt: $630build_tuple.22 = build_tuple(items=[Var(j, jit_functions.py:28), Var(stage, jit_functions.py:12)])
2026-06-28 01:19:39 [DEBUG] numba.core.ssa:209 — on stmt: $632binary_subscr.23 = getitem(value=gsc, index=$630build_tuple.22, fn=<built-in function getitem>)
2026-06-28 01:19:39 [DEBUG] numba.core.ssa:209 — on stmt: $642build_tuple.27 = build_tuple(items=[Var(j, jit_functions.py:28), Var(stage, jit_functions.py:12)])
2026-06-28 01:19:39 [DEBUG] numba.core.ssa:209 — on stmt: $644binary_subscr.28 = getitem(value=gsc, index=$642build_tuple.27, fn=<built-in function getitem>)
2026-06-28 01:19:39 [DEBUG] numba.core.ssa:209 — on stmt: $binop_mul648.29 = $632binary_subscr.23 * $644binary_subscr.28
2026-06-28 01:19:39 [DEBUG] numba.core.ssa:209 — on stmt: $656binary_subscr.32 = getitem(value=gs, index=j, fn=<built-in function getitem>)
2026-06-28 01:19:39 [DEBUG] numba.core.ssa:209 — on stmt: $binop_mul660.33 = $binop_mul648.29 * $656binary_subscr.32
2026-06-28 01:19:39 [DEBUG] numba.core.ssa:209 — on stmt: $binop_isub664.34 = inplace_binop(fn=<built-in function isub>, immutable_fn=<built-in function sub>, lhs=$620binary_subscr.18, rhs=$binop_mul660.33, static_lhs=Undefined, static_rhs=Undefined)
2026-06-28 01:19:39 [DEBUG] numba.core.ssa:209 — on stmt: gs[stage] = $binop_isub664.34
2026-06-28 01:19:39 [DEBUG] numba.core.ssa:209 — on stmt: jump 484
2026-06-28 01:19:39 [DEBUG] numba.core.ssa:177 — ==== SSA block analysis pass on 678
2026-06-28 01:19:39 [DEBUG] numba.core.ssa:207 — Running <numba.core.ssa._GatherDefsHandler object at 0x7f8aac396930>
2026-06-28 01:19:39 [DEBUG] numba.core.ssa:209 — on stmt: $const680.2.5 = const(float, 1.0)
2026-06-28 01:19:39 [DEBUG] numba.core.ssa:209 — on stmt: $688build_tuple.6 = build_tuple(items=[Var(stage, jit_functions.py:12), Var(stage, jit_functions.py:12)])
2026-06-28 01:19:39 [DEBUG] numba.core.ssa:209 — on stmt: gsc[$688build_tuple.6] = $const680.2.5
2026-06-28 01:19:39 [DEBUG] numba.core.ssa:209 — on stmt: $const694.7 = const(NoneType, None)
2026-06-28 01:19:39 [DEBUG] numba.core.ssa:209 — on stmt: $694return_const.8 = cast(value=$const694.7)
2026-06-28 01:19:39 [DEBUG] numba.core.ssa:209 — on stmt: return $694return_const.8
2026-06-28 01:19:39 [DEBUG] numba.core.ssa:156 — defs defaultdict(<class 'list'>,
            {'$126load_global.0': [(<numba.core.ir.Assign object at 0x7f8aac32f980>,
                                    126)],
             '$136load_attr.2': [(<numba.core.ir.Assign object at 0x7f8aac32faa0>,
                                  126)],
             '$168load_global.5': [(<numba.core.ir.Assign object at 0x7f8aac32fef0>,
                                    126)],
             '$180call.8': [(<numba.core.ir.Assign object at 0x7f8aac3601a0>,
                             126)],
             '$188get_iter.9': [(<numba.core.ir.Assign object at 0x7f8aac360290>,
                                 126)],
             '$190for_iter.1': [(<numba.core.ir.Assign object at 0x7f8aac360410>,
                                 190)],
             '$190for_iter.2': [(<numba.core.ir.Assign object at 0x7f8aac360500>,
                                 190)],
             '$190for_iter.3': [(<numba.core.ir.Assign object at 0x7f8aac3605f0>,
                                 190)],
             '$200load_global.3': [(<numba.core.ir.Assign object at 0x7f8aac360ad0>,
                                    194)],
             '$212call.6': [(<numba.core.ir.Assign object at 0x7f8aac360d40>,
                             194)],
             '$220get_iter.7': [(<numba.core.ir.Assign object at 0x7f8aac360e30>,
                                 194)],
             '$222for_iter.2': [(<numba.core.ir.Assign object at 0x7f8aac361010>,
                                 222)],
             '$222for_iter.3': [(<numba.core.ir.Assign object at 0x7f8aac361130>,
                                 222)],
             '$222for_iter.4': [(<numba.core.ir.Assign object at 0x7f8aac361250>,
                                 222)],
             '$236build_tuple.7': [(<numba.core.ir.Assign object at 0x7f8aac361910>,
                                    226)],
             '$238binary_subscr.8': [(<numba.core.ir.Assign object at 0x7f8aac361a90>,
                                      226)],
             '$248build_tuple.12': [(<numba.core.ir.Assign object at 0x7f8aac361e80>,
                                     226)],
             '$250binary_subscr.13': [(<numba.core.ir.Assign object at 0x7f8aac362000>,
                                       226)],
             '$286compare_op.4': [(<numba.core.ir.Assign object at 0x7f8aac362780>,
                                   280)],
             '$290pred': [(<numba.core.ir.Assign object at 0x7f8aac362990>,
                           280)],
             '$296binary_subscr.2': [(<numba.core.ir.Assign object at 0x7f8aac394860>,
                                      292)],
             '$302load_global.0': [(<numba.core.ir.Assign object at 0x7f8aac362f60>,
                                    302)],
             '$312load_attr.2': [(<numba.core.ir.Assign object at 0x7f8aac3630b0>,
                                  302)],
             '$338build_slice.6': [(<numba.core.ir.Assign object at 0x7f8aac363500>,
                                    302)],
             '$338build_slice.7': [(<numba.core.ir.Assign object at 0x7f8aac363620>,
                                    302)],
             '$342build_tuple.9': [(<numba.core.ir.Assign object at 0x7f8aac363860>,
                                    302)],
             '$344binary_subscr.10': [(<numba.core.ir.Assign object at 0x7f8aac3639e0>,
                                       302)],
             '$354build_slice.14': [(<numba.core.ir.Assign object at 0x7f8aac363e00>,
                                     302)],
             '$354build_slice.15': [(<numba.core.ir.Assign object at 0x7f8aac363f20>,
                                     302)],
             '$358build_tuple.17': [(<numba.core.ir.Assign object at 0x7f8aac36c1a0>,
                                     302)],
             '$360binary_subscr.18': [(<numba.core.ir.Assign object at 0x7f8aac36c320>,
                                       302)],
             '$364call.19': [(<numba.core.ir.Assign object at 0x7f8aac36c4a0>,
                              302)],
             '$384load_global.4': [(<numba.core.ir.Assign object at 0x7f8aac36c980>,
                                    372)],
             '$38compare_op.6': [(<numba.core.ir.Assign object at 0x7f8aac32d760>,
                                  0)],
             '$396call.7': [(<numba.core.ir.Assign object at 0x7f8aac36cc20>,
                             372)],
             '$404get_iter.8': [(<numba.core.ir.Assign object at 0x7f8aac36cd40>,
                                 372)],
             '$406for_iter.1': [(<numba.core.ir.Assign object at 0x7f8aac36ce90>,
                                 406)],
             '$406for_iter.2': [(<numba.core.ir.Assign object at 0x7f8aac36cfb0>,
                                 406)],
             '$406for_iter.3': [(<numba.core.ir.Assign object at 0x7f8aac36d0d0>,
                                 406)],
             '$420build_tuple.6': [(<numba.core.ir.Assign object at 0x7f8aac36d790>,
                                    410)],
             '$422binary_subscr.7': [(<numba.core.ir.Assign object at 0x7f8aac36d910>,
                                      410)],
             '$42pred': [(<numba.core.ir.Assign object at 0x7f8aac32d670>, 0)],
             '$432build_tuple.11': [(<numba.core.ir.Assign object at 0x7f8aac36dd00>,
                                     410)],
             '$434binary_subscr.12': [(<numba.core.ir.Assign object at 0x7f8aac36de80>,
                                       410)],
             '$462load_global.5': [(<numba.core.ir.Assign object at 0x7f8aac36e3f0>,
                                    450)],
             '$474call.8': [(<numba.core.ir.Assign object at 0x7f8aac36e690>,
                             450)],
             '$482get_iter.9': [(<numba.core.ir.Assign object at 0x7f8aac36e7b0>,
                                 450)],
             '$484for_iter.1': [(<numba.core.ir.Assign object at 0x7f8aac36e900>,
                                 484)],
             '$484for_iter.2': [(<numba.core.ir.Assign object at 0x7f8aac36ea20>,
                                 484)],
             '$484for_iter.3': [(<numba.core.ir.Assign object at 0x7f8aac36eb40>,
                                 484)],
             '$48load_global.1': [(<numba.core.ir.Assign object at 0x7f8aac32e120>,
                                   44)],
             '$494load_global.3': [(<numba.core.ir.Assign object at 0x7f8aac36f020>,
                                    488)],
             '$506call.6': [(<numba.core.ir.Assign object at 0x7f8aac36f2c0>,
                             488)],
             '$514get_iter.7': [(<numba.core.ir.Assign object at 0x7f8aac36f3e0>,
                                 488)],
             '$516for_iter.2': [(<numba.core.ir.Assign object at 0x7f8aac36f5f0>,
                                 516)],
             '$516for_iter.3': [(<numba.core.ir.Assign object at 0x7f8aac36f710>,
                                 516)],
             '$516for_iter.4': [(<numba.core.ir.Assign object at 0x7f8aac36f830>,
                                 516)],
             '$530build_tuple.7': [(<numba.core.ir.Assign object at 0x7f8aac36ff50>,
                                    520)],
             '$532binary_subscr.8': [(<numba.core.ir.Assign object at 0x7f8aac374110>,
                                      520)],
             '$542build_tuple.12': [(<numba.core.ir.Assign object at 0x7f8aac374500>,
                                     520)],
             '$544binary_subscr.13': [(<numba.core.ir.Assign object at 0x7f8aac374680>,
                                       520)],
             '$556binary_subscr.17': [(<numba.core.ir.Assign object at 0x7f8aac374b00>,
                                       520)],
             '$578binary_subscr.5': [(<numba.core.ir.Assign object at 0x7f8aac374ec0>,
                                      572)],
             '$592binary_subscr.10': [(<numba.core.ir.Assign object at 0x7f8aac375430>,
                                       572)],
             '$606build_tuple.15': [(<numba.core.ir.Assign object at 0x7f8aac375970>,
                                     572)],
             '$60call.4': [(<numba.core.ir.Assign object at 0x7f8aac32e390>,
                            44)],
             '$620binary_subscr.18': [(<numba.core.ir.Assign object at 0x7f8aac375d30>,
                                       572)],
             '$630build_tuple.22': [(<numba.core.ir.Assign object at 0x7f8aac376120>,
                                     572)],
             '$632binary_subscr.23': [(<numba.core.ir.Assign object at 0x7f8aac3762a0>,
                                       572)],
             '$642build_tuple.27': [(<numba.core.ir.Assign object at 0x7f8aac376690>,
                                     572)],
             '$644binary_subscr.28': [(<numba.core.ir.Assign object at 0x7f8aac376810>,
                                       572)],
             '$656binary_subscr.32': [(<numba.core.ir.Assign object at 0x7f8aac376c90>,
                                       572)],
             '$688build_tuple.6': [(<numba.core.ir.Assign object at 0x7f8aac376450>,
                                    678)],
             '$68get_iter.5': [(<numba.core.ir.Assign object at 0x7f8aac32e420>,
                                44)],
             '$694return_const.8': [(<numba.core.ir.Assign object at 0x7f8aac377140>,
                                     678)],
             '$6load_attr.1': [(<numba.core.ir.Assign object at 0x7f8aac32d8b0>,
                                0)],
             '$70for_iter.1': [(<numba.core.ir.Assign object at 0x7f8aac32e540>,
                                70)],
             '$70for_iter.2': [(<numba.core.ir.Assign object at 0x7f8aac32e5d0>,
                                70)],
             '$70for_iter.3': [(<numba.core.ir.Assign object at 0x7f8aac32e660>,
                                70)],
             '$84build_tuple.6': [(<numba.core.ir.Assign object at 0x7f8aac32ed50>,
                                   74)],
             '$86binary_subscr.7': [(<numba.core.ir.Assign object at 0x7f8aac32eea0>,
                                     74)],
             '$96build_tuple.11': [(<numba.core.ir.Assign object at 0x7f8aac32f290>,
                                    74)],
             '$98binary_subscr.12': [(<numba.core.ir.Assign object at 0x7f8aac32f3e0>,
                                      74)],
             '$binop_iadd106.14': [(<numba.core.ir.Assign object at 0x7f8aac32f620>,
                                    74)],
             '$binop_iadd258.15': [(<numba.core.ir.Assign object at 0x7f8aac3622a0>,
                                    226)],
             '$binop_iadd442.14': [(<numba.core.ir.Assign object at 0x7f8aac36e120>,
                                    410)],
             '$binop_iadd564.19': [(<numba.core.ir.Assign object at 0x7f8aac374da0>,
                                    520)],
             '$binop_isub664.34': [(<numba.core.ir.Assign object at 0x7f8aac376f30>,
                                    572)],
             '$binop_mul102.13': [(<numba.core.ir.Assign object at 0x7f8aac32f500>,
                                   74)],
             '$binop_mul254.14': [(<numba.core.ir.Assign object at 0x7f8aac362150>,
                                   226)],
             '$binop_mul438.13': [(<numba.core.ir.Assign object at 0x7f8aac36dfd0>,
                                   410)],
             '$binop_mul548.14': [(<numba.core.ir.Assign object at 0x7f8aac3747d0>,
                                   520)],
             '$binop_mul560.18': [(<numba.core.ir.Assign object at 0x7f8aac374c50>,
                                   520)],
             '$binop_mul648.29': [(<numba.core.ir.Assign object at 0x7f8aac376960>,
                                   572)],
             '$binop_mul660.33': [(<numba.core.ir.Assign object at 0x7f8aac376de0>,
                                   572)],
             '$binop_sub584.7': [(<numba.core.ir.Assign object at 0x7f8aac375100>,
                                  572)],
             '$binop_truediv596.11': [(<numba.core.ir.Assign object at 0x7f8aac375580>,
                                       572)],
             '$bool290': [(<numba.core.ir.Assign object at 0x7f8aac362870>,
                           280)],
             '$bool42': [(<numba.core.ir.Assign object at 0x7f8aac32daf0>, 0)],
             '$const120.4.1': [(<numba.core.ir.Assign object at 0x7f8aac32f8c0>,
                                114)],
             '$const26.2.1': [(<numba.core.ir.Assign object at 0x7f8aac32d640>,
                               0)],
             '$const284.3.1': [(<numba.core.ir.Assign object at 0x7f8aac362660>,
                                280)],
             '$const294.1.1': [(<numba.core.ir.Assign object at 0x7f8aac362c30>,
                                292)],
             '$const334.4.4': [(<numba.core.ir.Assign object at 0x7f8aac363320>,
                                302)],
             '$const336.5.4': [(<numba.core.ir.Assign object at 0x7f8aac363440>,
                                302)],
             '$const350.12.4': [(<numba.core.ir.Assign object at 0x7f8aac363c20>,
                                 302)],
             '$const352.13.4': [(<numba.core.ir.Assign object at 0x7f8aac363d40>,
                                 302)],
             '$const36.5.2': [(<numba.core.ir.Assign object at 0x7f8aac32e0c0>,
                               0)],
             '$const680.2.5': [(<numba.core.ir.Assign object at 0x7f8aac3752b0>,
                                678)],
             '$const694.7': [(<numba.core.ir.Assign object at 0x7f8aac377020>,
                              678)],
             '$const82.5.1': [(<numba.core.ir.Assign object at 0x7f8aac32ec90>,
                               74)],
             '$const94.10.1': [(<numba.core.ir.Assign object at 0x7f8aac32f1d0>,
                                74)],
             '$phi190.0': [(<numba.core.ir.Assign object at 0x7f8aac32fdd0>,
                            126)],
             '$phi194.1': [(<numba.core.ir.Assign object at 0x7f8aac360680>,
                            190)],
             '$phi222.1': [(<numba.core.ir.Assign object at 0x7f8aac3608c0>,
                            194)],
             '$phi226.2': [(<numba.core.ir.Assign object at 0x7f8aac3612e0>,
                            222)],
             '$phi372.0': [(<numba.core.ir.Assign object at 0x7f8aac361c70>,
                            292),
                           (<numba.core.ir.Assign object at 0x7f8aac3631a0>,
                            302)],
             '$phi406.0': [(<numba.core.ir.Assign object at 0x7f8aac36c500>,
                            372)],
             '$phi410.1': [(<numba.core.ir.Assign object at 0x7f8aac36d160>,
                            406)],
             '$phi484.0': [(<numba.core.ir.Assign object at 0x7f8aac36daf0>,
                            450)],
             '$phi488.1': [(<numba.core.ir.Assign object at 0x7f8aac36ebd0>,
                            484)],
             '$phi516.1': [(<numba.core.ir.Assign object at 0x7f8aac36f110>,
                            488)],
             '$phi520.2': [(<numba.core.ir.Assign object at 0x7f8aac36f8c0>,
                            516)],
             '$phi70.0': [(<numba.core.ir.Assign object at 0x7f8aac32dcd0>,
                           44)],
             '$phi74.1': [(<numba.core.ir.Assign object at 0x7f8aac32e6c0>,
                           70)],
             'basis_slice': [(<numba.core.ir.Assign object at 0x7f8aaff25430>,
                              0)],
             'ct': [(<numba.core.ir.Assign object at 0x7f8aac36ee70>, 488),
                    (<numba.core.ir.Assign object at 0x7f8aac374e00>, 520)],
             'dots': [(<numba.core.ir.Assign object at 0x7f8aac32fd10>, 126)],
             'gs': [(<numba.core.ir.Assign object at 0x7f8aac32d910>, 0)],
             'gsc': [(<numba.core.ir.Assign object at 0x7f8aac32ddf0>, 0)],
             'i': [(<numba.core.ir.Assign object at 0x7f8aac36fa40>, 520)],
             'j': [(<numba.core.ir.Assign object at 0x7f8aac360800>, 194),
                   (<numba.core.ir.Assign object at 0x7f8aac36ecf0>, 488)],
             'n': [(<numba.core.ir.Assign object at 0x7f8aac397e30>, 0)],
             'r': [(<numba.core.ir.Assign object at 0x7f8aac32e840>, 74),
                   (<numba.core.ir.Assign object at 0x7f8aac361400>, 226),
                   (<numba.core.ir.Assign object at 0x7f8aac36d280>, 410)],
             's': [(<numba.core.ir.Assign object at 0x7f8aac32e1b0>, 44),
                   (<numba.core.ir.Assign object at 0x7f8aac32f680>, 74),
                   (<numba.core.ir.Assign object at 0x7f8aac360980>, 194),
                   (<numba.core.ir.Assign object at 0x7f8aac362300>, 226)],
             's.1': [(<numba.core.ir.Assign object at 0x7f8aac36c7a0>, 372),
                     (<numba.core.ir.Assign object at 0x7f8aac36e180>, 410)],
             'stage': [(<numba.core.ir.Assign object at 0x7f8aac32d5e0>, 0)]})
2026-06-28 01:19:39 [DEBUG] numba.core.ssa:171 — SSA violators <numba.core.utils.OrderedSet object at 0x7f8ab66dfad0>
2026-06-28 01:19:39 [DEBUG] numba.core.ssa:63 — Fix SSA violator on var s
2026-06-28 01:19:39 [DEBUG] numba.core.ssa:186 — ==== SSA block rewrite pass on 0
2026-06-28 01:19:39 [DEBUG] numba.core.ssa:207 — Running <numba.core.ssa._FreshVarHandler object at 0x7f8ab68a92b0>
2026-06-28 01:19:39 [DEBUG] numba.core.ssa:209 — on stmt: basis_slice = arg(0, name=basis_slice)
2026-06-28 01:19:39 [DEBUG] numba.core.ssa:209 — on stmt: gsc = arg(1, name=gsc)
2026-06-28 01:19:39 [DEBUG] numba.core.ssa:209 — on stmt: gs = arg(2, name=gs)
2026-06-28 01:19:39 [DEBUG] numba.core.ssa:209 — on stmt: stage = arg(3, name=stage)
2026-06-28 01:19:39 [DEBUG] numba.core.ssa:209 — on stmt: $6load_attr.1 = getattr(value=basis_slice, attr=shape)
2026-06-28 01:19:39 [DEBUG] numba.core.ssa:209 — on stmt: $const26.2.1 = const(int, 0)
2026-06-28 01:19:39 [DEBUG] numba.core.ssa:209 — on stmt: n = static_getitem(value=$6load_attr.1, index=0, index_var=$const26.2.1, fn=<built-in function getitem>)
2026-06-28 01:19:39 [DEBUG] numba.core.ssa:209 — on stmt: $const36.5.2 = const(int, 1)
2026-06-28 01:19:39 [DEBUG] numba.core.ssa:209 — on stmt: $38compare_op.6 = stage == $const36.5.2
2026-06-28 01:19:39 [DEBUG] numba.core.ssa:209 — on stmt: $bool42 = global(bool: <class 'bool'>)
2026-06-28 01:19:39 [DEBUG] numba.core.ssa:209 — on stmt: $42pred = call $bool42($38compare_op.6, func=$bool42, args=(Var($38compare_op.6, jit_functions.py:20),), kws=(), vararg=None, varkwarg=None, target=None)
2026-06-28 01:19:39 [DEBUG] numba.core.ssa:209 — on stmt: branch $42pred, 44, 126
2026-06-28 01:19:39 [DEBUG] numba.core.ssa:186 — ==== SSA block rewrite pass on 44
2026-06-28 01:19:39 [DEBUG] numba.core.ssa:207 — Running <numba.core.ssa._FreshVarHandler object at 0x7f8ab68a92b0>
2026-06-28 01:19:39 [DEBUG] numba.core.ssa:209 — on stmt: s = const(float, 0.0)
2026-06-28 01:19:39 [DEBUG] numba.core.ssa:301 — first assign: s
2026-06-28 01:19:39 [DEBUG] numba.core.ssa:215 — replaced with: s = const(float, 0.0)
2026-06-28 01:19:39 [DEBUG] numba.core.ssa:209 — on stmt: $48load_global.1 = global(range: <class 'range'>)
2026-06-28 01:19:39 [DEBUG] numba.core.ssa:209 — on stmt: $60call.4 = call $48load_global.1(n, func=$48load_global.1, args=[Var(n, jit_functions.py:18)], kws=(), vararg=None, varkwarg=None, target=None)
2026-06-28 01:19:39 [DEBUG] numba.core.ssa:209 — on stmt: $68get_iter.5 = getiter(value=$60call.4)
2026-06-28 01:19:39 [DEBUG] numba.core.ssa:209 — on stmt: $phi70.0 = $68get_iter.5
2026-06-28 01:19:39 [DEBUG] numba.core.ssa:209 — on stmt: jump 70
2026-06-28 01:19:39 [DEBUG] numba.core.ssa:186 — ==== SSA block rewrite pass on 70
2026-06-28 01:19:39 [DEBUG] numba.core.ssa:207 — Running <numba.core.ssa._FreshVarHandler object at 0x7f8ab68a92b0>
2026-06-28 01:19:39 [DEBUG] numba.core.ssa:209 — on stmt: $70for_iter.1 = iternext(value=$phi70.0)
2026-06-28 01:19:39 [DEBUG] numba.core.ssa:209 — on stmt: $70for_iter.2 = pair_first(value=$70for_iter.1)
2026-06-28 01:19:39 [DEBUG] numba.core.ssa:209 — on stmt: $70for_iter.3 = pair_second(value=$70for_iter.1)
2026-06-28 01:19:39 [DEBUG] numba.core.ssa:209 — on stmt: $phi74.1 = $70for_iter.2
2026-06-28 01:19:39 [DEBUG] numba.core.ssa:209 — on stmt: branch $70for_iter.3, 74, 114
2026-06-28 01:19:39 [DEBUG] numba.core.ssa:186 — ==== SSA block rewrite pass on 74
2026-06-28 01:19:39 [DEBUG] numba.core.ssa:207 — Running <numba.core.ssa._FreshVarHandler object at 0x7f8ab68a92b0>
2026-06-28 01:19:39 [DEBUG] numba.core.ssa:209 — on stmt: r = $phi74.1
2026-06-28 01:19:39 [DEBUG] numba.core.ssa:209 — on stmt: $const82.5.1 = const(int, 0)
2026-06-28 01:19:39 [DEBUG] numba.core.ssa:209 — on stmt: $84build_tuple.6 = build_tuple(items=[Var(r, jit_functions.py:22), Var($const82.5.1, jit_functions.py:23)])
2026-06-28 01:19:39 [DEBUG] numba.core.ssa:209 — on stmt: $86binary_subscr.7 = getitem(value=basis_slice, index=$84build_tuple.6, fn=<built-in function getitem>)
2026-06-28 01:19:39 [DEBUG] numba.core.ssa:209 — on stmt: $const94.10.1 = const(int, 0)
2026-06-28 01:19:39 [DEBUG] numba.core.ssa:209 — on stmt: $96build_tuple.11 = build_tuple(items=[Var(r, jit_functions.py:22), Var($const94.10.1, jit_functions.py:23)])
2026-06-28 01:19:39 [DEBUG] numba.core.ssa:209 — on stmt: $98binary_subscr.12 = getitem(value=basis_slice, index=$96build_tuple.11, fn=<built-in function getitem>)
2026-06-28 01:19:39 [DEBUG] numba.core.ssa:209 — on stmt: $binop_mul102.13 = $86binary_subscr.7 * $98binary_subscr.12
2026-06-28 01:19:39 [DEBUG] numba.core.ssa:209 — on stmt: $binop_iadd106.14 = inplace_binop(fn=<built-in function iadd>, immutable_fn=<built-in function add>, lhs=s, rhs=$binop_mul102.13, static_lhs=Undefined, static_rhs=Undefined)
2026-06-28 01:19:39 [DEBUG] numba.core.ssa:209 — on stmt: s = $binop_iadd106.14
2026-06-28 01:19:39 [DEBUG] numba.core.ssa:215 — replaced with: s.2 = $binop_iadd106.14
2026-06-28 01:19:39 [DEBUG] numba.core.ssa:209 — on stmt: jump 70
2026-06-28 01:19:39 [DEBUG] numba.core.ssa:186 — ==== SSA block rewrite pass on 114
2026-06-28 01:19:39 [DEBUG] numba.core.ssa:207 — Running <numba.core.ssa._FreshVarHandler object at 0x7f8ab68a92b0>
2026-06-28 01:19:39 [DEBUG] numba.core.ssa:209 — on stmt: $const120.4.1 = const(int, 0)
2026-06-28 01:19:39 [DEBUG] numba.core.ssa:209 — on stmt: gs[0] = s
2026-06-28 01:19:39 [DEBUG] numba.core.ssa:209 — on stmt: jump 126
2026-06-28 01:19:39 [DEBUG] numba.core.ssa:186 — ==== SSA block rewrite pass on 126
2026-06-28 01:19:39 [DEBUG] numba.core.ssa:207 — Running <numba.core.ssa._FreshVarHandler object at 0x7f8ab68a92b0>
2026-06-28 01:19:39 [DEBUG] numba.core.ssa:209 — on stmt: $126load_global.0 = global(np: <module 'numpy' from '/home/dj/.local/lib/python3.12/site-packages/numpy/__init__.py'>)
2026-06-28 01:19:39 [DEBUG] numba.core.ssa:209 — on stmt: $136load_attr.2 = getattr(value=$126load_global.0, attr=zeros)
2026-06-28 01:19:39 [DEBUG] numba.core.ssa:209 — on stmt: dots = call $136load_attr.2(stage, func=$136load_attr.2, args=[Var(stage, jit_functions.py:12)], kws=(), vararg=None, varkwarg=None, target=None)
2026-06-28 01:19:39 [DEBUG] numba.core.ssa:209 — on stmt: $168load_global.5 = global(range: <class 'range'>)
2026-06-28 01:19:39 [DEBUG] numba.core.ssa:209 — on stmt: $180call.8 = call $168load_global.5(stage, func=$168load_global.5, args=[Var(stage, jit_functions.py:12)], kws=(), vararg=None, varkwarg=None, target=None)
2026-06-28 01:19:39 [DEBUG] numba.core.ssa:209 — on stmt: $188get_iter.9 = getiter(value=$180call.8)
2026-06-28 01:19:39 [DEBUG] numba.core.ssa:209 — on stmt: $phi190.0 = $188get_iter.9
2026-06-28 01:19:39 [DEBUG] numba.core.ssa:209 — on stmt: jump 190
2026-06-28 01:19:39 [DEBUG] numba.core.ssa:186 — ==== SSA block rewrite pass on 190
2026-06-28 01:19:39 [DEBUG] numba.core.ssa:207 — Running <numba.core.ssa._FreshVarHandler object at 0x7f8ab68a92b0>
2026-06-28 01:19:39 [DEBUG] numba.core.ssa:209 — on stmt: $190for_iter.1 = iternext(value=$phi190.0)
2026-06-28 01:19:39 [DEBUG] numba.core.ssa:209 — on stmt: $190for_iter.2 = pair_first(value=$190for_iter.1)
2026-06-28 01:19:39 [DEBUG] numba.core.ssa:209 — on stmt: $190for_iter.3 = pair_second(value=$190for_iter.1)
2026-06-28 01:19:39 [DEBUG] numba.core.ssa:209 — on stmt: $phi194.1 = $190for_iter.2
2026-06-28 01:19:39 [DEBUG] numba.core.ssa:209 — on stmt: branch $190for_iter.3, 194, 280
2026-06-28 01:19:39 [DEBUG] numba.core.ssa:186 — ==== SSA block rewrite pass on 194
2026-06-28 01:19:39 [DEBUG] numba.core.ssa:207 — Running <numba.core.ssa._FreshVarHandler object at 0x7f8ab68a92b0>
2026-06-28 01:19:39 [DEBUG] numba.core.ssa:209 — on stmt: j = $phi194.1
2026-06-28 01:19:39 [DEBUG] numba.core.ssa:209 — on stmt: s = const(float, 0.0)
2026-06-28 01:19:39 [DEBUG] numba.core.ssa:215 — replaced with: s.3 = const(float, 0.0)
2026-06-28 01:19:39 [DEBUG] numba.core.ssa:209 — on stmt: $200load_global.3 = global(range: <class 'range'>)
2026-06-28 01:19:39 [DEBUG] numba.core.ssa:209 — on stmt: $212call.6 = call $200load_global.3(n, func=$200load_global.3, args=[Var(n, jit_functions.py:18)], kws=(), vararg=None, varkwarg=None, target=None)
2026-06-28 01:19:39 [DEBUG] numba.core.ssa:209 — on stmt: $220get_iter.7 = getiter(value=$212call.6)
2026-06-28 01:19:39 [DEBUG] numba.core.ssa:209 — on stmt: $phi222.1 = $220get_iter.7
2026-06-28 01:19:39 [DEBUG] numba.core.ssa:209 — on stmt: jump 222
2026-06-28 01:19:39 [DEBUG] numba.core.ssa:186 — ==== SSA block rewrite pass on 222
2026-06-28 01:19:39 [DEBUG] numba.core.ssa:207 — Running <numba.core.ssa._FreshVarHandler object at 0x7f8ab68a92b0>
2026-06-28 01:19:39 [DEBUG] numba.core.ssa:209 — on stmt: $222for_iter.2 = iternext(value=$phi222.1)
2026-06-28 01:19:39 [DEBUG] numba.core.ssa:209 — on stmt: $222for_iter.3 = pair_first(value=$222for_iter.2)
2026-06-28 01:19:39 [DEBUG] numba.core.ssa:209 — on stmt: $222for_iter.4 = pair_second(value=$222for_iter.2)
2026-06-28 01:19:39 [DEBUG] numba.core.ssa:209 — on stmt: $phi226.2 = $222for_iter.3
2026-06-28 01:19:39 [DEBUG] numba.core.ssa:209 — on stmt: branch $222for_iter.4, 226, 266
2026-06-28 01:19:39 [DEBUG] numba.core.ssa:186 — ==== SSA block rewrite pass on 226
2026-06-28 01:19:39 [DEBUG] numba.core.ssa:207 — Running <numba.core.ssa._FreshVarHandler object at 0x7f8ab68a92b0>
2026-06-28 01:19:39 [DEBUG] numba.core.ssa:209 — on stmt: r = $phi226.2
2026-06-28 01:19:39 [DEBUG] numba.core.ssa:209 — on stmt: $236build_tuple.7 = build_tuple(items=[Var(r, jit_functions.py:22), Var(stage, jit_functions.py:12)])
2026-06-28 01:19:39 [DEBUG] numba.core.ssa:209 — on stmt: $238binary_subscr.8 = getitem(value=basis_slice, index=$236build_tuple.7, fn=<built-in function getitem>)
2026-06-28 01:19:39 [DEBUG] numba.core.ssa:209 — on stmt: $248build_tuple.12 = build_tuple(items=[Var(r, jit_functions.py:22), Var(j, jit_functions.py:28)])
2026-06-28 01:19:39 [DEBUG] numba.core.ssa:209 — on stmt: $250binary_subscr.13 = getitem(value=basis_slice, index=$248build_tuple.12, fn=<built-in function getitem>)
2026-06-28 01:19:39 [DEBUG] numba.core.ssa:209 — on stmt: $binop_mul254.14 = $238binary_subscr.8 * $250binary_subscr.13
2026-06-28 01:19:39 [DEBUG] numba.core.ssa:209 — on stmt: $binop_iadd258.15 = inplace_binop(fn=<built-in function iadd>, immutable_fn=<built-in function add>, lhs=s, rhs=$binop_mul254.14, static_lhs=Undefined, static_rhs=Undefined)
2026-06-28 01:19:39 [DEBUG] numba.core.ssa:209 — on stmt: s = $binop_iadd258.15
2026-06-28 01:19:39 [DEBUG] numba.core.ssa:215 — replaced with: s.4 = $binop_iadd258.15
2026-06-28 01:19:39 [DEBUG] numba.core.ssa:209 — on stmt: jump 222
2026-06-28 01:19:39 [DEBUG] numba.core.ssa:186 — ==== SSA block rewrite pass on 266
2026-06-28 01:19:39 [DEBUG] numba.core.ssa:207 — Running <numba.core.ssa._FreshVarHandler object at 0x7f8ab68a92b0>
2026-06-28 01:19:39 [DEBUG] numba.core.ssa:209 — on stmt: dots[j] = s
2026-06-28 01:19:39 [DEBUG] numba.core.ssa:209 — on stmt: jump 190
2026-06-28 01:19:39 [DEBUG] numba.core.ssa:186 — ==== SSA block rewrite pass on 280
2026-06-28 01:19:39 [DEBUG] numba.core.ssa:207 — Running <numba.core.ssa._FreshVarHandler object at 0x7f8ab68a92b0>
2026-06-28 01:19:39 [DEBUG] numba.core.ssa:209 — on stmt: $const284.3.1 = const(int, 0)
2026-06-28 01:19:39 [DEBUG] numba.core.ssa:209 — on stmt: $286compare_op.4 = stage == $const284.3.1
2026-06-28 01:19:39 [DEBUG] numba.core.ssa:209 — on stmt: $bool290 = global(bool: <class 'bool'>)
2026-06-28 01:19:39 [DEBUG] numba.core.ssa:209 — on stmt: $290pred = call $bool290($286compare_op.4, func=$bool290, args=(Var($286compare_op.4, jit_functions.py:35),), kws=(), vararg=None, varkwarg=None, target=None)
2026-06-28 01:19:39 [DEBUG] numba.core.ssa:209 — on stmt: branch $290pred, 292, 302
2026-06-28 01:19:39 [DEBUG] numba.core.ssa:186 — ==== SSA block rewrite pass on 292
2026-06-28 01:19:39 [DEBUG] numba.core.ssa:207 — Running <numba.core.ssa._FreshVarHandler object at 0x7f8ab68a92b0>
2026-06-28 01:19:39 [DEBUG] numba.core.ssa:209 — on stmt: $const294.1.1 = const(int, 0)
2026-06-28 01:19:39 [DEBUG] numba.core.ssa:209 — on stmt: $296binary_subscr.2 = static_getitem(value=dots, index=0, index_var=$const294.1.1, fn=<built-in function getitem>)
2026-06-28 01:19:39 [DEBUG] numba.core.ssa:209 — on stmt: $phi372.0 = $296binary_subscr.2
2026-06-28 01:19:39 [DEBUG] numba.core.ssa:209 — on stmt: jump 372
2026-06-28 01:19:39 [DEBUG] numba.core.ssa:186 — ==== SSA block rewrite pass on 302
2026-06-28 01:19:39 [DEBUG] numba.core.ssa:207 — Running <numba.core.ssa._FreshVarHandler object at 0x7f8ab68a92b0>
2026-06-28 01:19:39 [DEBUG] numba.core.ssa:209 — on stmt: $302load_global.0 = global(np: <module 'numpy' from '/home/dj/.local/lib/python3.12/site-packages/numpy/__init__.py'>)
2026-06-28 01:19:39 [DEBUG] numba.core.ssa:209 — on stmt: $312load_attr.2 = getattr(value=$302load_global.0, attr=dot)
2026-06-28 01:19:39 [DEBUG] numba.core.ssa:209 — on stmt: $const334.4.4 = const(NoneType, None)
2026-06-28 01:19:39 [DEBUG] numba.core.ssa:209 — on stmt: $const336.5.4 = const(NoneType, None)
2026-06-28 01:19:39 [DEBUG] numba.core.ssa:209 — on stmt: $338build_slice.6 = global(slice: <class 'slice'>)
2026-06-28 01:19:39 [DEBUG] numba.core.ssa:209 — on stmt: $338build_slice.7 = call $338build_slice.6($const334.4.4, $const336.5.4, func=$338build_slice.6, args=(Var($const334.4.4, jit_functions.py:36), Var($const336.5.4, jit_functions.py:36)), kws=(), vararg=None, varkwarg=None, target=None)
2026-06-28 01:19:39 [DEBUG] numba.core.ssa:209 — on stmt: $342build_tuple.9 = build_tuple(items=[Var($338build_slice.7, jit_functions.py:36), Var(stage, jit_functions.py:12)])
2026-06-28 01:19:39 [DEBUG] numba.core.ssa:209 — on stmt: $344binary_subscr.10 = getitem(value=basis_slice, index=$342build_tuple.9, fn=<built-in function getitem>)
2026-06-28 01:19:39 [DEBUG] numba.core.ssa:209 — on stmt: $const350.12.4 = const(NoneType, None)
2026-06-28 01:19:39 [DEBUG] numba.core.ssa:209 — on stmt: $const352.13.4 = const(NoneType, None)
2026-06-28 01:19:39 [DEBUG] numba.core.ssa:209 — on stmt: $354build_slice.14 = global(slice: <class 'slice'>)
2026-06-28 01:19:39 [DEBUG] numba.core.ssa:209 — on stmt: $354build_slice.15 = call $354build_slice.14($const350.12.4, $const352.13.4, func=$354build_slice.14, args=(Var($const350.12.4, jit_functions.py:36), Var($const352.13.4, jit_functions.py:36)), kws=(), vararg=None, varkwarg=None, target=None)
2026-06-28 01:19:39 [DEBUG] numba.core.ssa:209 — on stmt: $358build_tuple.17 = build_tuple(items=[Var($354build_slice.15, jit_functions.py:36), Var(stage, jit_functions.py:12)])
2026-06-28 01:19:39 [DEBUG] numba.core.ssa:209 — on stmt: $360binary_subscr.18 = getitem(value=basis_slice, index=$358build_tuple.17, fn=<built-in function getitem>)
2026-06-28 01:19:39 [DEBUG] numba.core.ssa:209 — on stmt: $364call.19 = call $312load_attr.2($344binary_subscr.10, $360binary_subscr.18, func=$312load_attr.2, args=[Var($344binary_subscr.10, jit_functions.py:36), Var($360binary_subscr.18, jit_functions.py:36)], kws=(), vararg=None, varkwarg=None, target=None)
2026-06-28 01:19:39 [DEBUG] numba.core.ssa:209 — on stmt: $phi372.0 = $364call.19
2026-06-28 01:19:39 [DEBUG] numba.core.ssa:209 — on stmt: jump 372
2026-06-28 01:19:39 [DEBUG] numba.core.ssa:186 — ==== SSA block rewrite pass on 372
2026-06-28 01:19:39 [DEBUG] numba.core.ssa:207 — Running <numba.core.ssa._FreshVarHandler object at 0x7f8ab68a92b0>
2026-06-28 01:19:39 [DEBUG] numba.core.ssa:209 — on stmt: gs[stage] = $phi372.0
2026-06-28 01:19:39 [DEBUG] numba.core.ssa:209 — on stmt: s.1 = const(float, 0.0)
2026-06-28 01:19:39 [DEBUG] numba.core.ssa:209 — on stmt: $384load_global.4 = global(range: <class 'range'>)
2026-06-28 01:19:39 [DEBUG] numba.core.ssa:209 — on stmt: $396call.7 = call $384load_global.4(n, func=$384load_global.4, args=[Var(n, jit_functions.py:18)], kws=(), vararg=None, varkwarg=None, target=None)
2026-06-28 01:19:39 [DEBUG] numba.core.ssa:209 — on stmt: $404get_iter.8 = getiter(value=$396call.7)
2026-06-28 01:19:39 [DEBUG] numba.core.ssa:209 — on stmt: $phi406.0 = $404get_iter.8
2026-06-28 01:19:39 [DEBUG] numba.core.ssa:209 — on stmt: jump 406
2026-06-28 01:19:39 [DEBUG] numba.core.ssa:186 — ==== SSA block rewrite pass on 406
2026-06-28 01:19:39 [DEBUG] numba.core.ssa:207 — Running <numba.core.ssa._FreshVarHandler object at 0x7f8ab68a92b0>
2026-06-28 01:19:39 [DEBUG] numba.core.ssa:209 — on stmt: $406for_iter.1 = iternext(value=$phi406.0)
2026-06-28 01:19:39 [DEBUG] numba.core.ssa:209 — on stmt: $406for_iter.2 = pair_first(value=$406for_iter.1)
2026-06-28 01:19:39 [DEBUG] numba.core.ssa:209 — on stmt: $406for_iter.3 = pair_second(value=$406for_iter.1)
2026-06-28 01:19:39 [DEBUG] numba.core.ssa:209 — on stmt: $phi410.1 = $406for_iter.2
2026-06-28 01:19:39 [DEBUG] numba.core.ssa:209 — on stmt: branch $406for_iter.3, 410, 450
2026-06-28 01:19:39 [DEBUG] numba.core.ssa:186 — ==== SSA block rewrite pass on 410
2026-06-28 01:19:39 [DEBUG] numba.core.ssa:207 — Running <numba.core.ssa._FreshVarHandler object at 0x7f8ab68a92b0>
2026-06-28 01:19:39 [DEBUG] numba.core.ssa:209 — on stmt: r = $phi410.1
2026-06-28 01:19:39 [DEBUG] numba.core.ssa:209 — on stmt: $420build_tuple.6 = build_tuple(items=[Var(r, jit_functions.py:22), Var(stage, jit_functions.py:12)])
2026-06-28 01:19:39 [DEBUG] numba.core.ssa:209 — on stmt: $422binary_subscr.7 = getitem(value=basis_slice, index=$420build_tuple.6, fn=<built-in function getitem>)
2026-06-28 01:19:39 [DEBUG] numba.core.ssa:209 — on stmt: $432build_tuple.11 = build_tuple(items=[Var(r, jit_functions.py:22), Var(stage, jit_functions.py:12)])
2026-06-28 01:19:39 [DEBUG] numba.core.ssa:209 — on stmt: $434binary_subscr.12 = getitem(value=basis_slice, index=$432build_tuple.11, fn=<built-in function getitem>)
2026-06-28 01:19:39 [DEBUG] numba.core.ssa:209 — on stmt: $binop_mul438.13 = $422binary_subscr.7 * $434binary_subscr.12
2026-06-28 01:19:39 [DEBUG] numba.core.ssa:209 — on stmt: $binop_iadd442.14 = inplace_binop(fn=<built-in function iadd>, immutable_fn=<built-in function add>, lhs=s.1, rhs=$binop_mul438.13, static_lhs=Undefined, static_rhs=Undefined)
2026-06-28 01:19:39 [DEBUG] numba.core.ssa:209 — on stmt: s.1 = $binop_iadd442.14
2026-06-28 01:19:39 [DEBUG] numba.core.ssa:209 — on stmt: jump 406
2026-06-28 01:19:39 [DEBUG] numba.core.ssa:186 — ==== SSA block rewrite pass on 450
2026-06-28 01:19:39 [DEBUG] numba.core.ssa:207 — Running <numba.core.ssa._FreshVarHandler object at 0x7f8ab68a92b0>
2026-06-28 01:19:39 [DEBUG] numba.core.ssa:209 — on stmt: gs[stage] = s.1
2026-06-28 01:19:39 [DEBUG] numba.core.ssa:209 — on stmt: $462load_global.5 = global(range: <class 'range'>)
2026-06-28 01:19:39 [DEBUG] numba.core.ssa:209 — on stmt: $474call.8 = call $462load_global.5(stage, func=$462load_global.5, args=[Var(stage, jit_functions.py:12)], kws=(), vararg=None, varkwarg=None, target=None)
2026-06-28 01:19:39 [DEBUG] numba.core.ssa:209 — on stmt: $482get_iter.9 = getiter(value=$474call.8)
2026-06-28 01:19:39 [DEBUG] numba.core.ssa:209 — on stmt: $phi484.0 = $482get_iter.9
2026-06-28 01:19:39 [DEBUG] numba.core.ssa:209 — on stmt: jump 484
2026-06-28 01:19:39 [DEBUG] numba.core.ssa:186 — ==== SSA block rewrite pass on 484
2026-06-28 01:19:39 [DEBUG] numba.core.ssa:207 — Running <numba.core.ssa._FreshVarHandler object at 0x7f8ab68a92b0>
2026-06-28 01:19:39 [DEBUG] numba.core.ssa:209 — on stmt: $484for_iter.1 = iternext(value=$phi484.0)
2026-06-28 01:19:39 [DEBUG] numba.core.ssa:209 — on stmt: $484for_iter.2 = pair_first(value=$484for_iter.1)
2026-06-28 01:19:39 [DEBUG] numba.core.ssa:209 — on stmt: $484for_iter.3 = pair_second(value=$484for_iter.1)
2026-06-28 01:19:39 [DEBUG] numba.core.ssa:209 — on stmt: $phi488.1 = $484for_iter.2
2026-06-28 01:19:39 [DEBUG] numba.core.ssa:209 — on stmt: branch $484for_iter.3, 488, 678
2026-06-28 01:19:39 [DEBUG] numba.core.ssa:186 — ==== SSA block rewrite pass on 488
2026-06-28 01:19:39 [DEBUG] numba.core.ssa:207 — Running <numba.core.ssa._FreshVarHandler object at 0x7f8ab68a92b0>
2026-06-28 01:19:39 [DEBUG] numba.core.ssa:209 — on stmt: j = $phi488.1
2026-06-28 01:19:39 [DEBUG] numba.core.ssa:209 — on stmt: ct = const(float, 0.0)
2026-06-28 01:19:39 [DEBUG] numba.core.ssa:209 — on stmt: $494load_global.3 = global(range: <class 'range'>)
2026-06-28 01:19:39 [DEBUG] numba.core.ssa:209 — on stmt: $506call.6 = call $494load_global.3(j, func=$494load_global.3, args=[Var(j, jit_functions.py:28)], kws=(), vararg=None, varkwarg=None, target=None)
2026-06-28 01:19:39 [DEBUG] numba.core.ssa:209 — on stmt: $514get_iter.7 = getiter(value=$506call.6)
2026-06-28 01:19:39 [DEBUG] numba.core.ssa:209 — on stmt: $phi516.1 = $514get_iter.7
2026-06-28 01:19:39 [DEBUG] numba.core.ssa:209 — on stmt: jump 516
2026-06-28 01:19:39 [DEBUG] numba.core.ssa:186 — ==== SSA block rewrite pass on 516
2026-06-28 01:19:39 [DEBUG] numba.core.ssa:207 — Running <numba.core.ssa._FreshVarHandler object at 0x7f8ab68a92b0>
2026-06-28 01:19:39 [DEBUG] numba.core.ssa:209 — on stmt: $516for_iter.2 = iternext(value=$phi516.1)
2026-06-28 01:19:39 [DEBUG] numba.core.ssa:209 — on stmt: $516for_iter.3 = pair_first(value=$516for_iter.2)
2026-06-28 01:19:39 [DEBUG] numba.core.ssa:209 — on stmt: $516for_iter.4 = pair_second(value=$516for_iter.2)
2026-06-28 01:19:39 [DEBUG] numba.core.ssa:209 — on stmt: $phi520.2 = $516for_iter.3
2026-06-28 01:19:39 [DEBUG] numba.core.ssa:209 — on stmt: branch $516for_iter.4, 520, 572
2026-06-28 01:19:39 [DEBUG] numba.core.ssa:186 — ==== SSA block rewrite pass on 520
2026-06-28 01:19:39 [DEBUG] numba.core.ssa:207 — Running <numba.core.ssa._FreshVarHandler object at 0x7f8ab68a92b0>
2026-06-28 01:19:39 [DEBUG] numba.core.ssa:209 — on stmt: i = $phi520.2
2026-06-28 01:19:39 [DEBUG] numba.core.ssa:209 — on stmt: $530build_tuple.7 = build_tuple(items=[Var(i, jit_functions.py:47), Var(j, jit_functions.py:28)])
2026-06-28 01:19:39 [DEBUG] numba.core.ssa:209 — on stmt: $532binary_subscr.8 = getitem(value=gsc, index=$530build_tuple.7, fn=<built-in function getitem>)
2026-06-28 01:19:39 [DEBUG] numba.core.ssa:209 — on stmt: $542build_tuple.12 = build_tuple(items=[Var(i, jit_functions.py:47), Var(stage, jit_functions.py:12)])
2026-06-28 01:19:39 [DEBUG] numba.core.ssa:209 — on stmt: $544binary_subscr.13 = getitem(value=gsc, index=$542build_tuple.12, fn=<built-in function getitem>)
2026-06-28 01:19:39 [DEBUG] numba.core.ssa:209 — on stmt: $binop_mul548.14 = $532binary_subscr.8 * $544binary_subscr.13
2026-06-28 01:19:39 [DEBUG] numba.core.ssa:209 — on stmt: $556binary_subscr.17 = getitem(value=gs, index=i, fn=<built-in function getitem>)
2026-06-28 01:19:39 [DEBUG] numba.core.ssa:209 — on stmt: $binop_mul560.18 = $binop_mul548.14 * $556binary_subscr.17
2026-06-28 01:19:39 [DEBUG] numba.core.ssa:209 — on stmt: $binop_iadd564.19 = inplace_binop(fn=<built-in function iadd>, immutable_fn=<built-in function add>, lhs=ct, rhs=$binop_mul560.18, static_lhs=Undefined, static_rhs=Undefined)
2026-06-28 01:19:39 [DEBUG] numba.core.ssa:209 — on stmt: ct = $binop_iadd564.19
2026-06-28 01:19:39 [DEBUG] numba.core.ssa:209 — on stmt: jump 516
2026-06-28 01:19:39 [DEBUG] numba.core.ssa:186 — ==== SSA block rewrite pass on 572
2026-06-28 01:19:39 [DEBUG] numba.core.ssa:207 — Running <numba.core.ssa._FreshVarHandler object at 0x7f8ab68a92b0>
2026-06-28 01:19:39 [DEBUG] numba.core.ssa:209 — on stmt: $578binary_subscr.5 = getitem(value=dots, index=j, fn=<built-in function getitem>)
2026-06-28 01:19:39 [DEBUG] numba.core.ssa:209 — on stmt: $binop_sub584.7 = $578binary_subscr.5 - ct
2026-06-28 01:19:39 [DEBUG] numba.core.ssa:209 — on stmt: $592binary_subscr.10 = getitem(value=gs, index=j, fn=<built-in function getitem>)
2026-06-28 01:19:39 [DEBUG] numba.core.ssa:209 — on stmt: $binop_truediv596.11 = $binop_sub584.7 / $592binary_subscr.10
2026-06-28 01:19:39 [DEBUG] numba.core.ssa:209 — on stmt: $606build_tuple.15 = build_tuple(items=[Var(j, jit_functions.py:28), Var(stage, jit_functions.py:12)])
2026-06-28 01:19:39 [DEBUG] numba.core.ssa:209 — on stmt: gsc[$606build_tuple.15] = $binop_truediv596.11
2026-06-28 01:19:39 [DEBUG] numba.core.ssa:209 — on stmt: $620binary_subscr.18 = getitem(value=gs, index=stage, fn=<built-in function getitem>)
2026-06-28 01:19:39 [DEBUG] numba.core.ssa:209 — on stmt: $630build_tuple.22 = build_tuple(items=[Var(j, jit_functions.py:28), Var(stage, jit_functions.py:12)])
2026-06-28 01:19:39 [DEBUG] numba.core.ssa:209 — on stmt: $632binary_subscr.23 = getitem(value=gsc, index=$630build_tuple.22, fn=<built-in function getitem>)
2026-06-28 01:19:39 [DEBUG] numba.core.ssa:209 — on stmt: $642build_tuple.27 = build_tuple(items=[Var(j, jit_functions.py:28), Var(stage, jit_functions.py:12)])
2026-06-28 01:19:39 [DEBUG] numba.core.ssa:209 — on stmt: $644binary_subscr.28 = getitem(value=gsc, index=$642build_tuple.27, fn=<built-in function getitem>)
2026-06-28 01:19:39 [DEBUG] numba.core.ssa:209 — on stmt: $binop_mul648.29 = $632binary_subscr.23 * $644binary_subscr.28
2026-06-28 01:19:39 [DEBUG] numba.core.ssa:209 — on stmt: $656binary_subscr.32 = getitem(value=gs, index=j, fn=<built-in function getitem>)
2026-06-28 01:19:39 [DEBUG] numba.core.ssa:209 — on stmt: $binop_mul660.33 = $binop_mul648.29 * $656binary_subscr.32
2026-06-28 01:19:39 [DEBUG] numba.core.ssa:209 — on stmt: $binop_isub664.34 = inplace_binop(fn=<built-in function isub>, immutable_fn=<built-in function sub>, lhs=$620binary_subscr.18, rhs=$binop_mul660.33, static_lhs=Undefined, static_rhs=Undefined)
2026-06-28 01:19:39 [DEBUG] numba.core.ssa:209 — on stmt: gs[stage] = $binop_isub664.34
2026-06-28 01:19:39 [DEBUG] numba.core.ssa:209 — on stmt: jump 484
2026-06-28 01:19:39 [DEBUG] numba.core.ssa:186 — ==== SSA block rewrite pass on 678
2026-06-28 01:19:39 [DEBUG] numba.core.ssa:207 — Running <numba.core.ssa._FreshVarHandler object at 0x7f8ab68a92b0>
2026-06-28 01:19:39 [DEBUG] numba.core.ssa:209 — on stmt: $const680.2.5 = const(float, 1.0)
2026-06-28 01:19:39 [DEBUG] numba.core.ssa:209 — on stmt: $688build_tuple.6 = build_tuple(items=[Var(stage, jit_functions.py:12), Var(stage, jit_functions.py:12)])
2026-06-28 01:19:39 [DEBUG] numba.core.ssa:209 — on stmt: gsc[$688build_tuple.6] = $const680.2.5
2026-06-28 01:19:39 [DEBUG] numba.core.ssa:209 — on stmt: $const694.7 = const(NoneType, None)
2026-06-28 01:19:39 [DEBUG] numba.core.ssa:209 — on stmt: $694return_const.8 = cast(value=$const694.7)
2026-06-28 01:19:39 [DEBUG] numba.core.ssa:209 — on stmt: return $694return_const.8
2026-06-28 01:19:39 [DEBUG] numba.core.ssa:69 — Replaced assignments: defaultdict(<class 'list'>,
            {44: [<numba.core.ir.Assign object at 0x7f8aac3966f0>],
             74: [<numba.core.ir.Assign object at 0x7f8aac396a50>],
             194: [<numba.core.ir.Assign object at 0x7f8aac3967e0>],
             226: [<numba.core.ir.Assign object at 0x7f8aac394230>]})
2026-06-28 01:19:39 [DEBUG] numba.core.ssa:186 — ==== SSA block rewrite pass on 0
2026-06-28 01:19:39 [DEBUG] numba.core.ssa:207 — Running <numba.core.ssa._FixSSAVars object at 0x7f8ab68a92b0>
2026-06-28 01:19:39 [DEBUG] numba.core.ssa:209 — on stmt: basis_slice = arg(0, name=basis_slice)
2026-06-28 01:19:39 [DEBUG] numba.core.ssa:209 — on stmt: gsc = arg(1, name=gsc)
2026-06-28 01:19:39 [DEBUG] numba.core.ssa:209 — on stmt: gs = arg(2, name=gs)
2026-06-28 01:19:39 [DEBUG] numba.core.ssa:209 — on stmt: stage = arg(3, name=stage)
2026-06-28 01:19:39 [DEBUG] numba.core.ssa:209 — on stmt: $6load_attr.1 = getattr(value=basis_slice, attr=shape)
2026-06-28 01:19:39 [DEBUG] numba.core.ssa:209 — on stmt: $const26.2.1 = const(int, 0)
2026-06-28 01:19:39 [DEBUG] numba.core.ssa:209 — on stmt: n = static_getitem(value=$6load_attr.1, index=0, index_var=$const26.2.1, fn=<built-in function getitem>)
2026-06-28 01:19:39 [DEBUG] numba.core.ssa:209 — on stmt: $const36.5.2 = const(int, 1)
2026-06-28 01:19:39 [DEBUG] numba.core.ssa:209 — on stmt: $38compare_op.6 = stage == $const36.5.2
2026-06-28 01:19:39 [DEBUG] numba.core.ssa:209 — on stmt: $bool42 = global(bool: <class 'bool'>)
2026-06-28 01:19:39 [DEBUG] numba.core.ssa:209 — on stmt: $42pred = call $bool42($38compare_op.6, func=$bool42, args=(Var($38compare_op.6, jit_functions.py:20),), kws=(), vararg=None, varkwarg=None, target=None)
2026-06-28 01:19:39 [DEBUG] numba.core.ssa:209 — on stmt: branch $42pred, 44, 126
2026-06-28 01:19:39 [DEBUG] numba.core.ssa:186 — ==== SSA block rewrite pass on 44
2026-06-28 01:19:39 [DEBUG] numba.core.ssa:207 — Running <numba.core.ssa._FixSSAVars object at 0x7f8ab68a92b0>
2026-06-28 01:19:39 [DEBUG] numba.core.ssa:209 — on stmt: s = const(float, 0.0)
2026-06-28 01:19:39 [DEBUG] numba.core.ssa:209 — on stmt: $48load_global.1 = global(range: <class 'range'>)
2026-06-28 01:19:39 [DEBUG] numba.core.ssa:209 — on stmt: $60call.4 = call $48load_global.1(n, func=$48load_global.1, args=[Var(n, jit_functions.py:18)], kws=(), vararg=None, varkwarg=None, target=None)
2026-06-28 01:19:39 [DEBUG] numba.core.ssa:209 — on stmt: $68get_iter.5 = getiter(value=$60call.4)
2026-06-28 01:19:39 [DEBUG] numba.core.ssa:209 — on stmt: $phi70.0 = $68get_iter.5
2026-06-28 01:19:39 [DEBUG] numba.core.ssa:209 — on stmt: jump 70
2026-06-28 01:19:39 [DEBUG] numba.core.ssa:186 — ==== SSA block rewrite pass on 70
2026-06-28 01:19:39 [DEBUG] numba.core.ssa:207 — Running <numba.core.ssa._FixSSAVars object at 0x7f8ab68a92b0>
2026-06-28 01:19:39 [DEBUG] numba.core.ssa:209 — on stmt: $70for_iter.1 = iternext(value=$phi70.0)
2026-06-28 01:19:39 [DEBUG] numba.core.ssa:209 — on stmt: $70for_iter.2 = pair_first(value=$70for_iter.1)
2026-06-28 01:19:39 [DEBUG] numba.core.ssa:209 — on stmt: $70for_iter.3 = pair_second(value=$70for_iter.1)
2026-06-28 01:19:39 [DEBUG] numba.core.ssa:209 — on stmt: $phi74.1 = $70for_iter.2
2026-06-28 01:19:39 [DEBUG] numba.core.ssa:209 — on stmt: branch $70for_iter.3, 74, 114
2026-06-28 01:19:39 [DEBUG] numba.core.ssa:186 — ==== SSA block rewrite pass on 74
2026-06-28 01:19:39 [DEBUG] numba.core.ssa:207 — Running <numba.core.ssa._FixSSAVars object at 0x7f8ab68a92b0>
2026-06-28 01:19:39 [DEBUG] numba.core.ssa:209 — on stmt: r = $phi74.1
2026-06-28 01:19:39 [DEBUG] numba.core.ssa:209 — on stmt: $const82.5.1 = const(int, 0)
2026-06-28 01:19:39 [DEBUG] numba.core.ssa:209 — on stmt: $84build_tuple.6 = build_tuple(items=[Var(r, jit_functions.py:22), Var($const82.5.1, jit_functions.py:23)])
2026-06-28 01:19:39 [DEBUG] numba.core.ssa:209 — on stmt: $86binary_subscr.7 = getitem(value=basis_slice, index=$84build_tuple.6, fn=<built-in function getitem>)
2026-06-28 01:19:39 [DEBUG] numba.core.ssa:209 — on stmt: $const94.10.1 = const(int, 0)
2026-06-28 01:19:39 [DEBUG] numba.core.ssa:209 — on stmt: $96build_tuple.11 = build_tuple(items=[Var(r, jit_functions.py:22), Var($const94.10.1, jit_functions.py:23)])
2026-06-28 01:19:39 [DEBUG] numba.core.ssa:209 — on stmt: $98binary_subscr.12 = getitem(value=basis_slice, index=$96build_tuple.11, fn=<built-in function getitem>)
2026-06-28 01:19:39 [DEBUG] numba.core.ssa:209 — on stmt: $binop_mul102.13 = $86binary_subscr.7 * $98binary_subscr.12
2026-06-28 01:19:39 [DEBUG] numba.core.ssa:209 — on stmt: $binop_iadd106.14 = inplace_binop(fn=<built-in function iadd>, immutable_fn=<built-in function add>, lhs=s, rhs=$binop_mul102.13, static_lhs=Undefined, static_rhs=Undefined)
2026-06-28 01:19:39 [DEBUG] numba.core.ssa:385 — find_def var='s' stmt=$binop_iadd106.14 = inplace_binop(fn=<built-in function iadd>, immutable_fn=<built-in function add>, lhs=s, rhs=$binop_mul102.13, static_lhs=Undefined, static_rhs=Undefined)
2026-06-28 01:19:39 [DEBUG] numba.core.ssa:416 — find_def_from_top label 74
2026-06-28 01:19:39 [DEBUG] numba.core.ssa:453 — idom 70 from label 74
2026-06-28 01:19:39 [DEBUG] numba.core.ssa:459 — find_def_from_bottom label 70
2026-06-28 01:19:39 [DEBUG] numba.core.ssa:416 — find_def_from_top label 70
2026-06-28 01:19:39 [DEBUG] numba.core.ssa:433 — insert phi node s.5 = phi(incoming_values=[], incoming_blocks=[]) at 70
2026-06-28 01:19:39 [DEBUG] numba.core.ssa:459 — find_def_from_bottom label 74
2026-06-28 01:19:39 [DEBUG] numba.core.ssa:441 — incoming_def s.2 = $binop_iadd106.14
2026-06-28 01:19:39 [DEBUG] numba.core.ssa:459 — find_def_from_bottom label 44
2026-06-28 01:19:39 [DEBUG] numba.core.ssa:441 — incoming_def s = const(float, 0.0)
2026-06-28 01:19:39 [DEBUG] numba.core.ssa:215 — replaced with: $binop_iadd106.14 = inplace_binop(fn=<built-in function iadd>, immutable_fn=<built-in function add>, lhs=s.5, rhs=$binop_mul102.13, static_lhs=Undefined, static_rhs=Undefined)
2026-06-28 01:19:39 [DEBUG] numba.core.ssa:209 — on stmt: s.2 = $binop_iadd106.14
2026-06-28 01:19:39 [DEBUG] numba.core.ssa:209 — on stmt: jump 70
2026-06-28 01:19:39 [DEBUG] numba.core.ssa:186 — ==== SSA block rewrite pass on 114
2026-06-28 01:19:39 [DEBUG] numba.core.ssa:207 — Running <numba.core.ssa._FixSSAVars object at 0x7f8ab68a92b0>
2026-06-28 01:19:39 [DEBUG] numba.core.ssa:209 — on stmt: $const120.4.1 = const(int, 0)
2026-06-28 01:19:39 [DEBUG] numba.core.ssa:209 — on stmt: gs[0] = s
2026-06-28 01:19:39 [DEBUG] numba.core.ssa:385 — find_def var='s' stmt=gs[0] = s
2026-06-28 01:19:39 [DEBUG] numba.core.ssa:416 — find_def_from_top label 114
2026-06-28 01:19:39 [DEBUG] numba.core.ssa:453 — idom 70 from label 114
2026-06-28 01:19:39 [DEBUG] numba.core.ssa:459 — find_def_from_bottom label 70
2026-06-28 01:19:39 [DEBUG] numba.core.ssa:215 — replaced with: gs[0] = s.5
2026-06-28 01:19:39 [DEBUG] numba.core.ssa:209 — on stmt: jump 126
2026-06-28 01:19:39 [DEBUG] numba.core.ssa:186 — ==== SSA block rewrite pass on 126
2026-06-28 01:19:39 [DEBUG] numba.core.ssa:207 — Running <numba.core.ssa._FixSSAVars object at 0x7f8ab68a92b0>
2026-06-28 01:19:39 [DEBUG] numba.core.ssa:209 — on stmt: $126load_global.0 = global(np: <module 'numpy' from '/home/dj/.local/lib/python3.12/site-packages/numpy/__init__.py'>)
2026-06-28 01:19:39 [DEBUG] numba.core.ssa:209 — on stmt: $136load_attr.2 = getattr(value=$126load_global.0, attr=zeros)
2026-06-28 01:19:39 [DEBUG] numba.core.ssa:209 — on stmt: dots = call $136load_attr.2(stage, func=$136load_attr.2, args=[Var(stage, jit_functions.py:12)], kws=(), vararg=None, varkwarg=None, target=None)
2026-06-28 01:19:39 [DEBUG] numba.core.ssa:209 — on stmt: $168load_global.5 = global(range: <class 'range'>)
2026-06-28 01:19:39 [DEBUG] numba.core.ssa:209 — on stmt: $180call.8 = call $168load_global.5(stage, func=$168load_global.5, args=[Var(stage, jit_functions.py:12)], kws=(), vararg=None, varkwarg=None, target=None)
2026-06-28 01:19:39 [DEBUG] numba.core.ssa:209 — on stmt: $188get_iter.9 = getiter(value=$180call.8)
2026-06-28 01:19:39 [DEBUG] numba.core.ssa:209 — on stmt: $phi190.0 = $188get_iter.9
2026-06-28 01:19:39 [DEBUG] numba.core.ssa:209 — on stmt: jump 190
2026-06-28 01:19:39 [DEBUG] numba.core.ssa:186 — ==== SSA block rewrite pass on 190
2026-06-28 01:19:39 [DEBUG] numba.core.ssa:207 — Running <numba.core.ssa._FixSSAVars object at 0x7f8ab68a92b0>
2026-06-28 01:19:39 [DEBUG] numba.core.ssa:209 — on stmt: $190for_iter.1 = iternext(value=$phi190.0)
2026-06-28 01:19:39 [DEBUG] numba.core.ssa:209 — on stmt: $190for_iter.2 = pair_first(value=$190for_iter.1)
2026-06-28 01:19:39 [DEBUG] numba.core.ssa:209 — on stmt: $190for_iter.3 = pair_second(value=$190for_iter.1)
2026-06-28 01:19:39 [DEBUG] numba.core.ssa:209 — on stmt: $phi194.1 = $190for_iter.2
2026-06-28 01:19:39 [DEBUG] numba.core.ssa:209 — on stmt: branch $190for_iter.3, 194, 280
2026-06-28 01:19:39 [DEBUG] numba.core.ssa:186 — ==== SSA block rewrite pass on 194
2026-06-28 01:19:39 [DEBUG] numba.core.ssa:207 — Running <numba.core.ssa._FixSSAVars object at 0x7f8ab68a92b0>
2026-06-28 01:19:39 [DEBUG] numba.core.ssa:209 — on stmt: j = $phi194.1
2026-06-28 01:19:39 [DEBUG] numba.core.ssa:209 — on stmt: s.3 = const(float, 0.0)
2026-06-28 01:19:39 [DEBUG] numba.core.ssa:209 — on stmt: $200load_global.3 = global(range: <class 'range'>)
2026-06-28 01:19:39 [DEBUG] numba.core.ssa:209 — on stmt: $212call.6 = call $200load_global.3(n, func=$200load_global.3, args=[Var(n, jit_functions.py:18)], kws=(), vararg=None, varkwarg=None, target=None)
2026-06-28 01:19:39 [DEBUG] numba.core.ssa:209 — on stmt: $220get_iter.7 = getiter(value=$212call.6)
2026-06-28 01:19:39 [DEBUG] numba.core.ssa:209 — on stmt: $phi222.1 = $220get_iter.7
2026-06-28 01:19:39 [DEBUG] numba.core.ssa:209 — on stmt: jump 222
2026-06-28 01:19:39 [DEBUG] numba.core.ssa:186 — ==== SSA block rewrite pass on 222
2026-06-28 01:19:39 [DEBUG] numba.core.ssa:207 — Running <numba.core.ssa._FixSSAVars object at 0x7f8ab68a92b0>
2026-06-28 01:19:39 [DEBUG] numba.core.ssa:209 — on stmt: $222for_iter.2 = iternext(value=$phi222.1)
2026-06-28 01:19:39 [DEBUG] numba.core.ssa:209 — on stmt: $222for_iter.3 = pair_first(value=$222for_iter.2)
2026-06-28 01:19:39 [DEBUG] numba.core.ssa:209 — on stmt: $222for_iter.4 = pair_second(value=$222for_iter.2)
2026-06-28 01:19:39 [DEBUG] numba.core.ssa:209 — on stmt: $phi226.2 = $222for_iter.3
2026-06-28 01:19:39 [DEBUG] numba.core.ssa:209 — on stmt: branch $222for_iter.4, 226, 266
2026-06-28 01:19:39 [DEBUG] numba.core.ssa:186 — ==== SSA block rewrite pass on 226
2026-06-28 01:19:39 [DEBUG] numba.core.ssa:207 — Running <numba.core.ssa._FixSSAVars object at 0x7f8ab68a92b0>
2026-06-28 01:19:39 [DEBUG] numba.core.ssa:209 — on stmt: r = $phi226.2
2026-06-28 01:19:39 [DEBUG] numba.core.ssa:209 — on stmt: $236build_tuple.7 = build_tuple(items=[Var(r, jit_functions.py:22), Var(stage, jit_functions.py:12)])
2026-06-28 01:19:39 [DEBUG] numba.core.ssa:209 — on stmt: $238binary_subscr.8 = getitem(value=basis_slice, index=$236build_tuple.7, fn=<built-in function getitem>)
2026-06-28 01:19:39 [DEBUG] numba.core.ssa:209 — on stmt: $248build_tuple.12 = build_tuple(items=[Var(r, jit_functions.py:22), Var(j, jit_functions.py:28)])
2026-06-28 01:19:39 [DEBUG] numba.core.ssa:209 — on stmt: $250binary_subscr.13 = getitem(value=basis_slice, index=$248build_tuple.12, fn=<built-in function getitem>)
2026-06-28 01:19:39 [DEBUG] numba.core.ssa:209 — on stmt: $binop_mul254.14 = $238binary_subscr.8 * $250binary_subscr.13
2026-06-28 01:19:39 [DEBUG] numba.core.ssa:209 — on stmt: $binop_iadd258.15 = inplace_binop(fn=<built-in function iadd>, immutable_fn=<built-in function add>, lhs=s, rhs=$binop_mul254.14, static_lhs=Undefined, static_rhs=Undefined)
2026-06-28 01:19:39 [DEBUG] numba.core.ssa:385 — find_def var='s' stmt=$binop_iadd258.15 = inplace_binop(fn=<built-in function iadd>, immutable_fn=<built-in function add>, lhs=s, rhs=$binop_mul254.14, static_lhs=Undefined, static_rhs=Undefined)
2026-06-28 01:19:39 [DEBUG] numba.core.ssa:416 — find_def_from_top label 226
2026-06-28 01:19:39 [DEBUG] numba.core.ssa:453 — idom 222 from label 226
2026-06-28 01:19:39 [DEBUG] numba.core.ssa:459 — find_def_from_bottom label 222
2026-06-28 01:19:39 [DEBUG] numba.core.ssa:416 — find_def_from_top label 222
2026-06-28 01:19:39 [DEBUG] numba.core.ssa:433 — insert phi node s.6 = phi(incoming_values=[], incoming_blocks=[]) at 222
2026-06-28 01:19:39 [DEBUG] numba.core.ssa:459 — find_def_from_bottom label 194
2026-06-28 01:19:39 [DEBUG] numba.core.ssa:441 — incoming_def s.3 = const(float, 0.0)
2026-06-28 01:19:39 [DEBUG] numba.core.ssa:459 — find_def_from_bottom label 226
2026-06-28 01:19:39 [DEBUG] numba.core.ssa:441 — incoming_def s.4 = $binop_iadd258.15
2026-06-28 01:19:39 [DEBUG] numba.core.ssa:215 — replaced with: $binop_iadd258.15 = inplace_binop(fn=<built-in function iadd>, immutable_fn=<built-in function add>, lhs=s.6, rhs=$binop_mul254.14, static_lhs=Undefined, static_rhs=Undefined)
2026-06-28 01:19:39 [DEBUG] numba.core.ssa:209 — on stmt: s.4 = $binop_iadd258.15
2026-06-28 01:19:39 [DEBUG] numba.core.ssa:209 — on stmt: jump 222
2026-06-28 01:19:39 [DEBUG] numba.core.ssa:186 — ==== SSA block rewrite pass on 266
2026-06-28 01:19:39 [DEBUG] numba.core.ssa:207 — Running <numba.core.ssa._FixSSAVars object at 0x7f8ab68a92b0>
2026-06-28 01:19:39 [DEBUG] numba.core.ssa:209 — on stmt: dots[j] = s
2026-06-28 01:19:39 [DEBUG] numba.core.ssa:385 — find_def var='s' stmt=dots[j] = s
2026-06-28 01:19:39 [DEBUG] numba.core.ssa:416 — find_def_from_top label 266
2026-06-28 01:19:39 [DEBUG] numba.core.ssa:453 — idom 222 from label 266
2026-06-28 01:19:39 [DEBUG] numba.core.ssa:459 — find_def_from_bottom label 222
2026-06-28 01:19:39 [DEBUG] numba.core.ssa:215 — replaced with: dots[j] = s.6
2026-06-28 01:19:39 [DEBUG] numba.core.ssa:209 — on stmt: jump 190
2026-06-28 01:19:39 [DEBUG] numba.core.ssa:186 — ==== SSA block rewrite pass on 280
2026-06-28 01:19:39 [DEBUG] numba.core.ssa:207 — Running <numba.core.ssa._FixSSAVars object at 0x7f8ab68a92b0>
2026-06-28 01:19:39 [DEBUG] numba.core.ssa:209 — on stmt: $const284.3.1 = const(int, 0)
2026-06-28 01:19:39 [DEBUG] numba.core.ssa:209 — on stmt: $286compare_op.4 = stage == $const284.3.1
2026-06-28 01:19:39 [DEBUG] numba.core.ssa:209 — on stmt: $bool290 = global(bool: <class 'bool'>)
2026-06-28 01:19:39 [DEBUG] numba.core.ssa:209 — on stmt: $290pred = call $bool290($286compare_op.4, func=$bool290, args=(Var($286compare_op.4, jit_functions.py:35),), kws=(), vararg=None, varkwarg=None, target=None)
2026-06-28 01:19:39 [DEBUG] numba.core.ssa:209 — on stmt: branch $290pred, 292, 302
2026-06-28 01:19:39 [DEBUG] numba.core.ssa:186 — ==== SSA block rewrite pass on 292
2026-06-28 01:19:39 [DEBUG] numba.core.ssa:207 — Running <numba.core.ssa._FixSSAVars object at 0x7f8ab68a92b0>
2026-06-28 01:19:39 [DEBUG] numba.core.ssa:209 — on stmt: $const294.1.1 = const(int, 0)
2026-06-28 01:19:39 [DEBUG] numba.core.ssa:209 — on stmt: $296binary_subscr.2 = static_getitem(value=dots, index=0, index_var=$const294.1.1, fn=<built-in function getitem>)
2026-06-28 01:19:39 [DEBUG] numba.core.ssa:209 — on stmt: $phi372.0 = $296binary_subscr.2
2026-06-28 01:19:39 [DEBUG] numba.core.ssa:209 — on stmt: jump 372
2026-06-28 01:19:39 [DEBUG] numba.core.ssa:186 — ==== SSA block rewrite pass on 302
2026-06-28 01:19:39 [DEBUG] numba.core.ssa:207 — Running <numba.core.ssa._FixSSAVars object at 0x7f8ab68a92b0>
2026-06-28 01:19:39 [DEBUG] numba.core.ssa:209 — on stmt: $302load_global.0 = global(np: <module 'numpy' from '/home/dj/.local/lib/python3.12/site-packages/numpy/__init__.py'>)
2026-06-28 01:19:39 [DEBUG] numba.core.ssa:209 — on stmt: $312load_attr.2 = getattr(value=$302load_global.0, attr=dot)
2026-06-28 01:19:39 [DEBUG] numba.core.ssa:209 — on stmt: $const334.4.4 = const(NoneType, None)
2026-06-28 01:19:39 [DEBUG] numba.core.ssa:209 — on stmt: $const336.5.4 = const(NoneType, None)
2026-06-28 01:19:39 [DEBUG] numba.core.ssa:209 — on stmt: $338build_slice.6 = global(slice: <class 'slice'>)
2026-06-28 01:19:39 [DEBUG] numba.core.ssa:209 — on stmt: $338build_slice.7 = call $338build_slice.6($const334.4.4, $const336.5.4, func=$338build_slice.6, args=(Var($const334.4.4, jit_functions.py:36), Var($const336.5.4, jit_functions.py:36)), kws=(), vararg=None, varkwarg=None, target=None)
2026-06-28 01:19:39 [DEBUG] numba.core.ssa:209 — on stmt: $342build_tuple.9 = build_tuple(items=[Var($338build_slice.7, jit_functions.py:36), Var(stage, jit_functions.py:12)])
2026-06-28 01:19:39 [DEBUG] numba.core.ssa:209 — on stmt: $344binary_subscr.10 = getitem(value=basis_slice, index=$342build_tuple.9, fn=<built-in function getitem>)
2026-06-28 01:19:39 [DEBUG] numba.core.ssa:209 — on stmt: $const350.12.4 = const(NoneType, None)
2026-06-28 01:19:39 [DEBUG] numba.core.ssa:209 — on stmt: $const352.13.4 = const(NoneType, None)
2026-06-28 01:19:39 [DEBUG] numba.core.ssa:209 — on stmt: $354build_slice.14 = global(slice: <class 'slice'>)
2026-06-28 01:19:39 [DEBUG] numba.core.ssa:209 — on stmt: $354build_slice.15 = call $354build_slice.14($const350.12.4, $const352.13.4, func=$354build_slice.14, args=(Var($const350.12.4, jit_functions.py:36), Var($const352.13.4, jit_functions.py:36)), kws=(), vararg=None, varkwarg=None, target=None)
2026-06-28 01:19:39 [DEBUG] numba.core.ssa:209 — on stmt: $358build_tuple.17 = build_tuple(items=[Var($354build_slice.15, jit_functions.py:36), Var(stage, jit_functions.py:12)])
2026-06-28 01:19:39 [DEBUG] numba.core.ssa:209 — on stmt: $360binary_subscr.18 = getitem(value=basis_slice, index=$358build_tuple.17, fn=<built-in function getitem>)
2026-06-28 01:19:39 [DEBUG] numba.core.ssa:209 — on stmt: $364call.19 = call $312load_attr.2($344binary_subscr.10, $360binary_subscr.18, func=$312load_attr.2, args=[Var($344binary_subscr.10, jit_functions.py:36), Var($360binary_subscr.18, jit_functions.py:36)], kws=(), vararg=None, varkwarg=None, target=None)
2026-06-28 01:19:39 [DEBUG] numba.core.ssa:209 — on stmt: $phi372.0 = $364call.19
2026-06-28 01:19:39 [DEBUG] numba.core.ssa:209 — on stmt: jump 372
2026-06-28 01:19:39 [DEBUG] numba.core.ssa:186 — ==== SSA block rewrite pass on 372
2026-06-28 01:19:39 [DEBUG] numba.core.ssa:207 — Running <numba.core.ssa._FixSSAVars object at 0x7f8ab68a92b0>
2026-06-28 01:19:39 [DEBUG] numba.core.ssa:209 — on stmt: gs[stage] = $phi372.0
2026-06-28 01:19:39 [DEBUG] numba.core.ssa:209 — on stmt: s.1 = const(float, 0.0)
2026-06-28 01:19:39 [DEBUG] numba.core.ssa:209 — on stmt: $384load_global.4 = global(range: <class 'range'>)
2026-06-28 01:19:39 [DEBUG] numba.core.ssa:209 — on stmt: $396call.7 = call $384load_global.4(n, func=$384load_global.4, args=[Var(n, jit_functions.py:18)], kws=(), vararg=None, varkwarg=None, target=None)
2026-06-28 01:19:39 [DEBUG] numba.core.ssa:209 — on stmt: $404get_iter.8 = getiter(value=$396call.7)
2026-06-28 01:19:39 [DEBUG] numba.core.ssa:209 — on stmt: $phi406.0 = $404get_iter.8
2026-06-28 01:19:39 [DEBUG] numba.core.ssa:209 — on stmt: jump 406
2026-06-28 01:19:39 [DEBUG] numba.core.ssa:186 — ==== SSA block rewrite pass on 406
2026-06-28 01:19:39 [DEBUG] numba.core.ssa:207 — Running <numba.core.ssa._FixSSAVars object at 0x7f8ab68a92b0>
2026-06-28 01:19:39 [DEBUG] numba.core.ssa:209 — on stmt: $406for_iter.1 = iternext(value=$phi406.0)
2026-06-28 01:19:39 [DEBUG] numba.core.ssa:209 — on stmt: $406for_iter.2 = pair_first(value=$406for_iter.1)
2026-06-28 01:19:39 [DEBUG] numba.core.ssa:209 — on stmt: $406for_iter.3 = pair_second(value=$406for_iter.1)
2026-06-28 01:19:39 [DEBUG] numba.core.ssa:209 — on stmt: $phi410.1 = $406for_iter.2
2026-06-28 01:19:39 [DEBUG] numba.core.ssa:209 — on stmt: branch $406for_iter.3, 410, 450
2026-06-28 01:19:39 [DEBUG] numba.core.ssa:186 — ==== SSA block rewrite pass on 410
2026-06-28 01:19:39 [DEBUG] numba.core.ssa:207 — Running <numba.core.ssa._FixSSAVars object at 0x7f8ab68a92b0>
2026-06-28 01:19:39 [DEBUG] numba.core.ssa:209 — on stmt: r = $phi410.1
2026-06-28 01:19:39 [DEBUG] numba.core.ssa:209 — on stmt: $420build_tuple.6 = build_tuple(items=[Var(r, jit_functions.py:22), Var(stage, jit_functions.py:12)])
2026-06-28 01:19:39 [DEBUG] numba.core.ssa:209 — on stmt: $422binary_subscr.7 = getitem(value=basis_slice, index=$420build_tuple.6, fn=<built-in function getitem>)
2026-06-28 01:19:39 [DEBUG] numba.core.ssa:209 — on stmt: $432build_tuple.11 = build_tuple(items=[Var(r, jit_functions.py:22), Var(stage, jit_functions.py:12)])
2026-06-28 01:19:39 [DEBUG] numba.core.ssa:209 — on stmt: $434binary_subscr.12 = getitem(value=basis_slice, index=$432build_tuple.11, fn=<built-in function getitem>)
2026-06-28 01:19:39 [DEBUG] numba.core.ssa:209 — on stmt: $binop_mul438.13 = $422binary_subscr.7 * $434binary_subscr.12
2026-06-28 01:19:39 [DEBUG] numba.core.ssa:209 — on stmt: $binop_iadd442.14 = inplace_binop(fn=<built-in function iadd>, immutable_fn=<built-in function add>, lhs=s.1, rhs=$binop_mul438.13, static_lhs=Undefined, static_rhs=Undefined)
2026-06-28 01:19:39 [DEBUG] numba.core.ssa:209 — on stmt: s.1 = $binop_iadd442.14
2026-06-28 01:19:39 [DEBUG] numba.core.ssa:209 — on stmt: jump 406
2026-06-28 01:19:39 [DEBUG] numba.core.ssa:186 — ==== SSA block rewrite pass on 450
2026-06-28 01:19:39 [DEBUG] numba.core.ssa:207 — Running <numba.core.ssa._FixSSAVars object at 0x7f8ab68a92b0>
2026-06-28 01:19:39 [DEBUG] numba.core.ssa:209 — on stmt: gs[stage] = s.1
2026-06-28 01:19:39 [DEBUG] numba.core.ssa:209 — on stmt: $462load_global.5 = global(range: <class 'range'>)
2026-06-28 01:19:39 [DEBUG] numba.core.ssa:209 — on stmt: $474call.8 = call $462load_global.5(stage, func=$462load_global.5, args=[Var(stage, jit_functions.py:12)], kws=(), vararg=None, varkwarg=None, target=None)
2026-06-28 01:19:39 [DEBUG] numba.core.ssa:209 — on stmt: $482get_iter.9 = getiter(value=$474call.8)
2026-06-28 01:19:39 [DEBUG] numba.core.ssa:209 — on stmt: $phi484.0 = $482get_iter.9
2026-06-28 01:19:39 [DEBUG] numba.core.ssa:209 — on stmt: jump 484
2026-06-28 01:19:39 [DEBUG] numba.core.ssa:186 — ==== SSA block rewrite pass on 484
2026-06-28 01:19:39 [DEBUG] numba.core.ssa:207 — Running <numba.core.ssa._FixSSAVars object at 0x7f8ab68a92b0>
2026-06-28 01:19:39 [DEBUG] numba.core.ssa:209 — on stmt: $484for_iter.1 = iternext(value=$phi484.0)
2026-06-28 01:19:39 [DEBUG] numba.core.ssa:209 — on stmt: $484for_iter.2 = pair_first(value=$484for_iter.1)
2026-06-28 01:19:39 [DEBUG] numba.core.ssa:209 — on stmt: $484for_iter.3 = pair_second(value=$484for_iter.1)
2026-06-28 01:19:39 [DEBUG] numba.core.ssa:209 — on stmt: $phi488.1 = $484for_iter.2
2026-06-28 01:19:39 [DEBUG] numba.core.ssa:209 — on stmt: branch $484for_iter.3, 488, 678
2026-06-28 01:19:39 [DEBUG] numba.core.ssa:186 — ==== SSA block rewrite pass on 488
2026-06-28 01:19:39 [DEBUG] numba.core.ssa:207 — Running <numba.core.ssa._FixSSAVars object at 0x7f8ab68a92b0>
2026-06-28 01:19:39 [DEBUG] numba.core.ssa:209 — on stmt: j = $phi488.1
2026-06-28 01:19:39 [DEBUG] numba.core.ssa:209 — on stmt: ct = const(float, 0.0)
2026-06-28 01:19:39 [DEBUG] numba.core.ssa:209 — on stmt: $494load_global.3 = global(range: <class 'range'>)
2026-06-28 01:19:39 [DEBUG] numba.core.ssa:209 — on stmt: $506call.6 = call $494load_global.3(j, func=$494load_global.3, args=[Var(j, jit_functions.py:28)], kws=(), vararg=None, varkwarg=None, target=None)
2026-06-28 01:19:39 [DEBUG] numba.core.ssa:209 — on stmt: $514get_iter.7 = getiter(value=$506call.6)
2026-06-28 01:19:39 [DEBUG] numba.core.ssa:209 — on stmt: $phi516.1 = $514get_iter.7
2026-06-28 01:19:39 [DEBUG] numba.core.ssa:209 — on stmt: jump 516
2026-06-28 01:19:39 [DEBUG] numba.core.ssa:186 — ==== SSA block rewrite pass on 516
2026-06-28 01:19:39 [DEBUG] numba.core.ssa:207 — Running <numba.core.ssa._FixSSAVars object at 0x7f8ab68a92b0>
2026-06-28 01:19:39 [DEBUG] numba.core.ssa:209 — on stmt: $516for_iter.2 = iternext(value=$phi516.1)
2026-06-28 01:19:39 [DEBUG] numba.core.ssa:209 — on stmt: $516for_iter.3 = pair_first(value=$516for_iter.2)
2026-06-28 01:19:39 [DEBUG] numba.core.ssa:209 — on stmt: $516for_iter.4 = pair_second(value=$516for_iter.2)
2026-06-28 01:19:39 [DEBUG] numba.core.ssa:209 — on stmt: $phi520.2 = $516for_iter.3
2026-06-28 01:19:39 [DEBUG] numba.core.ssa:209 — on stmt: branch $516for_iter.4, 520, 572
2026-06-28 01:19:39 [DEBUG] numba.core.ssa:186 — ==== SSA block rewrite pass on 520
2026-06-28 01:19:39 [DEBUG] numba.core.ssa:207 — Running <numba.core.ssa._FixSSAVars object at 0x7f8ab68a92b0>
2026-06-28 01:19:39 [DEBUG] numba.core.ssa:209 — on stmt: i = $phi520.2
2026-06-28 01:19:39 [DEBUG] numba.core.ssa:209 — on stmt: $530build_tuple.7 = build_tuple(items=[Var(i, jit_functions.py:47), Var(j, jit_functions.py:28)])
2026-06-28 01:19:39 [DEBUG] numba.core.ssa:209 — on stmt: $532binary_subscr.8 = getitem(value=gsc, index=$530build_tuple.7, fn=<built-in function getitem>)
2026-06-28 01:19:39 [DEBUG] numba.core.ssa:209 — on stmt: $542build_tuple.12 = build_tuple(items=[Var(i, jit_functions.py:47), Var(stage, jit_functions.py:12)])
2026-06-28 01:19:39 [DEBUG] numba.core.ssa:209 — on stmt: $544binary_subscr.13 = getitem(value=gsc, index=$542build_tuple.12, fn=<built-in function getitem>)
2026-06-28 01:19:39 [DEBUG] numba.core.ssa:209 — on stmt: $binop_mul548.14 = $532binary_subscr.8 * $544binary_subscr.13
2026-06-28 01:19:39 [DEBUG] numba.core.ssa:209 — on stmt: $556binary_subscr.17 = getitem(value=gs, index=i, fn=<built-in function getitem>)
2026-06-28 01:19:39 [DEBUG] numba.core.ssa:209 — on stmt: $binop_mul560.18 = $binop_mul548.14 * $556binary_subscr.17
2026-06-28 01:19:39 [DEBUG] numba.core.ssa:209 — on stmt: $binop_iadd564.19 = inplace_binop(fn=<built-in function iadd>, immutable_fn=<built-in function add>, lhs=ct, rhs=$binop_mul560.18, static_lhs=Undefined, static_rhs=Undefined)
2026-06-28 01:19:39 [DEBUG] numba.core.ssa:209 — on stmt: ct = $binop_iadd564.19
2026-06-28 01:19:39 [DEBUG] numba.core.ssa:209 — on stmt: jump 516
2026-06-28 01:19:39 [DEBUG] numba.core.ssa:186 — ==== SSA block rewrite pass on 572
2026-06-28 01:19:39 [DEBUG] numba.core.ssa:207 — Running <numba.core.ssa._FixSSAVars object at 0x7f8ab68a92b0>
2026-06-28 01:19:39 [DEBUG] numba.core.ssa:209 — on stmt: $578binary_subscr.5 = getitem(value=dots, index=j, fn=<built-in function getitem>)
2026-06-28 01:19:39 [DEBUG] numba.core.ssa:209 — on stmt: $binop_sub584.7 = $578binary_subscr.5 - ct
2026-06-28 01:19:39 [DEBUG] numba.core.ssa:209 — on stmt: $592binary_subscr.10 = getitem(value=gs, index=j, fn=<built-in function getitem>)
2026-06-28 01:19:39 [DEBUG] numba.core.ssa:209 — on stmt: $binop_truediv596.11 = $binop_sub584.7 / $592binary_subscr.10
2026-06-28 01:19:39 [DEBUG] numba.core.ssa:209 — on stmt: $606build_tuple.15 = build_tuple(items=[Var(j, jit_functions.py:28), Var(stage, jit_functions.py:12)])
2026-06-28 01:19:39 [DEBUG] numba.core.ssa:209 — on stmt: gsc[$606build_tuple.15] = $binop_truediv596.11
2026-06-28 01:19:39 [DEBUG] numba.core.ssa:209 — on stmt: $620binary_subscr.18 = getitem(value=gs, index=stage, fn=<built-in function getitem>)
2026-06-28 01:19:39 [DEBUG] numba.core.ssa:209 — on stmt: $630build_tuple.22 = build_tuple(items=[Var(j, jit_functions.py:28), Var(stage, jit_functions.py:12)])
2026-06-28 01:19:39 [DEBUG] numba.core.ssa:209 — on stmt: $632binary_subscr.23 = getitem(value=gsc, index=$630build_tuple.22, fn=<built-in function getitem>)
2026-06-28 01:19:39 [DEBUG] numba.core.ssa:209 — on stmt: $642build_tuple.27 = build_tuple(items=[Var(j, jit_functions.py:28), Var(stage, jit_functions.py:12)])
2026-06-28 01:19:39 [DEBUG] numba.core.ssa:209 — on stmt: $644binary_subscr.28 = getitem(value=gsc, index=$642build_tuple.27, fn=<built-in function getitem>)
2026-06-28 01:19:39 [DEBUG] numba.core.ssa:209 — on stmt: $binop_mul648.29 = $632binary_subscr.23 * $644binary_subscr.28
2026-06-28 01:19:39 [DEBUG] numba.core.ssa:209 — on stmt: $656binary_subscr.32 = getitem(value=gs, index=j, fn=<built-in function getitem>)
2026-06-28 01:19:39 [DEBUG] numba.core.ssa:209 — on stmt: $binop_mul660.33 = $binop_mul648.29 * $656binary_subscr.32
2026-06-28 01:19:39 [DEBUG] numba.core.ssa:209 — on stmt: $binop_isub664.34 = inplace_binop(fn=<built-in function isub>, immutable_fn=<built-in function sub>, lhs=$620binary_subscr.18, rhs=$binop_mul660.33, static_lhs=Undefined, static_rhs=Undefined)
2026-06-28 01:19:39 [DEBUG] numba.core.ssa:209 — on stmt: gs[stage] = $binop_isub664.34
2026-06-28 01:19:39 [DEBUG] numba.core.ssa:209 — on stmt: jump 484
2026-06-28 01:19:39 [DEBUG] numba.core.ssa:186 — ==== SSA block rewrite pass on 678
2026-06-28 01:19:39 [DEBUG] numba.core.ssa:207 — Running <numba.core.ssa._FixSSAVars object at 0x7f8ab68a92b0>
2026-06-28 01:19:39 [DEBUG] numba.core.ssa:209 — on stmt: $const680.2.5 = const(float, 1.0)
2026-06-28 01:19:39 [DEBUG] numba.core.ssa:209 — on stmt: $688build_tuple.6 = build_tuple(items=[Var(stage, jit_functions.py:12), Var(stage, jit_functions.py:12)])
2026-06-28 01:19:39 [DEBUG] numba.core.ssa:209 — on stmt: gsc[$688build_tuple.6] = $const680.2.5
2026-06-28 01:19:39 [DEBUG] numba.core.ssa:209 — on stmt: $const694.7 = const(NoneType, None)
2026-06-28 01:19:39 [DEBUG] numba.core.ssa:209 — on stmt: $694return_const.8 = cast(value=$const694.7)
2026-06-28 01:19:39 [DEBUG] numba.core.ssa:209 — on stmt: return $694return_const.8
2026-06-28 01:19:39 [DEBUG] numba.core.ssa:63 — Fix SSA violator on var r
2026-06-28 01:19:39 [DEBUG] numba.core.ssa:186 — ==== SSA block rewrite pass on 0
2026-06-28 01:19:39 [DEBUG] numba.core.ssa:207 — Running <numba.core.ssa._FreshVarHandler object at 0x7f8aac396b10>
2026-06-28 01:19:39 [DEBUG] numba.core.ssa:209 — on stmt: basis_slice = arg(0, name=basis_slice)
2026-06-28 01:19:39 [DEBUG] numba.core.ssa:209 — on stmt: gsc = arg(1, name=gsc)
2026-06-28 01:19:39 [DEBUG] numba.core.ssa:209 — on stmt: gs = arg(2, name=gs)
2026-06-28 01:19:39 [DEBUG] numba.core.ssa:209 — on stmt: stage = arg(3, name=stage)
2026-06-28 01:19:39 [DEBUG] numba.core.ssa:209 — on stmt: $6load_attr.1 = getattr(value=basis_slice, attr=shape)
2026-06-28 01:19:39 [DEBUG] numba.core.ssa:209 — on stmt: $const26.2.1 = const(int, 0)
2026-06-28 01:19:39 [DEBUG] numba.core.ssa:209 — on stmt: n = static_getitem(value=$6load_attr.1, index=0, index_var=$const26.2.1, fn=<built-in function getitem>)
2026-06-28 01:19:39 [DEBUG] numba.core.ssa:209 — on stmt: $const36.5.2 = const(int, 1)
2026-06-28 01:19:39 [DEBUG] numba.core.ssa:209 — on stmt: $38compare_op.6 = stage == $const36.5.2
2026-06-28 01:19:39 [DEBUG] numba.core.ssa:209 — on stmt: $bool42 = global(bool: <class 'bool'>)
2026-06-28 01:19:39 [DEBUG] numba.core.ssa:209 — on stmt: $42pred = call $bool42($38compare_op.6, func=$bool42, args=(Var($38compare_op.6, jit_functions.py:20),), kws=(), vararg=None, varkwarg=None, target=None)
2026-06-28 01:19:39 [DEBUG] numba.core.ssa:209 — on stmt: branch $42pred, 44, 126
2026-06-28 01:19:39 [DEBUG] numba.core.ssa:186 — ==== SSA block rewrite pass on 44
2026-06-28 01:19:39 [DEBUG] numba.core.ssa:207 — Running <numba.core.ssa._FreshVarHandler object at 0x7f8aac396b10>
2026-06-28 01:19:39 [DEBUG] numba.core.ssa:209 — on stmt: s = const(float, 0.0)
2026-06-28 01:19:39 [DEBUG] numba.core.ssa:209 — on stmt: $48load_global.1 = global(range: <class 'range'>)
2026-06-28 01:19:39 [DEBUG] numba.core.ssa:209 — on stmt: $60call.4 = call $48load_global.1(n, func=$48load_global.1, args=[Var(n, jit_functions.py:18)], kws=(), vararg=None, varkwarg=None, target=None)
2026-06-28 01:19:39 [DEBUG] numba.core.ssa:209 — on stmt: $68get_iter.5 = getiter(value=$60call.4)
2026-06-28 01:19:39 [DEBUG] numba.core.ssa:209 — on stmt: $phi70.0 = $68get_iter.5
2026-06-28 01:19:39 [DEBUG] numba.core.ssa:209 — on stmt: jump 70
2026-06-28 01:19:39 [DEBUG] numba.core.ssa:186 — ==== SSA block rewrite pass on 70
2026-06-28 01:19:39 [DEBUG] numba.core.ssa:207 — Running <numba.core.ssa._FreshVarHandler object at 0x7f8aac396b10>
2026-06-28 01:19:39 [DEBUG] numba.core.ssa:209 — on stmt: s.5 = phi(incoming_values=[Var(s.2, jit_functions.py:23), Var(s, jit_functions.py:21)], incoming_blocks=[74, 44])
2026-06-28 01:19:39 [DEBUG] numba.core.ssa:209 — on stmt: $70for_iter.1 = iternext(value=$phi70.0)
2026-06-28 01:19:39 [DEBUG] numba.core.ssa:209 — on stmt: $70for_iter.2 = pair_first(value=$70for_iter.1)
2026-06-28 01:19:39 [DEBUG] numba.core.ssa:209 — on stmt: $70for_iter.3 = pair_second(value=$70for_iter.1)
2026-06-28 01:19:39 [DEBUG] numba.core.ssa:209 — on stmt: $phi74.1 = $70for_iter.2
2026-06-28 01:19:39 [DEBUG] numba.core.ssa:209 — on stmt: branch $70for_iter.3, 74, 114
2026-06-28 01:19:39 [DEBUG] numba.core.ssa:186 — ==== SSA block rewrite pass on 74
2026-06-28 01:19:39 [DEBUG] numba.core.ssa:207 — Running <numba.core.ssa._FreshVarHandler object at 0x7f8aac396b10>
2026-06-28 01:19:39 [DEBUG] numba.core.ssa:209 — on stmt: r = $phi74.1
2026-06-28 01:19:39 [DEBUG] numba.core.ssa:301 — first assign: r
2026-06-28 01:19:39 [DEBUG] numba.core.ssa:215 — replaced with: r = $phi74.1
2026-06-28 01:19:39 [DEBUG] numba.core.ssa:209 — on stmt: $const82.5.1 = const(int, 0)
2026-06-28 01:19:39 [DEBUG] numba.core.ssa:209 — on stmt: $84build_tuple.6 = build_tuple(items=[Var(r, jit_functions.py:22), Var($const82.5.1, jit_functions.py:23)])
2026-06-28 01:19:39 [DEBUG] numba.core.ssa:209 — on stmt: $86binary_subscr.7 = getitem(value=basis_slice, index=$84build_tuple.6, fn=<built-in function getitem>)
2026-06-28 01:19:39 [DEBUG] numba.core.ssa:209 — on stmt: $const94.10.1 = const(int, 0)
2026-06-28 01:19:39 [DEBUG] numba.core.ssa:209 — on stmt: $96build_tuple.11 = build_tuple(items=[Var(r, jit_functions.py:22), Var($const94.10.1, jit_functions.py:23)])
2026-06-28 01:19:39 [DEBUG] numba.core.ssa:209 — on stmt: $98binary_subscr.12 = getitem(value=basis_slice, index=$96build_tuple.11, fn=<built-in function getitem>)
2026-06-28 01:19:39 [DEBUG] numba.core.ssa:209 — on stmt: $binop_mul102.13 = $86binary_subscr.7 * $98binary_subscr.12
2026-06-28 01:19:39 [DEBUG] numba.core.ssa:209 — on stmt: $binop_iadd106.14 = inplace_binop(fn=<built-in function iadd>, immutable_fn=<built-in function add>, lhs=s.5, rhs=$binop_mul102.13, static_lhs=Undefined, static_rhs=Undefined)
2026-06-28 01:19:39 [DEBUG] numba.core.ssa:209 — on stmt: s.2 = $binop_iadd106.14
2026-06-28 01:19:39 [DEBUG] numba.core.ssa:209 — on stmt: jump 70
2026-06-28 01:19:39 [DEBUG] numba.core.ssa:186 — ==== SSA block rewrite pass on 114
2026-06-28 01:19:39 [DEBUG] numba.core.ssa:207 — Running <numba.core.ssa._FreshVarHandler object at 0x7f8aac396b10>
2026-06-28 01:19:39 [DEBUG] numba.core.ssa:209 — on stmt: $const120.4.1 = const(int, 0)
2026-06-28 01:19:39 [DEBUG] numba.core.ssa:209 — on stmt: gs[0] = s.5
2026-06-28 01:19:39 [DEBUG] numba.core.ssa:209 — on stmt: jump 126
2026-06-28 01:19:39 [DEBUG] numba.core.ssa:186 — ==== SSA block rewrite pass on 126
2026-06-28 01:19:39 [DEBUG] numba.core.ssa:207 — Running <numba.core.ssa._FreshVarHandler object at 0x7f8aac396b10>
2026-06-28 01:19:39 [DEBUG] numba.core.ssa:209 — on stmt: $126load_global.0 = global(np: <module 'numpy' from '/home/dj/.local/lib/python3.12/site-packages/numpy/__init__.py'>)
2026-06-28 01:19:39 [DEBUG] numba.core.ssa:209 — on stmt: $136load_attr.2 = getattr(value=$126load_global.0, attr=zeros)
2026-06-28 01:19:39 [DEBUG] numba.core.ssa:209 — on stmt: dots = call $136load_attr.2(stage, func=$136load_attr.2, args=[Var(stage, jit_functions.py:12)], kws=(), vararg=None, varkwarg=None, target=None)
2026-06-28 01:19:39 [DEBUG] numba.core.ssa:209 — on stmt: $168load_global.5 = global(range: <class 'range'>)
2026-06-28 01:19:39 [DEBUG] numba.core.ssa:209 — on stmt: $180call.8 = call $168load_global.5(stage, func=$168load_global.5, args=[Var(stage, jit_functions.py:12)], kws=(), vararg=None, varkwarg=None, target=None)
2026-06-28 01:19:39 [DEBUG] numba.core.ssa:209 — on stmt: $188get_iter.9 = getiter(value=$180call.8)
2026-06-28 01:19:39 [DEBUG] numba.core.ssa:209 — on stmt: $phi190.0 = $188get_iter.9
2026-06-28 01:19:39 [DEBUG] numba.core.ssa:209 — on stmt: jump 190
2026-06-28 01:19:39 [DEBUG] numba.core.ssa:186 — ==== SSA block rewrite pass on 190
2026-06-28 01:19:39 [DEBUG] numba.core.ssa:207 — Running <numba.core.ssa._FreshVarHandler object at 0x7f8aac396b10>
2026-06-28 01:19:39 [DEBUG] numba.core.ssa:209 — on stmt: $190for_iter.1 = iternext(value=$phi190.0)
2026-06-28 01:19:39 [DEBUG] numba.core.ssa:209 — on stmt: $190for_iter.2 = pair_first(value=$190for_iter.1)
2026-06-28 01:19:39 [DEBUG] numba.core.ssa:209 — on stmt: $190for_iter.3 = pair_second(value=$190for_iter.1)
2026-06-28 01:19:39 [DEBUG] numba.core.ssa:209 — on stmt: $phi194.1 = $190for_iter.2
2026-06-28 01:19:39 [DEBUG] numba.core.ssa:209 — on stmt: branch $190for_iter.3, 194, 280
2026-06-28 01:19:39 [DEBUG] numba.core.ssa:186 — ==== SSA block rewrite pass on 194
2026-06-28 01:19:39 [DEBUG] numba.core.ssa:207 — Running <numba.core.ssa._FreshVarHandler object at 0x7f8aac396b10>
2026-06-28 01:19:39 [DEBUG] numba.core.ssa:209 — on stmt: j = $phi194.1
2026-06-28 01:19:39 [DEBUG] numba.core.ssa:209 — on stmt: s.3 = const(float, 0.0)
2026-06-28 01:19:39 [DEBUG] numba.core.ssa:209 — on stmt: $200load_global.3 = global(range: <class 'range'>)
2026-06-28 01:19:39 [DEBUG] numba.core.ssa:209 — on stmt: $212call.6 = call $200load_global.3(n, func=$200load_global.3, args=[Var(n, jit_functions.py:18)], kws=(), vararg=None, varkwarg=None, target=None)
2026-06-28 01:19:39 [DEBUG] numba.core.ssa:209 — on stmt: $220get_iter.7 = getiter(value=$212call.6)
2026-06-28 01:19:39 [DEBUG] numba.core.ssa:209 — on stmt: $phi222.1 = $220get_iter.7
2026-06-28 01:19:39 [DEBUG] numba.core.ssa:209 — on stmt: jump 222
2026-06-28 01:19:39 [DEBUG] numba.core.ssa:186 — ==== SSA block rewrite pass on 222
2026-06-28 01:19:39 [DEBUG] numba.core.ssa:207 — Running <numba.core.ssa._FreshVarHandler object at 0x7f8aac396b10>
2026-06-28 01:19:39 [DEBUG] numba.core.ssa:209 — on stmt: s.6 = phi(incoming_values=[Var(s.3, jit_functions.py:29), Var(s.4, jit_functions.py:31)], incoming_blocks=[194, 226])
2026-06-28 01:19:39 [DEBUG] numba.core.ssa:209 — on stmt: $222for_iter.2 = iternext(value=$phi222.1)
2026-06-28 01:19:39 [DEBUG] numba.core.ssa:209 — on stmt: $222for_iter.3 = pair_first(value=$222for_iter.2)
2026-06-28 01:19:39 [DEBUG] numba.core.ssa:209 — on stmt: $222for_iter.4 = pair_second(value=$222for_iter.2)
2026-06-28 01:19:39 [DEBUG] numba.core.ssa:209 — on stmt: $phi226.2 = $222for_iter.3
2026-06-28 01:19:39 [DEBUG] numba.core.ssa:209 — on stmt: branch $222for_iter.4, 226, 266
2026-06-28 01:19:39 [DEBUG] numba.core.ssa:186 — ==== SSA block rewrite pass on 226
2026-06-28 01:19:39 [DEBUG] numba.core.ssa:207 — Running <numba.core.ssa._FreshVarHandler object at 0x7f8aac396b10>
2026-06-28 01:19:39 [DEBUG] numba.core.ssa:209 — on stmt: r = $phi226.2
2026-06-28 01:19:39 [DEBUG] numba.core.ssa:215 — replaced with: r.1 = $phi226.2
2026-06-28 01:19:39 [DEBUG] numba.core.ssa:209 — on stmt: $236build_tuple.7 = build_tuple(items=[Var(r, jit_functions.py:22), Var(stage, jit_functions.py:12)])
2026-06-28 01:19:39 [DEBUG] numba.core.ssa:209 — on stmt: $238binary_subscr.8 = getitem(value=basis_slice, index=$236build_tuple.7, fn=<built-in function getitem>)
2026-06-28 01:19:39 [DEBUG] numba.core.ssa:209 — on stmt: $248build_tuple.12 = build_tuple(items=[Var(r, jit_functions.py:22), Var(j, jit_functions.py:28)])
2026-06-28 01:19:39 [DEBUG] numba.core.ssa:209 — on stmt: $250binary_subscr.13 = getitem(value=basis_slice, index=$248build_tuple.12, fn=<built-in function getitem>)
2026-06-28 01:19:39 [DEBUG] numba.core.ssa:209 — on stmt: $binop_mul254.14 = $238binary_subscr.8 * $250binary_subscr.13
2026-06-28 01:19:39 [DEBUG] numba.core.ssa:209 — on stmt: $binop_iadd258.15 = inplace_binop(fn=<built-in function iadd>, immutable_fn=<built-in function add>, lhs=s.6, rhs=$binop_mul254.14, static_lhs=Undefined, static_rhs=Undefined)
2026-06-28 01:19:39 [DEBUG] numba.core.ssa:209 — on stmt: s.4 = $binop_iadd258.15
2026-06-28 01:19:39 [DEBUG] numba.core.ssa:209 — on stmt: jump 222
2026-06-28 01:19:39 [DEBUG] numba.core.ssa:186 — ==== SSA block rewrite pass on 266
2026-06-28 01:19:39 [DEBUG] numba.core.ssa:207 — Running <numba.core.ssa._FreshVarHandler object at 0x7f8aac396b10>
2026-06-28 01:19:39 [DEBUG] numba.core.ssa:209 — on stmt: dots[j] = s.6
2026-06-28 01:19:39 [DEBUG] numba.core.ssa:209 — on stmt: jump 190
2026-06-28 01:19:39 [DEBUG] numba.core.ssa:186 — ==== SSA block rewrite pass on 280
2026-06-28 01:19:39 [DEBUG] numba.core.ssa:207 — Running <numba.core.ssa._FreshVarHandler object at 0x7f8aac396b10>
2026-06-28 01:19:39 [DEBUG] numba.core.ssa:209 — on stmt: $const284.3.1 = const(int, 0)
2026-06-28 01:19:39 [DEBUG] numba.core.ssa:209 — on stmt: $286compare_op.4 = stage == $const284.3.1
2026-06-28 01:19:39 [DEBUG] numba.core.ssa:209 — on stmt: $bool290 = global(bool: <class 'bool'>)
2026-06-28 01:19:39 [DEBUG] numba.core.ssa:209 — on stmt: $290pred = call $bool290($286compare_op.4, func=$bool290, args=(Var($286compare_op.4, jit_functions.py:35),), kws=(), vararg=None, varkwarg=None, target=None)
2026-06-28 01:19:39 [DEBUG] numba.core.ssa:209 — on stmt: branch $290pred, 292, 302
2026-06-28 01:19:39 [DEBUG] numba.core.ssa:186 — ==== SSA block rewrite pass on 292
2026-06-28 01:19:39 [DEBUG] numba.core.ssa:207 — Running <numba.core.ssa._FreshVarHandler object at 0x7f8aac396b10>
2026-06-28 01:19:39 [DEBUG] numba.core.ssa:209 — on stmt: $const294.1.1 = const(int, 0)
2026-06-28 01:19:39 [DEBUG] numba.core.ssa:209 — on stmt: $296binary_subscr.2 = static_getitem(value=dots, index=0, index_var=$const294.1.1, fn=<built-in function getitem>)
2026-06-28 01:19:39 [DEBUG] numba.core.ssa:209 — on stmt: $phi372.0 = $296binary_subscr.2
2026-06-28 01:19:39 [DEBUG] numba.core.ssa:209 — on stmt: jump 372
2026-06-28 01:19:39 [DEBUG] numba.core.ssa:186 — ==== SSA block rewrite pass on 302
2026-06-28 01:19:39 [DEBUG] numba.core.ssa:207 — Running <numba.core.ssa._FreshVarHandler object at 0x7f8aac396b10>
2026-06-28 01:19:39 [DEBUG] numba.core.ssa:209 — on stmt: $302load_global.0 = global(np: <module 'numpy' from '/home/dj/.local/lib/python3.12/site-packages/numpy/__init__.py'>)
2026-06-28 01:19:39 [DEBUG] numba.core.ssa:209 — on stmt: $312load_attr.2 = getattr(value=$302load_global.0, attr=dot)
2026-06-28 01:19:39 [DEBUG] numba.core.ssa:209 — on stmt: $const334.4.4 = const(NoneType, None)
2026-06-28 01:19:39 [DEBUG] numba.core.ssa:209 — on stmt: $const336.5.4 = const(NoneType, None)
2026-06-28 01:19:39 [DEBUG] numba.core.ssa:209 — on stmt: $338build_slice.6 = global(slice: <class 'slice'>)
2026-06-28 01:19:39 [DEBUG] numba.core.ssa:209 — on stmt: $338build_slice.7 = call $338build_slice.6($const334.4.4, $const336.5.4, func=$338build_slice.6, args=(Var($const334.4.4, jit_functions.py:36), Var($const336.5.4, jit_functions.py:36)), kws=(), vararg=None, varkwarg=None, target=None)
2026-06-28 01:19:39 [DEBUG] numba.core.ssa:209 — on stmt: $342build_tuple.9 = build_tuple(items=[Var($338build_slice.7, jit_functions.py:36), Var(stage, jit_functions.py:12)])
2026-06-28 01:19:39 [DEBUG] numba.core.ssa:209 — on stmt: $344binary_subscr.10 = getitem(value=basis_slice, index=$342build_tuple.9, fn=<built-in function getitem>)
2026-06-28 01:19:39 [DEBUG] numba.core.ssa:209 — on stmt: $const350.12.4 = const(NoneType, None)
2026-06-28 01:19:39 [DEBUG] numba.core.ssa:209 — on stmt: $const352.13.4 = const(NoneType, None)
2026-06-28 01:19:39 [DEBUG] numba.core.ssa:209 — on stmt: $354build_slice.14 = global(slice: <class 'slice'>)
2026-06-28 01:19:39 [DEBUG] numba.core.ssa:209 — on stmt: $354build_slice.15 = call $354build_slice.14($const350.12.4, $const352.13.4, func=$354build_slice.14, args=(Var($const350.12.4, jit_functions.py:36), Var($const352.13.4, jit_functions.py:36)), kws=(), vararg=None, varkwarg=None, target=None)
2026-06-28 01:19:39 [DEBUG] numba.core.ssa:209 — on stmt: $358build_tuple.17 = build_tuple(items=[Var($354build_slice.15, jit_functions.py:36), Var(stage, jit_functions.py:12)])
2026-06-28 01:19:39 [DEBUG] numba.core.ssa:209 — on stmt: $360binary_subscr.18 = getitem(value=basis_slice, index=$358build_tuple.17, fn=<built-in function getitem>)
2026-06-28 01:19:39 [DEBUG] numba.core.ssa:209 — on stmt: $364call.19 = call $312load_attr.2($344binary_subscr.10, $360binary_subscr.18, func=$312load_attr.2, args=[Var($344binary_subscr.10, jit_functions.py:36), Var($360binary_subscr.18, jit_functions.py:36)], kws=(), vararg=None, varkwarg=None, target=None)
2026-06-28 01:19:39 [DEBUG] numba.core.ssa:209 — on stmt: $phi372.0 = $364call.19
2026-06-28 01:19:39 [DEBUG] numba.core.ssa:209 — on stmt: jump 372
2026-06-28 01:19:39 [DEBUG] numba.core.ssa:186 — ==== SSA block rewrite pass on 372
2026-06-28 01:19:39 [DEBUG] numba.core.ssa:207 — Running <numba.core.ssa._FreshVarHandler object at 0x7f8aac396b10>
2026-06-28 01:19:39 [DEBUG] numba.core.ssa:209 — on stmt: gs[stage] = $phi372.0
2026-06-28 01:19:39 [DEBUG] numba.core.ssa:209 — on stmt: s.1 = const(float, 0.0)
2026-06-28 01:19:39 [DEBUG] numba.core.ssa:209 — on stmt: $384load_global.4 = global(range: <class 'range'>)
2026-06-28 01:19:39 [DEBUG] numba.core.ssa:209 — on stmt: $396call.7 = call $384load_global.4(n, func=$384load_global.4, args=[Var(n, jit_functions.py:18)], kws=(), vararg=None, varkwarg=None, target=None)
2026-06-28 01:19:39 [DEBUG] numba.core.ssa:209 — on stmt: $404get_iter.8 = getiter(value=$396call.7)
2026-06-28 01:19:39 [DEBUG] numba.core.ssa:209 — on stmt: $phi406.0 = $404get_iter.8
2026-06-28 01:19:39 [DEBUG] numba.core.ssa:209 — on stmt: jump 406
2026-06-28 01:19:39 [DEBUG] numba.core.ssa:186 — ==== SSA block rewrite pass on 406
2026-06-28 01:19:39 [DEBUG] numba.core.ssa:207 — Running <numba.core.ssa._FreshVarHandler object at 0x7f8aac396b10>
2026-06-28 01:19:39 [DEBUG] numba.core.ssa:209 — on stmt: $406for_iter.1 = iternext(value=$phi406.0)
2026-06-28 01:19:39 [DEBUG] numba.core.ssa:209 — on stmt: $406for_iter.2 = pair_first(value=$406for_iter.1)
2026-06-28 01:19:39 [DEBUG] numba.core.ssa:209 — on stmt: $406for_iter.3 = pair_second(value=$406for_iter.1)
2026-06-28 01:19:39 [DEBUG] numba.core.ssa:209 — on stmt: $phi410.1 = $406for_iter.2
2026-06-28 01:19:39 [DEBUG] numba.core.ssa:209 — on stmt: branch $406for_iter.3, 410, 450
2026-06-28 01:19:39 [DEBUG] numba.core.ssa:186 — ==== SSA block rewrite pass on 410
2026-06-28 01:19:39 [DEBUG] numba.core.ssa:207 — Running <numba.core.ssa._FreshVarHandler object at 0x7f8aac396b10>
2026-06-28 01:19:39 [DEBUG] numba.core.ssa:209 — on stmt: r = $phi410.1
2026-06-28 01:19:39 [DEBUG] numba.core.ssa:215 — replaced with: r.2 = $phi410.1
2026-06-28 01:19:39 [DEBUG] numba.core.ssa:209 — on stmt: $420build_tuple.6 = build_tuple(items=[Var(r, jit_functions.py:22), Var(stage, jit_functions.py:12)])
2026-06-28 01:19:39 [DEBUG] numba.core.ssa:209 — on stmt: $422binary_subscr.7 = getitem(value=basis_slice, index=$420build_tuple.6, fn=<built-in function getitem>)
2026-06-28 01:19:39 [DEBUG] numba.core.ssa:209 — on stmt: $432build_tuple.11 = build_tuple(items=[Var(r, jit_functions.py:22), Var(stage, jit_functions.py:12)])
2026-06-28 01:19:39 [DEBUG] numba.core.ssa:209 — on stmt: $434binary_subscr.12 = getitem(value=basis_slice, index=$432build_tuple.11, fn=<built-in function getitem>)
2026-06-28 01:19:39 [DEBUG] numba.core.ssa:209 — on stmt: $binop_mul438.13 = $422binary_subscr.7 * $434binary_subscr.12
2026-06-28 01:19:39 [DEBUG] numba.core.ssa:209 — on stmt: $binop_iadd442.14 = inplace_binop(fn=<built-in function iadd>, immutable_fn=<built-in function add>, lhs=s.1, rhs=$binop_mul438.13, static_lhs=Undefined, static_rhs=Undefined)
2026-06-28 01:19:39 [DEBUG] numba.core.ssa:209 — on stmt: s.1 = $binop_iadd442.14
2026-06-28 01:19:39 [DEBUG] numba.core.ssa:209 — on stmt: jump 406
2026-06-28 01:19:39 [DEBUG] numba.core.ssa:186 — ==== SSA block rewrite pass on 450
2026-06-28 01:19:39 [DEBUG] numba.core.ssa:207 — Running <numba.core.ssa._FreshVarHandler object at 0x7f8aac396b10>
2026-06-28 01:19:39 [DEBUG] numba.core.ssa:209 — on stmt: gs[stage] = s.1
2026-06-28 01:19:39 [DEBUG] numba.core.ssa:209 — on stmt: $462load_global.5 = global(range: <class 'range'>)
2026-06-28 01:19:39 [DEBUG] numba.core.ssa:209 — on stmt: $474call.8 = call $462load_global.5(stage, func=$462load_global.5, args=[Var(stage, jit_functions.py:12)], kws=(), vararg=None, varkwarg=None, target=None)
2026-06-28 01:19:39 [DEBUG] numba.core.ssa:209 — on stmt: $482get_iter.9 = getiter(value=$474call.8)
2026-06-28 01:19:39 [DEBUG] numba.core.ssa:209 — on stmt: $phi484.0 = $482get_iter.9
2026-06-28 01:19:39 [DEBUG] numba.core.ssa:209 — on stmt: jump 484
2026-06-28 01:19:39 [DEBUG] numba.core.ssa:186 — ==== SSA block rewrite pass on 484
2026-06-28 01:19:39 [DEBUG] numba.core.ssa:207 — Running <numba.core.ssa._FreshVarHandler object at 0x7f8aac396b10>
2026-06-28 01:19:39 [DEBUG] numba.core.ssa:209 — on stmt: $484for_iter.1 = iternext(value=$phi484.0)
2026-06-28 01:19:39 [DEBUG] numba.core.ssa:209 — on stmt: $484for_iter.2 = pair_first(value=$484for_iter.1)
2026-06-28 01:19:39 [DEBUG] numba.core.ssa:209 — on stmt: $484for_iter.3 = pair_second(value=$484for_iter.1)
2026-06-28 01:19:39 [DEBUG] numba.core.ssa:209 — on stmt: $phi488.1 = $484for_iter.2
2026-06-28 01:19:39 [DEBUG] numba.core.ssa:209 — on stmt: branch $484for_iter.3, 488, 678
2026-06-28 01:19:39 [DEBUG] numba.core.ssa:186 — ==== SSA block rewrite pass on 488
2026-06-28 01:19:39 [DEBUG] numba.core.ssa:207 — Running <numba.core.ssa._FreshVarHandler object at 0x7f8aac396b10>
2026-06-28 01:19:39 [DEBUG] numba.core.ssa:209 — on stmt: j = $phi488.1
2026-06-28 01:19:39 [DEBUG] numba.core.ssa:209 — on stmt: ct = const(float, 0.0)
2026-06-28 01:19:39 [DEBUG] numba.core.ssa:209 — on stmt: $494load_global.3 = global(range: <class 'range'>)
2026-06-28 01:19:39 [DEBUG] numba.core.ssa:209 — on stmt: $506call.6 = call $494load_global.3(j, func=$494load_global.3, args=[Var(j, jit_functions.py:28)], kws=(), vararg=None, varkwarg=None, target=None)
2026-06-28 01:19:39 [DEBUG] numba.core.ssa:209 — on stmt: $514get_iter.7 = getiter(value=$506call.6)
2026-06-28 01:19:39 [DEBUG] numba.core.ssa:209 — on stmt: $phi516.1 = $514get_iter.7
2026-06-28 01:19:39 [DEBUG] numba.core.ssa:209 — on stmt: jump 516
2026-06-28 01:19:39 [DEBUG] numba.core.ssa:186 — ==== SSA block rewrite pass on 516
2026-06-28 01:19:39 [DEBUG] numba.core.ssa:207 — Running <numba.core.ssa._FreshVarHandler object at 0x7f8aac396b10>
2026-06-28 01:19:39 [DEBUG] numba.core.ssa:209 — on stmt: $516for_iter.2 = iternext(value=$phi516.1)
2026-06-28 01:19:39 [DEBUG] numba.core.ssa:209 — on stmt: $516for_iter.3 = pair_first(value=$516for_iter.2)
2026-06-28 01:19:39 [DEBUG] numba.core.ssa:209 — on stmt: $516for_iter.4 = pair_second(value=$516for_iter.2)
2026-06-28 01:19:39 [DEBUG] numba.core.ssa:209 — on stmt: $phi520.2 = $516for_iter.3
2026-06-28 01:19:39 [DEBUG] numba.core.ssa:209 — on stmt: branch $516for_iter.4, 520, 572
2026-06-28 01:19:39 [DEBUG] numba.core.ssa:186 — ==== SSA block rewrite pass on 520
2026-06-28 01:19:39 [DEBUG] numba.core.ssa:207 — Running <numba.core.ssa._FreshVarHandler object at 0x7f8aac396b10>
2026-06-28 01:19:39 [DEBUG] numba.core.ssa:209 — on stmt: i = $phi520.2
2026-06-28 01:19:39 [DEBUG] numba.core.ssa:209 — on stmt: $530build_tuple.7 = build_tuple(items=[Var(i, jit_functions.py:47), Var(j, jit_functions.py:28)])
2026-06-28 01:19:39 [DEBUG] numba.core.ssa:209 — on stmt: $532binary_subscr.8 = getitem(value=gsc, index=$530build_tuple.7, fn=<built-in function getitem>)
2026-06-28 01:19:39 [DEBUG] numba.core.ssa:209 — on stmt: $542build_tuple.12 = build_tuple(items=[Var(i, jit_functions.py:47), Var(stage, jit_functions.py:12)])
2026-06-28 01:19:39 [DEBUG] numba.core.ssa:209 — on stmt: $544binary_subscr.13 = getitem(value=gsc, index=$542build_tuple.12, fn=<built-in function getitem>)
2026-06-28 01:19:39 [DEBUG] numba.core.ssa:209 — on stmt: $binop_mul548.14 = $532binary_subscr.8 * $544binary_subscr.13
2026-06-28 01:19:39 [DEBUG] numba.core.ssa:209 — on stmt: $556binary_subscr.17 = getitem(value=gs, index=i, fn=<built-in function getitem>)
2026-06-28 01:19:39 [DEBUG] numba.core.ssa:209 — on stmt: $binop_mul560.18 = $binop_mul548.14 * $556binary_subscr.17
2026-06-28 01:19:39 [DEBUG] numba.core.ssa:209 — on stmt: $binop_iadd564.19 = inplace_binop(fn=<built-in function iadd>, immutable_fn=<built-in function add>, lhs=ct, rhs=$binop_mul560.18, static_lhs=Undefined, static_rhs=Undefined)
2026-06-28 01:19:39 [DEBUG] numba.core.ssa:209 — on stmt: ct = $binop_iadd564.19
2026-06-28 01:19:39 [DEBUG] numba.core.ssa:209 — on stmt: jump 516
2026-06-28 01:19:39 [DEBUG] numba.core.ssa:186 — ==== SSA block rewrite pass on 572
2026-06-28 01:19:39 [DEBUG] numba.core.ssa:207 — Running <numba.core.ssa._FreshVarHandler object at 0x7f8aac396b10>
2026-06-28 01:19:39 [DEBUG] numba.core.ssa:209 — on stmt: $578binary_subscr.5 = getitem(value=dots, index=j, fn=<built-in function getitem>)
2026-06-28 01:19:39 [DEBUG] numba.core.ssa:209 — on stmt: $binop_sub584.7 = $578binary_subscr.5 - ct
2026-06-28 01:19:39 [DEBUG] numba.core.ssa:209 — on stmt: $592binary_subscr.10 = getitem(value=gs, index=j, fn=<built-in function getitem>)
2026-06-28 01:19:39 [DEBUG] numba.core.ssa:209 — on stmt: $binop_truediv596.11 = $binop_sub584.7 / $592binary_subscr.10
2026-06-28 01:19:39 [DEBUG] numba.core.ssa:209 — on stmt: $606build_tuple.15 = build_tuple(items=[Var(j, jit_functions.py:28), Var(stage, jit_functions.py:12)])
2026-06-28 01:19:39 [DEBUG] numba.core.ssa:209 — on stmt: gsc[$606build_tuple.15] = $binop_truediv596.11
2026-06-28 01:19:39 [DEBUG] numba.core.ssa:209 — on stmt: $620binary_subscr.18 = getitem(value=gs, index=stage, fn=<built-in function getitem>)
2026-06-28 01:19:39 [DEBUG] numba.core.ssa:209 — on stmt: $630build_tuple.22 = build_tuple(items=[Var(j, jit_functions.py:28), Var(stage, jit_functions.py:12)])
2026-06-28 01:19:39 [DEBUG] numba.core.ssa:209 — on stmt: $632binary_subscr.23 = getitem(value=gsc, index=$630build_tuple.22, fn=<built-in function getitem>)
2026-06-28 01:19:39 [DEBUG] numba.core.ssa:209 — on stmt: $642build_tuple.27 = build_tuple(items=[Var(j, jit_functions.py:28), Var(stage, jit_functions.py:12)])
2026-06-28 01:19:39 [DEBUG] numba.core.ssa:209 — on stmt: $644binary_subscr.28 = getitem(value=gsc, index=$642build_tuple.27, fn=<built-in function getitem>)
2026-06-28 01:19:39 [DEBUG] numba.core.ssa:209 — on stmt: $binop_mul648.29 = $632binary_subscr.23 * $644binary_subscr.28
2026-06-28 01:19:39 [DEBUG] numba.core.ssa:209 — on stmt: $656binary_subscr.32 = getitem(value=gs, index=j, fn=<built-in function getitem>)
2026-06-28 01:19:39 [DEBUG] numba.core.ssa:209 — on stmt: $binop_mul660.33 = $binop_mul648.29 * $656binary_subscr.32
2026-06-28 01:19:39 [DEBUG] numba.core.ssa:209 — on stmt: $binop_isub664.34 = inplace_binop(fn=<built-in function isub>, immutable_fn=<built-in function sub>, lhs=$620binary_subscr.18, rhs=$binop_mul660.33, static_lhs=Undefined, static_rhs=Undefined)
2026-06-28 01:19:39 [DEBUG] numba.core.ssa:209 — on stmt: gs[stage] = $binop_isub664.34
2026-06-28 01:19:39 [DEBUG] numba.core.ssa:209 — on stmt: jump 484
2026-06-28 01:19:39 [DEBUG] numba.core.ssa:186 — ==== SSA block rewrite pass on 678
2026-06-28 01:19:39 [DEBUG] numba.core.ssa:207 — Running <numba.core.ssa._FreshVarHandler object at 0x7f8aac396b10>
2026-06-28 01:19:39 [DEBUG] numba.core.ssa:209 — on stmt: $const680.2.5 = const(float, 1.0)
2026-06-28 01:19:39 [DEBUG] numba.core.ssa:209 — on stmt: $688build_tuple.6 = build_tuple(items=[Var(stage, jit_functions.py:12), Var(stage, jit_functions.py:12)])
2026-06-28 01:19:39 [DEBUG] numba.core.ssa:209 — on stmt: gsc[$688build_tuple.6] = $const680.2.5
2026-06-28 01:19:39 [DEBUG] numba.core.ssa:209 — on stmt: $const694.7 = const(NoneType, None)
2026-06-28 01:19:39 [DEBUG] numba.core.ssa:209 — on stmt: $694return_const.8 = cast(value=$const694.7)
2026-06-28 01:19:39 [DEBUG] numba.core.ssa:209 — on stmt: return $694return_const.8
2026-06-28 01:19:39 [DEBUG] numba.core.ssa:69 — Replaced assignments: defaultdict(<class 'list'>,
            {74: [<numba.core.ir.Assign object at 0x7f8aac3964e0>],
             226: [<numba.core.ir.Assign object at 0x7f8aac396f30>],
             410: [<numba.core.ir.Assign object at 0x7f8aac394bf0>]})
2026-06-28 01:19:39 [DEBUG] numba.core.ssa:186 — ==== SSA block rewrite pass on 0
2026-06-28 01:19:39 [DEBUG] numba.core.ssa:207 — Running <numba.core.ssa._FixSSAVars object at 0x7f8ab68a92b0>
2026-06-28 01:19:39 [DEBUG] numba.core.ssa:209 — on stmt: basis_slice = arg(0, name=basis_slice)
2026-06-28 01:19:39 [DEBUG] numba.core.ssa:209 — on stmt: gsc = arg(1, name=gsc)
2026-06-28 01:19:39 [DEBUG] numba.core.ssa:209 — on stmt: gs = arg(2, name=gs)
2026-06-28 01:19:39 [DEBUG] numba.core.ssa:209 — on stmt: stage = arg(3, name=stage)
2026-06-28 01:19:39 [DEBUG] numba.core.ssa:209 — on stmt: $6load_attr.1 = getattr(value=basis_slice, attr=shape)
2026-06-28 01:19:39 [DEBUG] numba.core.ssa:209 — on stmt: $const26.2.1 = const(int, 0)
2026-06-28 01:19:39 [DEBUG] numba.core.ssa:209 — on stmt: n = static_getitem(value=$6load_attr.1, index=0, index_var=$const26.2.1, fn=<built-in function getitem>)
2026-06-28 01:19:39 [DEBUG] numba.core.ssa:209 — on stmt: $const36.5.2 = const(int, 1)
2026-06-28 01:19:39 [DEBUG] numba.core.ssa:209 — on stmt: $38compare_op.6 = stage == $const36.5.2
2026-06-28 01:19:39 [DEBUG] numba.core.ssa:209 — on stmt: $bool42 = global(bool: <class 'bool'>)
2026-06-28 01:19:39 [DEBUG] numba.core.ssa:209 — on stmt: $42pred = call $bool42($38compare_op.6, func=$bool42, args=(Var($38compare_op.6, jit_functions.py:20),), kws=(), vararg=None, varkwarg=None, target=None)
2026-06-28 01:19:39 [DEBUG] numba.core.ssa:209 — on stmt: branch $42pred, 44, 126
2026-06-28 01:19:39 [DEBUG] numba.core.ssa:186 — ==== SSA block rewrite pass on 44
2026-06-28 01:19:39 [DEBUG] numba.core.ssa:207 — Running <numba.core.ssa._FixSSAVars object at 0x7f8ab68a92b0>
2026-06-28 01:19:39 [DEBUG] numba.core.ssa:209 — on stmt: s = const(float, 0.0)
2026-06-28 01:19:39 [DEBUG] numba.core.ssa:209 — on stmt: $48load_global.1 = global(range: <class 'range'>)
2026-06-28 01:19:39 [DEBUG] numba.core.ssa:209 — on stmt: $60call.4 = call $48load_global.1(n, func=$48load_global.1, args=[Var(n, jit_functions.py:18)], kws=(), vararg=None, varkwarg=None, target=None)
2026-06-28 01:19:39 [DEBUG] numba.core.ssa:209 — on stmt: $68get_iter.5 = getiter(value=$60call.4)
2026-06-28 01:19:39 [DEBUG] numba.core.ssa:209 — on stmt: $phi70.0 = $68get_iter.5
2026-06-28 01:19:39 [DEBUG] numba.core.ssa:209 — on stmt: jump 70
2026-06-28 01:19:39 [DEBUG] numba.core.ssa:186 — ==== SSA block rewrite pass on 70
2026-06-28 01:19:39 [DEBUG] numba.core.ssa:207 — Running <numba.core.ssa._FixSSAVars object at 0x7f8ab68a92b0>
2026-06-28 01:19:39 [DEBUG] numba.core.ssa:209 — on stmt: s.5 = phi(incoming_values=[Var(s.2, jit_functions.py:23), Var(s, jit_functions.py:21)], incoming_blocks=[74, 44])
2026-06-28 01:19:39 [DEBUG] numba.core.ssa:209 — on stmt: $70for_iter.1 = iternext(value=$phi70.0)
2026-06-28 01:19:39 [DEBUG] numba.core.ssa:209 — on stmt: $70for_iter.2 = pair_first(value=$70for_iter.1)
2026-06-28 01:19:39 [DEBUG] numba.core.ssa:209 — on stmt: $70for_iter.3 = pair_second(value=$70for_iter.1)
2026-06-28 01:19:39 [DEBUG] numba.core.ssa:209 — on stmt: $phi74.1 = $70for_iter.2
2026-06-28 01:19:39 [DEBUG] numba.core.ssa:209 — on stmt: branch $70for_iter.3, 74, 114
2026-06-28 01:19:39 [DEBUG] numba.core.ssa:186 — ==== SSA block rewrite pass on 74
2026-06-28 01:19:39 [DEBUG] numba.core.ssa:207 — Running <numba.core.ssa._FixSSAVars object at 0x7f8ab68a92b0>
2026-06-28 01:19:39 [DEBUG] numba.core.ssa:209 — on stmt: r = $phi74.1
2026-06-28 01:19:39 [DEBUG] numba.core.ssa:209 — on stmt: $const82.5.1 = const(int, 0)
2026-06-28 01:19:39 [DEBUG] numba.core.ssa:209 — on stmt: $84build_tuple.6 = build_tuple(items=[Var(r, jit_functions.py:22), Var($const82.5.1, jit_functions.py:23)])
2026-06-28 01:19:39 [DEBUG] numba.core.ssa:385 — find_def var='r' stmt=$84build_tuple.6 = build_tuple(items=[Var(r, jit_functions.py:22), Var($const82.5.1, jit_functions.py:23)])
2026-06-28 01:19:39 [DEBUG] numba.core.ssa:209 — on stmt: $86binary_subscr.7 = getitem(value=basis_slice, index=$84build_tuple.6, fn=<built-in function getitem>)
2026-06-28 01:19:39 [DEBUG] numba.core.ssa:209 — on stmt: $const94.10.1 = const(int, 0)
2026-06-28 01:19:39 [DEBUG] numba.core.ssa:209 — on stmt: $96build_tuple.11 = build_tuple(items=[Var(r, jit_functions.py:22), Var($const94.10.1, jit_functions.py:23)])
2026-06-28 01:19:39 [DEBUG] numba.core.ssa:385 — find_def var='r' stmt=$96build_tuple.11 = build_tuple(items=[Var(r, jit_functions.py:22), Var($const94.10.1, jit_functions.py:23)])
2026-06-28 01:19:39 [DEBUG] numba.core.ssa:209 — on stmt: $98binary_subscr.12 = getitem(value=basis_slice, index=$96build_tuple.11, fn=<built-in function getitem>)
2026-06-28 01:19:39 [DEBUG] numba.core.ssa:209 — on stmt: $binop_mul102.13 = $86binary_subscr.7 * $98binary_subscr.12
2026-06-28 01:19:39 [DEBUG] numba.core.ssa:209 — on stmt: $binop_iadd106.14 = inplace_binop(fn=<built-in function iadd>, immutable_fn=<built-in function add>, lhs=s.5, rhs=$binop_mul102.13, static_lhs=Undefined, static_rhs=Undefined)
2026-06-28 01:19:39 [DEBUG] numba.core.ssa:209 — on stmt: s.2 = $binop_iadd106.14
2026-06-28 01:19:39 [DEBUG] numba.core.ssa:209 — on stmt: jump 70
2026-06-28 01:19:39 [DEBUG] numba.core.ssa:186 — ==== SSA block rewrite pass on 114
2026-06-28 01:19:39 [DEBUG] numba.core.ssa:207 — Running <numba.core.ssa._FixSSAVars object at 0x7f8ab68a92b0>
2026-06-28 01:19:39 [DEBUG] numba.core.ssa:209 — on stmt: $const120.4.1 = const(int, 0)
2026-06-28 01:19:39 [DEBUG] numba.core.ssa:209 — on stmt: gs[0] = s.5
2026-06-28 01:19:39 [DEBUG] numba.core.ssa:209 — on stmt: jump 126
2026-06-28 01:19:39 [DEBUG] numba.core.ssa:186 — ==== SSA block rewrite pass on 126
2026-06-28 01:19:39 [DEBUG] numba.core.ssa:207 — Running <numba.core.ssa._FixSSAVars object at 0x7f8ab68a92b0>
2026-06-28 01:19:39 [DEBUG] numba.core.ssa:209 — on stmt: $126load_global.0 = global(np: <module 'numpy' from '/home/dj/.local/lib/python3.12/site-packages/numpy/__init__.py'>)
2026-06-28 01:19:39 [DEBUG] numba.core.ssa:209 — on stmt: $136load_attr.2 = getattr(value=$126load_global.0, attr=zeros)
2026-06-28 01:19:39 [DEBUG] numba.core.ssa:209 — on stmt: dots = call $136load_attr.2(stage, func=$136load_attr.2, args=[Var(stage, jit_functions.py:12)], kws=(), vararg=None, varkwarg=None, target=None)
2026-06-28 01:19:39 [DEBUG] numba.core.ssa:209 — on stmt: $168load_global.5 = global(range: <class 'range'>)
2026-06-28 01:19:39 [DEBUG] numba.core.ssa:209 — on stmt: $180call.8 = call $168load_global.5(stage, func=$168load_global.5, args=[Var(stage, jit_functions.py:12)], kws=(), vararg=None, varkwarg=None, target=None)
2026-06-28 01:19:39 [DEBUG] numba.core.ssa:209 — on stmt: $188get_iter.9 = getiter(value=$180call.8)
2026-06-28 01:19:39 [DEBUG] numba.core.ssa:209 — on stmt: $phi190.0 = $188get_iter.9
2026-06-28 01:19:39 [DEBUG] numba.core.ssa:209 — on stmt: jump 190
2026-06-28 01:19:39 [DEBUG] numba.core.ssa:186 — ==== SSA block rewrite pass on 190
2026-06-28 01:19:39 [DEBUG] numba.core.ssa:207 — Running <numba.core.ssa._FixSSAVars object at 0x7f8ab68a92b0>
2026-06-28 01:19:39 [DEBUG] numba.core.ssa:209 — on stmt: $190for_iter.1 = iternext(value=$phi190.0)
2026-06-28 01:19:39 [DEBUG] numba.core.ssa:209 — on stmt: $190for_iter.2 = pair_first(value=$190for_iter.1)
2026-06-28 01:19:39 [DEBUG] numba.core.ssa:209 — on stmt: $190for_iter.3 = pair_second(value=$190for_iter.1)
2026-06-28 01:19:39 [DEBUG] numba.core.ssa:209 — on stmt: $phi194.1 = $190for_iter.2
2026-06-28 01:19:39 [DEBUG] numba.core.ssa:209 — on stmt: branch $190for_iter.3, 194, 280
2026-06-28 01:19:39 [DEBUG] numba.core.ssa:186 — ==== SSA block rewrite pass on 194
2026-06-28 01:19:39 [DEBUG] numba.core.ssa:207 — Running <numba.core.ssa._FixSSAVars object at 0x7f8ab68a92b0>
2026-06-28 01:19:39 [DEBUG] numba.core.ssa:209 — on stmt: j = $phi194.1
2026-06-28 01:19:39 [DEBUG] numba.core.ssa:209 — on stmt: s.3 = const(float, 0.0)
2026-06-28 01:19:39 [DEBUG] numba.core.ssa:209 — on stmt: $200load_global.3 = global(range: <class 'range'>)
2026-06-28 01:19:39 [DEBUG] numba.core.ssa:209 — on stmt: $212call.6 = call $200load_global.3(n, func=$200load_global.3, args=[Var(n, jit_functions.py:18)], kws=(), vararg=None, varkwarg=None, target=None)
2026-06-28 01:19:39 [DEBUG] numba.core.ssa:209 — on stmt: $220get_iter.7 = getiter(value=$212call.6)
2026-06-28 01:19:39 [DEBUG] numba.core.ssa:209 — on stmt: $phi222.1 = $220get_iter.7
2026-06-28 01:19:39 [DEBUG] numba.core.ssa:209 — on stmt: jump 222
2026-06-28 01:19:39 [DEBUG] numba.core.ssa:186 — ==== SSA block rewrite pass on 222
2026-06-28 01:19:39 [DEBUG] numba.core.ssa:207 — Running <numba.core.ssa._FixSSAVars object at 0x7f8ab68a92b0>
2026-06-28 01:19:39 [DEBUG] numba.core.ssa:209 — on stmt: s.6 = phi(incoming_values=[Var(s.3, jit_functions.py:29), Var(s.4, jit_functions.py:31)], incoming_blocks=[194, 226])
2026-06-28 01:19:39 [DEBUG] numba.core.ssa:209 — on stmt: $222for_iter.2 = iternext(value=$phi222.1)
2026-06-28 01:19:39 [DEBUG] numba.core.ssa:209 — on stmt: $222for_iter.3 = pair_first(value=$222for_iter.2)
2026-06-28 01:19:39 [DEBUG] numba.core.ssa:209 — on stmt: $222for_iter.4 = pair_second(value=$222for_iter.2)
2026-06-28 01:19:39 [DEBUG] numba.core.ssa:209 — on stmt: $phi226.2 = $222for_iter.3
2026-06-28 01:19:39 [DEBUG] numba.core.ssa:209 — on stmt: branch $222for_iter.4, 226, 266
2026-06-28 01:19:39 [DEBUG] numba.core.ssa:186 — ==== SSA block rewrite pass on 226
2026-06-28 01:19:39 [DEBUG] numba.core.ssa:207 — Running <numba.core.ssa._FixSSAVars object at 0x7f8ab68a92b0>
2026-06-28 01:19:39 [DEBUG] numba.core.ssa:209 — on stmt: r.1 = $phi226.2
2026-06-28 01:19:39 [DEBUG] numba.core.ssa:209 — on stmt: $236build_tuple.7 = build_tuple(items=[Var(r, jit_functions.py:22), Var(stage, jit_functions.py:12)])
2026-06-28 01:19:39 [DEBUG] numba.core.ssa:385 — find_def var='r' stmt=$236build_tuple.7 = build_tuple(items=[Var(r, jit_functions.py:22), Var(stage, jit_functions.py:12)])
2026-06-28 01:19:39 [DEBUG] numba.core.ssa:215 — replaced with: $236build_tuple.7 = build_tuple(items=[Var(r.1, jit_functions.py:30), Var(stage, jit_functions.py:12)])
2026-06-28 01:19:39 [DEBUG] numba.core.ssa:209 — on stmt: $238binary_subscr.8 = getitem(value=basis_slice, index=$236build_tuple.7, fn=<built-in function getitem>)
2026-06-28 01:19:39 [DEBUG] numba.core.ssa:209 — on stmt: $248build_tuple.12 = build_tuple(items=[Var(r, jit_functions.py:22), Var(j, jit_functions.py:28)])
2026-06-28 01:19:39 [DEBUG] numba.core.ssa:385 — find_def var='r' stmt=$248build_tuple.12 = build_tuple(items=[Var(r, jit_functions.py:22), Var(j, jit_functions.py:28)])
2026-06-28 01:19:39 [DEBUG] numba.core.ssa:215 — replaced with: $248build_tuple.12 = build_tuple(items=[Var(r.1, jit_functions.py:30), Var(j, jit_functions.py:28)])
2026-06-28 01:19:39 [DEBUG] numba.core.ssa:209 — on stmt: $250binary_subscr.13 = getitem(value=basis_slice, index=$248build_tuple.12, fn=<built-in function getitem>)
2026-06-28 01:19:39 [DEBUG] numba.core.ssa:209 — on stmt: $binop_mul254.14 = $238binary_subscr.8 * $250binary_subscr.13
2026-06-28 01:19:39 [DEBUG] numba.core.ssa:209 — on stmt: $binop_iadd258.15 = inplace_binop(fn=<built-in function iadd>, immutable_fn=<built-in function add>, lhs=s.6, rhs=$binop_mul254.14, static_lhs=Undefined, static_rhs=Undefined)
2026-06-28 01:19:39 [DEBUG] numba.core.ssa:209 — on stmt: s.4 = $binop_iadd258.15
2026-06-28 01:19:39 [DEBUG] numba.core.ssa:209 — on stmt: jump 222
2026-06-28 01:19:39 [DEBUG] numba.core.ssa:186 — ==== SSA block rewrite pass on 266
2026-06-28 01:19:39 [DEBUG] numba.core.ssa:207 — Running <numba.core.ssa._FixSSAVars object at 0x7f8ab68a92b0>
2026-06-28 01:19:39 [DEBUG] numba.core.ssa:209 — on stmt: dots[j] = s.6
2026-06-28 01:19:39 [DEBUG] numba.core.ssa:209 — on stmt: jump 190
2026-06-28 01:19:39 [DEBUG] numba.core.ssa:186 — ==== SSA block rewrite pass on 280
2026-06-28 01:19:39 [DEBUG] numba.core.ssa:207 — Running <numba.core.ssa._FixSSAVars object at 0x7f8ab68a92b0>
2026-06-28 01:19:39 [DEBUG] numba.core.ssa:209 — on stmt: $const284.3.1 = const(int, 0)
2026-06-28 01:19:39 [DEBUG] numba.core.ssa:209 — on stmt: $286compare_op.4 = stage == $const284.3.1
2026-06-28 01:19:39 [DEBUG] numba.core.ssa:209 — on stmt: $bool290 = global(bool: <class 'bool'>)
2026-06-28 01:19:39 [DEBUG] numba.core.ssa:209 — on stmt: $290pred = call $bool290($286compare_op.4, func=$bool290, args=(Var($286compare_op.4, jit_functions.py:35),), kws=(), vararg=None, varkwarg=None, target=None)
2026-06-28 01:19:39 [DEBUG] numba.core.ssa:209 — on stmt: branch $290pred, 292, 302
2026-06-28 01:19:39 [DEBUG] numba.core.ssa:186 — ==== SSA block rewrite pass on 292
2026-06-28 01:19:39 [DEBUG] numba.core.ssa:207 — Running <numba.core.ssa._FixSSAVars object at 0x7f8ab68a92b0>
2026-06-28 01:19:39 [DEBUG] numba.core.ssa:209 — on stmt: $const294.1.1 = const(int, 0)
2026-06-28 01:19:39 [DEBUG] numba.core.ssa:209 — on stmt: $296binary_subscr.2 = static_getitem(value=dots, index=0, index_var=$const294.1.1, fn=<built-in function getitem>)
2026-06-28 01:19:39 [DEBUG] numba.core.ssa:209 — on stmt: $phi372.0 = $296binary_subscr.2
2026-06-28 01:19:39 [DEBUG] numba.core.ssa:209 — on stmt: jump 372
2026-06-28 01:19:39 [DEBUG] numba.core.ssa:186 — ==== SSA block rewrite pass on 302
2026-06-28 01:19:39 [DEBUG] numba.core.ssa:207 — Running <numba.core.ssa._FixSSAVars object at 0x7f8ab68a92b0>
2026-06-28 01:19:39 [DEBUG] numba.core.ssa:209 — on stmt: $302load_global.0 = global(np: <module 'numpy' from '/home/dj/.local/lib/python3.12/site-packages/numpy/__init__.py'>)
2026-06-28 01:19:39 [DEBUG] numba.core.ssa:209 — on stmt: $312load_attr.2 = getattr(value=$302load_global.0, attr=dot)
2026-06-28 01:19:39 [DEBUG] numba.core.ssa:209 — on stmt: $const334.4.4 = const(NoneType, None)
2026-06-28 01:19:39 [DEBUG] numba.core.ssa:209 — on stmt: $const336.5.4 = const(NoneType, None)
2026-06-28 01:19:39 [DEBUG] numba.core.ssa:209 — on stmt: $338build_slice.6 = global(slice: <class 'slice'>)
2026-06-28 01:19:39 [DEBUG] numba.core.ssa:209 — on stmt: $338build_slice.7 = call $338build_slice.6($const334.4.4, $const336.5.4, func=$338build_slice.6, args=(Var($const334.4.4, jit_functions.py:36), Var($const336.5.4, jit_functions.py:36)), kws=(), vararg=None, varkwarg=None, target=None)
2026-06-28 01:19:39 [DEBUG] numba.core.ssa:209 — on stmt: $342build_tuple.9 = build_tuple(items=[Var($338build_slice.7, jit_functions.py:36), Var(stage, jit_functions.py:12)])
2026-06-28 01:19:39 [DEBUG] numba.core.ssa:209 — on stmt: $344binary_subscr.10 = getitem(value=basis_slice, index=$342build_tuple.9, fn=<built-in function getitem>)
2026-06-28 01:19:39 [DEBUG] numba.core.ssa:209 — on stmt: $const350.12.4 = const(NoneType, None)
2026-06-28 01:19:39 [DEBUG] numba.core.ssa:209 — on stmt: $const352.13.4 = const(NoneType, None)
2026-06-28 01:19:39 [DEBUG] numba.core.ssa:209 — on stmt: $354build_slice.14 = global(slice: <class 'slice'>)
2026-06-28 01:19:39 [DEBUG] numba.core.ssa:209 — on stmt: $354build_slice.15 = call $354build_slice.14($const350.12.4, $const352.13.4, func=$354build_slice.14, args=(Var($const350.12.4, jit_functions.py:36), Var($const352.13.4, jit_functions.py:36)), kws=(), vararg=None, varkwarg=None, target=None)
2026-06-28 01:19:39 [DEBUG] numba.core.ssa:209 — on stmt: $358build_tuple.17 = build_tuple(items=[Var($354build_slice.15, jit_functions.py:36), Var(stage, jit_functions.py:12)])
2026-06-28 01:19:39 [DEBUG] numba.core.ssa:209 — on stmt: $360binary_subscr.18 = getitem(value=basis_slice, index=$358build_tuple.17, fn=<built-in function getitem>)
2026-06-28 01:19:39 [DEBUG] numba.core.ssa:209 — on stmt: $364call.19 = call $312load_attr.2($344binary_subscr.10, $360binary_subscr.18, func=$312load_attr.2, args=[Var($344binary_subscr.10, jit_functions.py:36), Var($360binary_subscr.18, jit_functions.py:36)], kws=(), vararg=None, varkwarg=None, target=None)
2026-06-28 01:19:39 [DEBUG] numba.core.ssa:209 — on stmt: $phi372.0 = $364call.19
2026-06-28 01:19:39 [DEBUG] numba.core.ssa:209 — on stmt: jump 372
2026-06-28 01:19:39 [DEBUG] numba.core.ssa:186 — ==== SSA block rewrite pass on 372
2026-06-28 01:19:39 [DEBUG] numba.core.ssa:207 — Running <numba.core.ssa._FixSSAVars object at 0x7f8ab68a92b0>
2026-06-28 01:19:39 [DEBUG] numba.core.ssa:209 — on stmt: gs[stage] = $phi372.0
2026-06-28 01:19:39 [DEBUG] numba.core.ssa:209 — on stmt: s.1 = const(float, 0.0)
2026-06-28 01:19:39 [DEBUG] numba.core.ssa:209 — on stmt: $384load_global.4 = global(range: <class 'range'>)
2026-06-28 01:19:39 [DEBUG] numba.core.ssa:209 — on stmt: $396call.7 = call $384load_global.4(n, func=$384load_global.4, args=[Var(n, jit_functions.py:18)], kws=(), vararg=None, varkwarg=None, target=None)
2026-06-28 01:19:39 [DEBUG] numba.core.ssa:209 — on stmt: $404get_iter.8 = getiter(value=$396call.7)
2026-06-28 01:19:39 [DEBUG] numba.core.ssa:209 — on stmt: $phi406.0 = $404get_iter.8
2026-06-28 01:19:39 [DEBUG] numba.core.ssa:209 — on stmt: jump 406
2026-06-28 01:19:39 [DEBUG] numba.core.ssa:186 — ==== SSA block rewrite pass on 406
2026-06-28 01:19:39 [DEBUG] numba.core.ssa:207 — Running <numba.core.ssa._FixSSAVars object at 0x7f8ab68a92b0>
2026-06-28 01:19:39 [DEBUG] numba.core.ssa:209 — on stmt: $406for_iter.1 = iternext(value=$phi406.0)
2026-06-28 01:19:39 [DEBUG] numba.core.ssa:209 — on stmt: $406for_iter.2 = pair_first(value=$406for_iter.1)
2026-06-28 01:19:39 [DEBUG] numba.core.ssa:209 — on stmt: $406for_iter.3 = pair_second(value=$406for_iter.1)
2026-06-28 01:19:39 [DEBUG] numba.core.ssa:209 — on stmt: $phi410.1 = $406for_iter.2
2026-06-28 01:19:39 [DEBUG] numba.core.ssa:209 — on stmt: branch $406for_iter.3, 410, 450
2026-06-28 01:19:39 [DEBUG] numba.core.ssa:186 — ==== SSA block rewrite pass on 410
2026-06-28 01:19:39 [DEBUG] numba.core.ssa:207 — Running <numba.core.ssa._FixSSAVars object at 0x7f8ab68a92b0>
2026-06-28 01:19:39 [DEBUG] numba.core.ssa:209 — on stmt: r.2 = $phi410.1
2026-06-28 01:19:39 [DEBUG] numba.core.ssa:209 — on stmt: $420build_tuple.6 = build_tuple(items=[Var(r, jit_functions.py:22), Var(stage, jit_functions.py:12)])
2026-06-28 01:19:39 [DEBUG] numba.core.ssa:385 — find_def var='r' stmt=$420build_tuple.6 = build_tuple(items=[Var(r, jit_functions.py:22), Var(stage, jit_functions.py:12)])
2026-06-28 01:19:39 [DEBUG] numba.core.ssa:215 — replaced with: $420build_tuple.6 = build_tuple(items=[Var(r.2, jit_functions.py:40), Var(stage, jit_functions.py:12)])
2026-06-28 01:19:39 [DEBUG] numba.core.ssa:209 — on stmt: $422binary_subscr.7 = getitem(value=basis_slice, index=$420build_tuple.6, fn=<built-in function getitem>)
2026-06-28 01:19:39 [DEBUG] numba.core.ssa:209 — on stmt: $432build_tuple.11 = build_tuple(items=[Var(r, jit_functions.py:22), Var(stage, jit_functions.py:12)])
2026-06-28 01:19:39 [DEBUG] numba.core.ssa:385 — find_def var='r' stmt=$432build_tuple.11 = build_tuple(items=[Var(r, jit_functions.py:22), Var(stage, jit_functions.py:12)])
2026-06-28 01:19:39 [DEBUG] numba.core.ssa:215 — replaced with: $432build_tuple.11 = build_tuple(items=[Var(r.2, jit_functions.py:40), Var(stage, jit_functions.py:12)])
2026-06-28 01:19:39 [DEBUG] numba.core.ssa:209 — on stmt: $434binary_subscr.12 = getitem(value=basis_slice, index=$432build_tuple.11, fn=<built-in function getitem>)
2026-06-28 01:19:39 [DEBUG] numba.core.ssa:209 — on stmt: $binop_mul438.13 = $422binary_subscr.7 * $434binary_subscr.12
2026-06-28 01:19:39 [DEBUG] numba.core.ssa:209 — on stmt: $binop_iadd442.14 = inplace_binop(fn=<built-in function iadd>, immutable_fn=<built-in function add>, lhs=s.1, rhs=$binop_mul438.13, static_lhs=Undefined, static_rhs=Undefined)
2026-06-28 01:19:39 [DEBUG] numba.core.ssa:209 — on stmt: s.1 = $binop_iadd442.14
2026-06-28 01:19:39 [DEBUG] numba.core.ssa:209 — on stmt: jump 406
2026-06-28 01:19:39 [DEBUG] numba.core.ssa:186 — ==== SSA block rewrite pass on 450
2026-06-28 01:19:39 [DEBUG] numba.core.ssa:207 — Running <numba.core.ssa._FixSSAVars object at 0x7f8ab68a92b0>
2026-06-28 01:19:39 [DEBUG] numba.core.ssa:209 — on stmt: gs[stage] = s.1
2026-06-28 01:19:39 [DEBUG] numba.core.ssa:209 — on stmt: $462load_global.5 = global(range: <class 'range'>)
2026-06-28 01:19:39 [DEBUG] numba.core.ssa:209 — on stmt: $474call.8 = call $462load_global.5(stage, func=$462load_global.5, args=[Var(stage, jit_functions.py:12)], kws=(), vararg=None, varkwarg=None, target=None)
2026-06-28 01:19:39 [DEBUG] numba.core.ssa:209 — on stmt: $482get_iter.9 = getiter(value=$474call.8)
2026-06-28 01:19:39 [DEBUG] numba.core.ssa:209 — on stmt: $phi484.0 = $482get_iter.9
2026-06-28 01:19:39 [DEBUG] numba.core.ssa:209 — on stmt: jump 484
2026-06-28 01:19:39 [DEBUG] numba.core.ssa:186 — ==== SSA block rewrite pass on 484
2026-06-28 01:19:39 [DEBUG] numba.core.ssa:207 — Running <numba.core.ssa._FixSSAVars object at 0x7f8ab68a92b0>
2026-06-28 01:19:39 [DEBUG] numba.core.ssa:209 — on stmt: $484for_iter.1 = iternext(value=$phi484.0)
2026-06-28 01:19:39 [DEBUG] numba.core.ssa:209 — on stmt: $484for_iter.2 = pair_first(value=$484for_iter.1)
2026-06-28 01:19:39 [DEBUG] numba.core.ssa:209 — on stmt: $484for_iter.3 = pair_second(value=$484for_iter.1)
2026-06-28 01:19:39 [DEBUG] numba.core.ssa:209 — on stmt: $phi488.1 = $484for_iter.2
2026-06-28 01:19:39 [DEBUG] numba.core.ssa:209 — on stmt: branch $484for_iter.3, 488, 678
2026-06-28 01:19:39 [DEBUG] numba.core.ssa:186 — ==== SSA block rewrite pass on 488
2026-06-28 01:19:39 [DEBUG] numba.core.ssa:207 — Running <numba.core.ssa._FixSSAVars object at 0x7f8ab68a92b0>
2026-06-28 01:19:39 [DEBUG] numba.core.ssa:209 — on stmt: j = $phi488.1
2026-06-28 01:19:39 [DEBUG] numba.core.ssa:209 — on stmt: ct = const(float, 0.0)
2026-06-28 01:19:39 [DEBUG] numba.core.ssa:209 — on stmt: $494load_global.3 = global(range: <class 'range'>)
2026-06-28 01:19:39 [DEBUG] numba.core.ssa:209 — on stmt: $506call.6 = call $494load_global.3(j, func=$494load_global.3, args=[Var(j, jit_functions.py:28)], kws=(), vararg=None, varkwarg=None, target=None)
2026-06-28 01:19:39 [DEBUG] numba.core.ssa:209 — on stmt: $514get_iter.7 = getiter(value=$506call.6)
2026-06-28 01:19:39 [DEBUG] numba.core.ssa:209 — on stmt: $phi516.1 = $514get_iter.7
2026-06-28 01:19:39 [DEBUG] numba.core.ssa:209 — on stmt: jump 516
2026-06-28 01:19:39 [DEBUG] numba.core.ssa:186 — ==== SSA block rewrite pass on 516
2026-06-28 01:19:39 [DEBUG] numba.core.ssa:207 — Running <numba.core.ssa._FixSSAVars object at 0x7f8ab68a92b0>
2026-06-28 01:19:39 [DEBUG] numba.core.ssa:209 — on stmt: $516for_iter.2 = iternext(value=$phi516.1)
2026-06-28 01:19:39 [DEBUG] numba.core.ssa:209 — on stmt: $516for_iter.3 = pair_first(value=$516for_iter.2)
2026-06-28 01:19:39 [DEBUG] numba.core.ssa:209 — on stmt: $516for_iter.4 = pair_second(value=$516for_iter.2)
2026-06-28 01:19:39 [DEBUG] numba.core.ssa:209 — on stmt: $phi520.2 = $516for_iter.3
2026-06-28 01:19:39 [DEBUG] numba.core.ssa:209 — on stmt: branch $516for_iter.4, 520, 572
2026-06-28 01:19:39 [DEBUG] numba.core.ssa:186 — ==== SSA block rewrite pass on 520
2026-06-28 01:19:39 [DEBUG] numba.core.ssa:207 — Running <numba.core.ssa._FixSSAVars object at 0x7f8ab68a92b0>
2026-06-28 01:19:39 [DEBUG] numba.core.ssa:209 — on stmt: i = $phi520.2
2026-06-28 01:19:39 [DEBUG] numba.core.ssa:209 — on stmt: $530build_tuple.7 = build_tuple(items=[Var(i, jit_functions.py:47), Var(j, jit_functions.py:28)])
2026-06-28 01:19:39 [DEBUG] numba.core.ssa:209 — on stmt: $532binary_subscr.8 = getitem(value=gsc, index=$530build_tuple.7, fn=<built-in function getitem>)
2026-06-28 01:19:39 [DEBUG] numba.core.ssa:209 — on stmt: $542build_tuple.12 = build_tuple(items=[Var(i, jit_functions.py:47), Var(stage, jit_functions.py:12)])
2026-06-28 01:19:39 [DEBUG] numba.core.ssa:209 — on stmt: $544binary_subscr.13 = getitem(value=gsc, index=$542build_tuple.12, fn=<built-in function getitem>)
2026-06-28 01:19:39 [DEBUG] numba.core.ssa:209 — on stmt: $binop_mul548.14 = $532binary_subscr.8 * $544binary_subscr.13
2026-06-28 01:19:39 [DEBUG] numba.core.ssa:209 — on stmt: $556binary_subscr.17 = getitem(value=gs, index=i, fn=<built-in function getitem>)
2026-06-28 01:19:39 [DEBUG] numba.core.ssa:209 — on stmt: $binop_mul560.18 = $binop_mul548.14 * $556binary_subscr.17
2026-06-28 01:19:39 [DEBUG] numba.core.ssa:209 — on stmt: $binop_iadd564.19 = inplace_binop(fn=<built-in function iadd>, immutable_fn=<built-in function add>, lhs=ct, rhs=$binop_mul560.18, static_lhs=Undefined, static_rhs=Undefined)
2026-06-28 01:19:39 [DEBUG] numba.core.ssa:209 — on stmt: ct = $binop_iadd564.19
2026-06-28 01:19:39 [DEBUG] numba.core.ssa:209 — on stmt: jump 516
2026-06-28 01:19:39 [DEBUG] numba.core.ssa:186 — ==== SSA block rewrite pass on 572
2026-06-28 01:19:39 [DEBUG] numba.core.ssa:207 — Running <numba.core.ssa._FixSSAVars object at 0x7f8ab68a92b0>
2026-06-28 01:19:39 [DEBUG] numba.core.ssa:209 — on stmt: $578binary_subscr.5 = getitem(value=dots, index=j, fn=<built-in function getitem>)
2026-06-28 01:19:39 [DEBUG] numba.core.ssa:209 — on stmt: $binop_sub584.7 = $578binary_subscr.5 - ct
2026-06-28 01:19:39 [DEBUG] numba.core.ssa:209 — on stmt: $592binary_subscr.10 = getitem(value=gs, index=j, fn=<built-in function getitem>)
2026-06-28 01:19:39 [DEBUG] numba.core.ssa:209 — on stmt: $binop_truediv596.11 = $binop_sub584.7 / $592binary_subscr.10
2026-06-28 01:19:39 [DEBUG] numba.core.ssa:209 — on stmt: $606build_tuple.15 = build_tuple(items=[Var(j, jit_functions.py:28), Var(stage, jit_functions.py:12)])
2026-06-28 01:19:39 [DEBUG] numba.core.ssa:209 — on stmt: gsc[$606build_tuple.15] = $binop_truediv596.11
2026-06-28 01:19:39 [DEBUG] numba.core.ssa:209 — on stmt: $620binary_subscr.18 = getitem(value=gs, index=stage, fn=<built-in function getitem>)
2026-06-28 01:19:39 [DEBUG] numba.core.ssa:209 — on stmt: $630build_tuple.22 = build_tuple(items=[Var(j, jit_functions.py:28), Var(stage, jit_functions.py:12)])
2026-06-28 01:19:39 [DEBUG] numba.core.ssa:209 — on stmt: $632binary_subscr.23 = getitem(value=gsc, index=$630build_tuple.22, fn=<built-in function getitem>)
2026-06-28 01:19:39 [DEBUG] numba.core.ssa:209 — on stmt: $642build_tuple.27 = build_tuple(items=[Var(j, jit_functions.py:28), Var(stage, jit_functions.py:12)])
2026-06-28 01:19:39 [DEBUG] numba.core.ssa:209 — on stmt: $644binary_subscr.28 = getitem(value=gsc, index=$642build_tuple.27, fn=<built-in function getitem>)
2026-06-28 01:19:39 [DEBUG] numba.core.ssa:209 — on stmt: $binop_mul648.29 = $632binary_subscr.23 * $644binary_subscr.28
2026-06-28 01:19:39 [DEBUG] numba.core.ssa:209 — on stmt: $656binary_subscr.32 = getitem(value=gs, index=j, fn=<built-in function getitem>)
2026-06-28 01:19:39 [DEBUG] numba.core.ssa:209 — on stmt: $binop_mul660.33 = $binop_mul648.29 * $656binary_subscr.32
2026-06-28 01:19:39 [DEBUG] numba.core.ssa:209 — on stmt: $binop_isub664.34 = inplace_binop(fn=<built-in function isub>, immutable_fn=<built-in function sub>, lhs=$620binary_subscr.18, rhs=$binop_mul660.33, static_lhs=Undefined, static_rhs=Undefined)
2026-06-28 01:19:39 [DEBUG] numba.core.ssa:209 — on stmt: gs[stage] = $binop_isub664.34
2026-06-28 01:19:39 [DEBUG] numba.core.ssa:209 — on stmt: jump 484
2026-06-28 01:19:39 [DEBUG] numba.core.ssa:186 — ==== SSA block rewrite pass on 678
2026-06-28 01:19:39 [DEBUG] numba.core.ssa:207 — Running <numba.core.ssa._FixSSAVars object at 0x7f8ab68a92b0>
2026-06-28 01:19:39 [DEBUG] numba.core.ssa:209 — on stmt: $const680.2.5 = const(float, 1.0)
2026-06-28 01:19:39 [DEBUG] numba.core.ssa:209 — on stmt: $688build_tuple.6 = build_tuple(items=[Var(stage, jit_functions.py:12), Var(stage, jit_functions.py:12)])
2026-06-28 01:19:39 [DEBUG] numba.core.ssa:209 — on stmt: gsc[$688build_tuple.6] = $const680.2.5
2026-06-28 01:19:39 [DEBUG] numba.core.ssa:209 — on stmt: $const694.7 = const(NoneType, None)
2026-06-28 01:19:39 [DEBUG] numba.core.ssa:209 — on stmt: $694return_const.8 = cast(value=$const694.7)
2026-06-28 01:19:39 [DEBUG] numba.core.ssa:209 — on stmt: return $694return_const.8
2026-06-28 01:19:39 [DEBUG] numba.core.ssa:63 — Fix SSA violator on var j
2026-06-28 01:19:39 [DEBUG] numba.core.ssa:186 — ==== SSA block rewrite pass on 0
2026-06-28 01:19:39 [DEBUG] numba.core.ssa:207 — Running <numba.core.ssa._FreshVarHandler object at 0x7f8ab68a92b0>
2026-06-28 01:19:39 [DEBUG] numba.core.ssa:209 — on stmt: basis_slice = arg(0, name=basis_slice)
2026-06-28 01:19:39 [DEBUG] numba.core.ssa:209 — on stmt: gsc = arg(1, name=gsc)
2026-06-28 01:19:39 [DEBUG] numba.core.ssa:209 — on stmt: gs = arg(2, name=gs)
2026-06-28 01:19:39 [DEBUG] numba.core.ssa:209 — on stmt: stage = arg(3, name=stage)
2026-06-28 01:19:39 [DEBUG] numba.core.ssa:209 — on stmt: $6load_attr.1 = getattr(value=basis_slice, attr=shape)
2026-06-28 01:19:39 [DEBUG] numba.core.ssa:209 — on stmt: $const26.2.1 = const(int, 0)
2026-06-28 01:19:39 [DEBUG] numba.core.ssa:209 — on stmt: n = static_getitem(value=$6load_attr.1, index=0, index_var=$const26.2.1, fn=<built-in function getitem>)
2026-06-28 01:19:39 [DEBUG] numba.core.ssa:209 — on stmt: $const36.5.2 = const(int, 1)
2026-06-28 01:19:39 [DEBUG] numba.core.ssa:209 — on stmt: $38compare_op.6 = stage == $const36.5.2
2026-06-28 01:19:39 [DEBUG] numba.core.ssa:209 — on stmt: $bool42 = global(bool: <class 'bool'>)
2026-06-28 01:19:39 [DEBUG] numba.core.ssa:209 — on stmt: $42pred = call $bool42($38compare_op.6, func=$bool42, args=(Var($38compare_op.6, jit_functions.py:20),), kws=(), vararg=None, varkwarg=None, target=None)
2026-06-28 01:19:39 [DEBUG] numba.core.ssa:209 — on stmt: branch $42pred, 44, 126
2026-06-28 01:19:39 [DEBUG] numba.core.ssa:186 — ==== SSA block rewrite pass on 44
2026-06-28 01:19:39 [DEBUG] numba.core.ssa:207 — Running <numba.core.ssa._FreshVarHandler object at 0x7f8ab68a92b0>
2026-06-28 01:19:39 [DEBUG] numba.core.ssa:209 — on stmt: s = const(float, 0.0)
2026-06-28 01:19:39 [DEBUG] numba.core.ssa:209 — on stmt: $48load_global.1 = global(range: <class 'range'>)
2026-06-28 01:19:39 [DEBUG] numba.core.ssa:209 — on stmt: $60call.4 = call $48load_global.1(n, func=$48load_global.1, args=[Var(n, jit_functions.py:18)], kws=(), vararg=None, varkwarg=None, target=None)
2026-06-28 01:19:39 [DEBUG] numba.core.ssa:209 — on stmt: $68get_iter.5 = getiter(value=$60call.4)
2026-06-28 01:19:39 [DEBUG] numba.core.ssa:209 — on stmt: $phi70.0 = $68get_iter.5
2026-06-28 01:19:39 [DEBUG] numba.core.ssa:209 — on stmt: jump 70
2026-06-28 01:19:39 [DEBUG] numba.core.ssa:186 — ==== SSA block rewrite pass on 70
2026-06-28 01:19:39 [DEBUG] numba.core.ssa:207 — Running <numba.core.ssa._FreshVarHandler object at 0x7f8ab68a92b0>
2026-06-28 01:19:39 [DEBUG] numba.core.ssa:209 — on stmt: s.5 = phi(incoming_values=[Var(s.2, jit_functions.py:23), Var(s, jit_functions.py:21)], incoming_blocks=[74, 44])
2026-06-28 01:19:39 [DEBUG] numba.core.ssa:209 — on stmt: $70for_iter.1 = iternext(value=$phi70.0)
2026-06-28 01:19:39 [DEBUG] numba.core.ssa:209 — on stmt: $70for_iter.2 = pair_first(value=$70for_iter.1)
2026-06-28 01:19:39 [DEBUG] numba.core.ssa:209 — on stmt: $70for_iter.3 = pair_second(value=$70for_iter.1)
2026-06-28 01:19:39 [DEBUG] numba.core.ssa:209 — on stmt: $phi74.1 = $70for_iter.2
2026-06-28 01:19:39 [DEBUG] numba.core.ssa:209 — on stmt: branch $70for_iter.3, 74, 114
2026-06-28 01:19:39 [DEBUG] numba.core.ssa:186 — ==== SSA block rewrite pass on 74
2026-06-28 01:19:39 [DEBUG] numba.core.ssa:207 — Running <numba.core.ssa._FreshVarHandler object at 0x7f8ab68a92b0>
2026-06-28 01:19:39 [DEBUG] numba.core.ssa:209 — on stmt: r = $phi74.1
2026-06-28 01:19:39 [DEBUG] numba.core.ssa:209 — on stmt: $const82.5.1 = const(int, 0)
2026-06-28 01:19:39 [DEBUG] numba.core.ssa:209 — on stmt: $84build_tuple.6 = build_tuple(items=[Var(r, jit_functions.py:22), Var($const82.5.1, jit_functions.py:23)])
2026-06-28 01:19:39 [DEBUG] numba.core.ssa:209 — on stmt: $86binary_subscr.7 = getitem(value=basis_slice, index=$84build_tuple.6, fn=<built-in function getitem>)
2026-06-28 01:19:39 [DEBUG] numba.core.ssa:209 — on stmt: $const94.10.1 = const(int, 0)
2026-06-28 01:19:39 [DEBUG] numba.core.ssa:209 — on stmt: $96build_tuple.11 = build_tuple(items=[Var(r, jit_functions.py:22), Var($const94.10.1, jit_functions.py:23)])
2026-06-28 01:19:39 [DEBUG] numba.core.ssa:209 — on stmt: $98binary_subscr.12 = getitem(value=basis_slice, index=$96build_tuple.11, fn=<built-in function getitem>)
2026-06-28 01:19:39 [DEBUG] numba.core.ssa:209 — on stmt: $binop_mul102.13 = $86binary_subscr.7 * $98binary_subscr.12
2026-06-28 01:19:39 [DEBUG] numba.core.ssa:209 — on stmt: $binop_iadd106.14 = inplace_binop(fn=<built-in function iadd>, immutable_fn=<built-in function add>, lhs=s.5, rhs=$binop_mul102.13, static_lhs=Undefined, static_rhs=Undefined)
2026-06-28 01:19:39 [DEBUG] numba.core.ssa:209 — on stmt: s.2 = $binop_iadd106.14
2026-06-28 01:19:39 [DEBUG] numba.core.ssa:209 — on stmt: jump 70
2026-06-28 01:19:39 [DEBUG] numba.core.ssa:186 — ==== SSA block rewrite pass on 114
2026-06-28 01:19:39 [DEBUG] numba.core.ssa:207 — Running <numba.core.ssa._FreshVarHandler object at 0x7f8ab68a92b0>
2026-06-28 01:19:39 [DEBUG] numba.core.ssa:209 — on stmt: $const120.4.1 = const(int, 0)
2026-06-28 01:19:39 [DEBUG] numba.core.ssa:209 — on stmt: gs[0] = s.5
2026-06-28 01:19:39 [DEBUG] numba.core.ssa:209 — on stmt: jump 126
2026-06-28 01:19:39 [DEBUG] numba.core.ssa:186 — ==== SSA block rewrite pass on 126
2026-06-28 01:19:39 [DEBUG] numba.core.ssa:207 — Running <numba.core.ssa._FreshVarHandler object at 0x7f8ab68a92b0>
2026-06-28 01:19:39 [DEBUG] numba.core.ssa:209 — on stmt: $126load_global.0 = global(np: <module 'numpy' from '/home/dj/.local/lib/python3.12/site-packages/numpy/__init__.py'>)
2026-06-28 01:19:39 [DEBUG] numba.core.ssa:209 — on stmt: $136load_attr.2 = getattr(value=$126load_global.0, attr=zeros)
2026-06-28 01:19:39 [DEBUG] numba.core.ssa:209 — on stmt: dots = call $136load_attr.2(stage, func=$136load_attr.2, args=[Var(stage, jit_functions.py:12)], kws=(), vararg=None, varkwarg=None, target=None)
2026-06-28 01:19:39 [DEBUG] numba.core.ssa:209 — on stmt: $168load_global.5 = global(range: <class 'range'>)
2026-06-28 01:19:39 [DEBUG] numba.core.ssa:209 — on stmt: $180call.8 = call $168load_global.5(stage, func=$168load_global.5, args=[Var(stage, jit_functions.py:12)], kws=(), vararg=None, varkwarg=None, target=None)
2026-06-28 01:19:39 [DEBUG] numba.core.ssa:209 — on stmt: $188get_iter.9 = getiter(value=$180call.8)
2026-06-28 01:19:39 [DEBUG] numba.core.ssa:209 — on stmt: $phi190.0 = $188get_iter.9
2026-06-28 01:19:39 [DEBUG] numba.core.ssa:209 — on stmt: jump 190
2026-06-28 01:19:39 [DEBUG] numba.core.ssa:186 — ==== SSA block rewrite pass on 190
2026-06-28 01:19:39 [DEBUG] numba.core.ssa:207 — Running <numba.core.ssa._FreshVarHandler object at 0x7f8ab68a92b0>
2026-06-28 01:19:39 [DEBUG] numba.core.ssa:209 — on stmt: $190for_iter.1 = iternext(value=$phi190.0)
2026-06-28 01:19:39 [DEBUG] numba.core.ssa:209 — on stmt: $190for_iter.2 = pair_first(value=$190for_iter.1)
2026-06-28 01:19:39 [DEBUG] numba.core.ssa:209 — on stmt: $190for_iter.3 = pair_second(value=$190for_iter.1)
2026-06-28 01:19:39 [DEBUG] numba.core.ssa:209 — on stmt: $phi194.1 = $190for_iter.2
2026-06-28 01:19:39 [DEBUG] numba.core.ssa:209 — on stmt: branch $190for_iter.3, 194, 280
2026-06-28 01:19:39 [DEBUG] numba.core.ssa:186 — ==== SSA block rewrite pass on 194
2026-06-28 01:19:39 [DEBUG] numba.core.ssa:207 — Running <numba.core.ssa._FreshVarHandler object at 0x7f8ab68a92b0>
2026-06-28 01:19:39 [DEBUG] numba.core.ssa:209 — on stmt: j = $phi194.1
2026-06-28 01:19:39 [DEBUG] numba.core.ssa:301 — first assign: j
2026-06-28 01:19:39 [DEBUG] numba.core.ssa:215 — replaced with: j = $phi194.1
2026-06-28 01:19:39 [DEBUG] numba.core.ssa:209 — on stmt: s.3 = const(float, 0.0)
2026-06-28 01:19:39 [DEBUG] numba.core.ssa:209 — on stmt: $200load_global.3 = global(range: <class 'range'>)
2026-06-28 01:19:39 [DEBUG] numba.core.ssa:209 — on stmt: $212call.6 = call $200load_global.3(n, func=$200load_global.3, args=[Var(n, jit_functions.py:18)], kws=(), vararg=None, varkwarg=None, target=None)
2026-06-28 01:19:39 [DEBUG] numba.core.ssa:209 — on stmt: $220get_iter.7 = getiter(value=$212call.6)
2026-06-28 01:19:39 [DEBUG] numba.core.ssa:209 — on stmt: $phi222.1 = $220get_iter.7
2026-06-28 01:19:39 [DEBUG] numba.core.ssa:209 — on stmt: jump 222
2026-06-28 01:19:39 [DEBUG] numba.core.ssa:186 — ==== SSA block rewrite pass on 222
2026-06-28 01:19:39 [DEBUG] numba.core.ssa:207 — Running <numba.core.ssa._FreshVarHandler object at 0x7f8ab68a92b0>
2026-06-28 01:19:39 [DEBUG] numba.core.ssa:209 — on stmt: s.6 = phi(incoming_values=[Var(s.3, jit_functions.py:29), Var(s.4, jit_functions.py:31)], incoming_blocks=[194, 226])
2026-06-28 01:19:39 [DEBUG] numba.core.ssa:209 — on stmt: $222for_iter.2 = iternext(value=$phi222.1)
2026-06-28 01:19:39 [DEBUG] numba.core.ssa:209 — on stmt: $222for_iter.3 = pair_first(value=$222for_iter.2)
2026-06-28 01:19:39 [DEBUG] numba.core.ssa:209 — on stmt: $222for_iter.4 = pair_second(value=$222for_iter.2)
2026-06-28 01:19:39 [DEBUG] numba.core.ssa:209 — on stmt: $phi226.2 = $222for_iter.3
2026-06-28 01:19:39 [DEBUG] numba.core.ssa:209 — on stmt: branch $222for_iter.4, 226, 266
2026-06-28 01:19:39 [DEBUG] numba.core.ssa:186 — ==== SSA block rewrite pass on 226
2026-06-28 01:19:39 [DEBUG] numba.core.ssa:207 — Running <numba.core.ssa._FreshVarHandler object at 0x7f8ab68a92b0>
2026-06-28 01:19:39 [DEBUG] numba.core.ssa:209 — on stmt: r.1 = $phi226.2
2026-06-28 01:19:39 [DEBUG] numba.core.ssa:209 — on stmt: $236build_tuple.7 = build_tuple(items=[Var(r.1, jit_functions.py:30), Var(stage, jit_functions.py:12)])
2026-06-28 01:19:39 [DEBUG] numba.core.ssa:209 — on stmt: $238binary_subscr.8 = getitem(value=basis_slice, index=$236build_tuple.7, fn=<built-in function getitem>)
2026-06-28 01:19:39 [DEBUG] numba.core.ssa:209 — on stmt: $248build_tuple.12 = build_tuple(items=[Var(r.1, jit_functions.py:30), Var(j, jit_functions.py:28)])
2026-06-28 01:19:39 [DEBUG] numba.core.ssa:209 — on stmt: $250binary_subscr.13 = getitem(value=basis_slice, index=$248build_tuple.12, fn=<built-in function getitem>)
2026-06-28 01:19:39 [DEBUG] numba.core.ssa:209 — on stmt: $binop_mul254.14 = $238binary_subscr.8 * $250binary_subscr.13
2026-06-28 01:19:39 [DEBUG] numba.core.ssa:209 — on stmt: $binop_iadd258.15 = inplace_binop(fn=<built-in function iadd>, immutable_fn=<built-in function add>, lhs=s.6, rhs=$binop_mul254.14, static_lhs=Undefined, static_rhs=Undefined)
2026-06-28 01:19:39 [DEBUG] numba.core.ssa:209 — on stmt: s.4 = $binop_iadd258.15
2026-06-28 01:19:39 [DEBUG] numba.core.ssa:209 — on stmt: jump 222
2026-06-28 01:19:39 [DEBUG] numba.core.ssa:186 — ==== SSA block rewrite pass on 266
2026-06-28 01:19:39 [DEBUG] numba.core.ssa:207 — Running <numba.core.ssa._FreshVarHandler object at 0x7f8ab68a92b0>
2026-06-28 01:19:39 [DEBUG] numba.core.ssa:209 — on stmt: dots[j] = s.6
2026-06-28 01:19:39 [DEBUG] numba.core.ssa:209 — on stmt: jump 190
2026-06-28 01:19:39 [DEBUG] numba.core.ssa:186 — ==== SSA block rewrite pass on 280
2026-06-28 01:19:39 [DEBUG] numba.core.ssa:207 — Running <numba.core.ssa._FreshVarHandler object at 0x7f8ab68a92b0>
2026-06-28 01:19:39 [DEBUG] numba.core.ssa:209 — on stmt: $const284.3.1 = const(int, 0)
2026-06-28 01:19:39 [DEBUG] numba.core.ssa:209 — on stmt: $286compare_op.4 = stage == $const284.3.1
2026-06-28 01:19:39 [DEBUG] numba.core.ssa:209 — on stmt: $bool290 = global(bool: <class 'bool'>)
2026-06-28 01:19:39 [DEBUG] numba.core.ssa:209 — on stmt: $290pred = call $bool290($286compare_op.4, func=$bool290, args=(Var($286compare_op.4, jit_functions.py:35),), kws=(), vararg=None, varkwarg=None, target=None)
2026-06-28 01:19:39 [DEBUG] numba.core.ssa:209 — on stmt: branch $290pred, 292, 302
2026-06-28 01:19:39 [DEBUG] numba.core.ssa:186 — ==== SSA block rewrite pass on 292
2026-06-28 01:19:39 [DEBUG] numba.core.ssa:207 — Running <numba.core.ssa._FreshVarHandler object at 0x7f8ab68a92b0>
2026-06-28 01:19:39 [DEBUG] numba.core.ssa:209 — on stmt: $const294.1.1 = const(int, 0)
2026-06-28 01:19:39 [DEBUG] numba.core.ssa:209 — on stmt: $296binary_subscr.2 = static_getitem(value=dots, index=0, index_var=$const294.1.1, fn=<built-in function getitem>)
2026-06-28 01:19:39 [DEBUG] numba.core.ssa:209 — on stmt: $phi372.0 = $296binary_subscr.2
2026-06-28 01:19:39 [DEBUG] numba.core.ssa:209 — on stmt: jump 372
2026-06-28 01:19:39 [DEBUG] numba.core.ssa:186 — ==== SSA block rewrite pass on 302
2026-06-28 01:19:39 [DEBUG] numba.core.ssa:207 — Running <numba.core.ssa._FreshVarHandler object at 0x7f8ab68a92b0>
2026-06-28 01:19:39 [DEBUG] numba.core.ssa:209 — on stmt: $302load_global.0 = global(np: <module 'numpy' from '/home/dj/.local/lib/python3.12/site-packages/numpy/__init__.py'>)
2026-06-28 01:19:39 [DEBUG] numba.core.ssa:209 — on stmt: $312load_attr.2 = getattr(value=$302load_global.0, attr=dot)
2026-06-28 01:19:39 [DEBUG] numba.core.ssa:209 — on stmt: $const334.4.4 = const(NoneType, None)
2026-06-28 01:19:39 [DEBUG] numba.core.ssa:209 — on stmt: $const336.5.4 = const(NoneType, None)
2026-06-28 01:19:39 [DEBUG] numba.core.ssa:209 — on stmt: $338build_slice.6 = global(slice: <class 'slice'>)
2026-06-28 01:19:39 [DEBUG] numba.core.ssa:209 — on stmt: $338build_slice.7 = call $338build_slice.6($const334.4.4, $const336.5.4, func=$338build_slice.6, args=(Var($const334.4.4, jit_functions.py:36), Var($const336.5.4, jit_functions.py:36)), kws=(), vararg=None, varkwarg=None, target=None)
2026-06-28 01:19:39 [DEBUG] numba.core.ssa:209 — on stmt: $342build_tuple.9 = build_tuple(items=[Var($338build_slice.7, jit_functions.py:36), Var(stage, jit_functions.py:12)])
2026-06-28 01:19:39 [DEBUG] numba.core.ssa:209 — on stmt: $344binary_subscr.10 = getitem(value=basis_slice, index=$342build_tuple.9, fn=<built-in function getitem>)
2026-06-28 01:19:39 [DEBUG] numba.core.ssa:209 — on stmt: $const350.12.4 = const(NoneType, None)
2026-06-28 01:19:39 [DEBUG] numba.core.ssa:209 — on stmt: $const352.13.4 = const(NoneType, None)
2026-06-28 01:19:39 [DEBUG] numba.core.ssa:209 — on stmt: $354build_slice.14 = global(slice: <class 'slice'>)
2026-06-28 01:19:39 [DEBUG] numba.core.ssa:209 — on stmt: $354build_slice.15 = call $354build_slice.14($const350.12.4, $const352.13.4, func=$354build_slice.14, args=(Var($const350.12.4, jit_functions.py:36), Var($const352.13.4, jit_functions.py:36)), kws=(), vararg=None, varkwarg=None, target=None)
2026-06-28 01:19:39 [DEBUG] numba.core.ssa:209 — on stmt: $358build_tuple.17 = build_tuple(items=[Var($354build_slice.15, jit_functions.py:36), Var(stage, jit_functions.py:12)])
2026-06-28 01:19:39 [DEBUG] numba.core.ssa:209 — on stmt: $360binary_subscr.18 = getitem(value=basis_slice, index=$358build_tuple.17, fn=<built-in function getitem>)
2026-06-28 01:19:39 [DEBUG] numba.core.ssa:209 — on stmt: $364call.19 = call $312load_attr.2($344binary_subscr.10, $360binary_subscr.18, func=$312load_attr.2, args=[Var($344binary_subscr.10, jit_functions.py:36), Var($360binary_subscr.18, jit_functions.py:36)], kws=(), vararg=None, varkwarg=None, target=None)
2026-06-28 01:19:39 [DEBUG] numba.core.ssa:209 — on stmt: $phi372.0 = $364call.19
2026-06-28 01:19:39 [DEBUG] numba.core.ssa:209 — on stmt: jump 372
2026-06-28 01:19:39 [DEBUG] numba.core.ssa:186 — ==== SSA block rewrite pass on 372
2026-06-28 01:19:39 [DEBUG] numba.core.ssa:207 — Running <numba.core.ssa._FreshVarHandler object at 0x7f8ab68a92b0>
2026-06-28 01:19:39 [DEBUG] numba.core.ssa:209 — on stmt: gs[stage] = $phi372.0
2026-06-28 01:19:39 [DEBUG] numba.core.ssa:209 — on stmt: s.1 = const(float, 0.0)
2026-06-28 01:19:39 [DEBUG] numba.core.ssa:209 — on stmt: $384load_global.4 = global(range: <class 'range'>)
2026-06-28 01:19:39 [DEBUG] numba.core.ssa:209 — on stmt: $396call.7 = call $384load_global.4(n, func=$384load_global.4, args=[Var(n, jit_functions.py:18)], kws=(), vararg=None, varkwarg=None, target=None)
2026-06-28 01:19:39 [DEBUG] numba.core.ssa:209 — on stmt: $404get_iter.8 = getiter(value=$396call.7)
2026-06-28 01:19:39 [DEBUG] numba.core.ssa:209 — on stmt: $phi406.0 = $404get_iter.8
2026-06-28 01:19:39 [DEBUG] numba.core.ssa:209 — on stmt: jump 406
2026-06-28 01:19:39 [DEBUG] numba.core.ssa:186 — ==== SSA block rewrite pass on 406
2026-06-28 01:19:39 [DEBUG] numba.core.ssa:207 — Running <numba.core.ssa._FreshVarHandler object at 0x7f8ab68a92b0>
2026-06-28 01:19:39 [DEBUG] numba.core.ssa:209 — on stmt: $406for_iter.1 = iternext(value=$phi406.0)
2026-06-28 01:19:39 [DEBUG] numba.core.ssa:209 — on stmt: $406for_iter.2 = pair_first(value=$406for_iter.1)
2026-06-28 01:19:39 [DEBUG] numba.core.ssa:209 — on stmt: $406for_iter.3 = pair_second(value=$406for_iter.1)
2026-06-28 01:19:39 [DEBUG] numba.core.ssa:209 — on stmt: $phi410.1 = $406for_iter.2
2026-06-28 01:19:39 [DEBUG] numba.core.ssa:209 — on stmt: branch $406for_iter.3, 410, 450
2026-06-28 01:19:39 [DEBUG] numba.core.ssa:186 — ==== SSA block rewrite pass on 410
2026-06-28 01:19:39 [DEBUG] numba.core.ssa:207 — Running <numba.core.ssa._FreshVarHandler object at 0x7f8ab68a92b0>
2026-06-28 01:19:39 [DEBUG] numba.core.ssa:209 — on stmt: r.2 = $phi410.1
2026-06-28 01:19:39 [DEBUG] numba.core.ssa:209 — on stmt: $420build_tuple.6 = build_tuple(items=[Var(r.2, jit_functions.py:40), Var(stage, jit_functions.py:12)])
2026-06-28 01:19:39 [DEBUG] numba.core.ssa:209 — on stmt: $422binary_subscr.7 = getitem(value=basis_slice, index=$420build_tuple.6, fn=<built-in function getitem>)
2026-06-28 01:19:39 [DEBUG] numba.core.ssa:209 — on stmt: $432build_tuple.11 = build_tuple(items=[Var(r.2, jit_functions.py:40), Var(stage, jit_functions.py:12)])
2026-06-28 01:19:39 [DEBUG] numba.core.ssa:209 — on stmt: $434binary_subscr.12 = getitem(value=basis_slice, index=$432build_tuple.11, fn=<built-in function getitem>)
2026-06-28 01:19:39 [DEBUG] numba.core.ssa:209 — on stmt: $binop_mul438.13 = $422binary_subscr.7 * $434binary_subscr.12
2026-06-28 01:19:39 [DEBUG] numba.core.ssa:209 — on stmt: $binop_iadd442.14 = inplace_binop(fn=<built-in function iadd>, immutable_fn=<built-in function add>, lhs=s.1, rhs=$binop_mul438.13, static_lhs=Undefined, static_rhs=Undefined)
2026-06-28 01:19:39 [DEBUG] numba.core.ssa:209 — on stmt: s.1 = $binop_iadd442.14
2026-06-28 01:19:39 [DEBUG] numba.core.ssa:209 — on stmt: jump 406
2026-06-28 01:19:39 [DEBUG] numba.core.ssa:186 — ==== SSA block rewrite pass on 450
2026-06-28 01:19:39 [DEBUG] numba.core.ssa:207 — Running <numba.core.ssa._FreshVarHandler object at 0x7f8ab68a92b0>
2026-06-28 01:19:39 [DEBUG] numba.core.ssa:209 — on stmt: gs[stage] = s.1
2026-06-28 01:19:39 [DEBUG] numba.core.ssa:209 — on stmt: $462load_global.5 = global(range: <class 'range'>)
2026-06-28 01:19:39 [DEBUG] numba.core.ssa:209 — on stmt: $474call.8 = call $462load_global.5(stage, func=$462load_global.5, args=[Var(stage, jit_functions.py:12)], kws=(), vararg=None, varkwarg=None, target=None)
2026-06-28 01:19:39 [DEBUG] numba.core.ssa:209 — on stmt: $482get_iter.9 = getiter(value=$474call.8)
2026-06-28 01:19:39 [DEBUG] numba.core.ssa:209 — on stmt: $phi484.0 = $482get_iter.9
2026-06-28 01:19:39 [DEBUG] numba.core.ssa:209 — on stmt: jump 484
2026-06-28 01:19:39 [DEBUG] numba.core.ssa:186 — ==== SSA block rewrite pass on 484
2026-06-28 01:19:39 [DEBUG] numba.core.ssa:207 — Running <numba.core.ssa._FreshVarHandler object at 0x7f8ab68a92b0>
2026-06-28 01:19:39 [DEBUG] numba.core.ssa:209 — on stmt: $484for_iter.1 = iternext(value=$phi484.0)
2026-06-28 01:19:39 [DEBUG] numba.core.ssa:209 — on stmt: $484for_iter.2 = pair_first(value=$484for_iter.1)
2026-06-28 01:19:39 [DEBUG] numba.core.ssa:209 — on stmt: $484for_iter.3 = pair_second(value=$484for_iter.1)
2026-06-28 01:19:39 [DEBUG] numba.core.ssa:209 — on stmt: $phi488.1 = $484for_iter.2
2026-06-28 01:19:39 [DEBUG] numba.core.ssa:209 — on stmt: branch $484for_iter.3, 488, 678
2026-06-28 01:19:39 [DEBUG] numba.core.ssa:186 — ==== SSA block rewrite pass on 488
2026-06-28 01:19:39 [DEBUG] numba.core.ssa:207 — Running <numba.core.ssa._FreshVarHandler object at 0x7f8ab68a92b0>
2026-06-28 01:19:39 [DEBUG] numba.core.ssa:209 — on stmt: j = $phi488.1
2026-06-28 01:19:39 [DEBUG] numba.core.ssa:215 — replaced with: j.1 = $phi488.1
2026-06-28 01:19:39 [DEBUG] numba.core.ssa:209 — on stmt: ct = const(float, 0.0)
2026-06-28 01:19:39 [DEBUG] numba.core.ssa:209 — on stmt: $494load_global.3 = global(range: <class 'range'>)
2026-06-28 01:19:39 [DEBUG] numba.core.ssa:209 — on stmt: $506call.6 = call $494load_global.3(j, func=$494load_global.3, args=[Var(j, jit_functions.py:28)], kws=(), vararg=None, varkwarg=None, target=None)
2026-06-28 01:19:39 [DEBUG] numba.core.ssa:209 — on stmt: $514get_iter.7 = getiter(value=$506call.6)
2026-06-28 01:19:39 [DEBUG] numba.core.ssa:209 — on stmt: $phi516.1 = $514get_iter.7
2026-06-28 01:19:39 [DEBUG] numba.core.ssa:209 — on stmt: jump 516
2026-06-28 01:19:39 [DEBUG] numba.core.ssa:186 — ==== SSA block rewrite pass on 516
2026-06-28 01:19:39 [DEBUG] numba.core.ssa:207 — Running <numba.core.ssa._FreshVarHandler object at 0x7f8ab68a92b0>
2026-06-28 01:19:39 [DEBUG] numba.core.ssa:209 — on stmt: $516for_iter.2 = iternext(value=$phi516.1)
2026-06-28 01:19:39 [DEBUG] numba.core.ssa:209 — on stmt: $516for_iter.3 = pair_first(value=$516for_iter.2)
2026-06-28 01:19:39 [DEBUG] numba.core.ssa:209 — on stmt: $516for_iter.4 = pair_second(value=$516for_iter.2)
2026-06-28 01:19:39 [DEBUG] numba.core.ssa:209 — on stmt: $phi520.2 = $516for_iter.3
2026-06-28 01:19:39 [DEBUG] numba.core.ssa:209 — on stmt: branch $516for_iter.4, 520, 572
2026-06-28 01:19:39 [DEBUG] numba.core.ssa:186 — ==== SSA block rewrite pass on 520
2026-06-28 01:19:39 [DEBUG] numba.core.ssa:207 — Running <numba.core.ssa._FreshVarHandler object at 0x7f8ab68a92b0>
2026-06-28 01:19:39 [DEBUG] numba.core.ssa:209 — on stmt: i = $phi520.2
2026-06-28 01:19:39 [DEBUG] numba.core.ssa:209 — on stmt: $530build_tuple.7 = build_tuple(items=[Var(i, jit_functions.py:47), Var(j, jit_functions.py:28)])
2026-06-28 01:19:39 [DEBUG] numba.core.ssa:209 — on stmt: $532binary_subscr.8 = getitem(value=gsc, index=$530build_tuple.7, fn=<built-in function getitem>)
2026-06-28 01:19:39 [DEBUG] numba.core.ssa:209 — on stmt: $542build_tuple.12 = build_tuple(items=[Var(i, jit_functions.py:47), Var(stage, jit_functions.py:12)])
2026-06-28 01:19:39 [DEBUG] numba.core.ssa:209 — on stmt: $544binary_subscr.13 = getitem(value=gsc, index=$542build_tuple.12, fn=<built-in function getitem>)
2026-06-28 01:19:39 [DEBUG] numba.core.ssa:209 — on stmt: $binop_mul548.14 = $532binary_subscr.8 * $544binary_subscr.13
2026-06-28 01:19:39 [DEBUG] numba.core.ssa:209 — on stmt: $556binary_subscr.17 = getitem(value=gs, index=i, fn=<built-in function getitem>)
2026-06-28 01:19:39 [DEBUG] numba.core.ssa:209 — on stmt: $binop_mul560.18 = $binop_mul548.14 * $556binary_subscr.17
2026-06-28 01:19:39 [DEBUG] numba.core.ssa:209 — on stmt: $binop_iadd564.19 = inplace_binop(fn=<built-in function iadd>, immutable_fn=<built-in function add>, lhs=ct, rhs=$binop_mul560.18, static_lhs=Undefined, static_rhs=Undefined)
2026-06-28 01:19:39 [DEBUG] numba.core.ssa:209 — on stmt: ct = $binop_iadd564.19
2026-06-28 01:19:39 [DEBUG] numba.core.ssa:209 — on stmt: jump 516
2026-06-28 01:19:39 [DEBUG] numba.core.ssa:186 — ==== SSA block rewrite pass on 572
2026-06-28 01:19:39 [DEBUG] numba.core.ssa:207 — Running <numba.core.ssa._FreshVarHandler object at 0x7f8ab68a92b0>
2026-06-28 01:19:39 [DEBUG] numba.core.ssa:209 — on stmt: $578binary_subscr.5 = getitem(value=dots, index=j, fn=<built-in function getitem>)
2026-06-28 01:19:39 [DEBUG] numba.core.ssa:209 — on stmt: $binop_sub584.7 = $578binary_subscr.5 - ct
2026-06-28 01:19:39 [DEBUG] numba.core.ssa:209 — on stmt: $592binary_subscr.10 = getitem(value=gs, index=j, fn=<built-in function getitem>)
2026-06-28 01:19:39 [DEBUG] numba.core.ssa:209 — on stmt: $binop_truediv596.11 = $binop_sub584.7 / $592binary_subscr.10
2026-06-28 01:19:39 [DEBUG] numba.core.ssa:209 — on stmt: $606build_tuple.15 = build_tuple(items=[Var(j, jit_functions.py:28), Var(stage, jit_functions.py:12)])
2026-06-28 01:19:39 [DEBUG] numba.core.ssa:209 — on stmt: gsc[$606build_tuple.15] = $binop_truediv596.11
2026-06-28 01:19:39 [DEBUG] numba.core.ssa:209 — on stmt: $620binary_subscr.18 = getitem(value=gs, index=stage, fn=<built-in function getitem>)
2026-06-28 01:19:39 [DEBUG] numba.core.ssa:209 — on stmt: $630build_tuple.22 = build_tuple(items=[Var(j, jit_functions.py:28), Var(stage, jit_functions.py:12)])
2026-06-28 01:19:39 [DEBUG] numba.core.ssa:209 — on stmt: $632binary_subscr.23 = getitem(value=gsc, index=$630build_tuple.22, fn=<built-in function getitem>)
2026-06-28 01:19:39 [DEBUG] numba.core.ssa:209 — on stmt: $642build_tuple.27 = build_tuple(items=[Var(j, jit_functions.py:28), Var(stage, jit_functions.py:12)])
2026-06-28 01:19:39 [DEBUG] numba.core.ssa:209 — on stmt: $644binary_subscr.28 = getitem(value=gsc, index=$642build_tuple.27, fn=<built-in function getitem>)
2026-06-28 01:19:39 [DEBUG] numba.core.ssa:209 — on stmt: $binop_mul648.29 = $632binary_subscr.23 * $644binary_subscr.28
2026-06-28 01:19:39 [DEBUG] numba.core.ssa:209 — on stmt: $656binary_subscr.32 = getitem(value=gs, index=j, fn=<built-in function getitem>)
2026-06-28 01:19:39 [DEBUG] numba.core.ssa:209 — on stmt: $binop_mul660.33 = $binop_mul648.29 * $656binary_subscr.32
2026-06-28 01:19:39 [DEBUG] numba.core.ssa:209 — on stmt: $binop_isub664.34 = inplace_binop(fn=<built-in function isub>, immutable_fn=<built-in function sub>, lhs=$620binary_subscr.18, rhs=$binop_mul660.33, static_lhs=Undefined, static_rhs=Undefined)
2026-06-28 01:19:39 [DEBUG] numba.core.ssa:209 — on stmt: gs[stage] = $binop_isub664.34
2026-06-28 01:19:39 [DEBUG] numba.core.ssa:209 — on stmt: jump 484
2026-06-28 01:19:39 [DEBUG] numba.core.ssa:186 — ==== SSA block rewrite pass on 678
2026-06-28 01:19:39 [DEBUG] numba.core.ssa:207 — Running <numba.core.ssa._FreshVarHandler object at 0x7f8ab68a92b0>
2026-06-28 01:19:39 [DEBUG] numba.core.ssa:209 — on stmt: $const680.2.5 = const(float, 1.0)
2026-06-28 01:19:39 [DEBUG] numba.core.ssa:209 — on stmt: $688build_tuple.6 = build_tuple(items=[Var(stage, jit_functions.py:12), Var(stage, jit_functions.py:12)])
2026-06-28 01:19:39 [DEBUG] numba.core.ssa:209 — on stmt: gsc[$688build_tuple.6] = $const680.2.5
2026-06-28 01:19:39 [DEBUG] numba.core.ssa:209 — on stmt: $const694.7 = const(NoneType, None)
2026-06-28 01:19:39 [DEBUG] numba.core.ssa:209 — on stmt: $694return_const.8 = cast(value=$const694.7)
2026-06-28 01:19:39 [DEBUG] numba.core.ssa:209 — on stmt: return $694return_const.8
2026-06-28 01:19:39 [DEBUG] numba.core.ssa:69 — Replaced assignments: defaultdict(<class 'list'>,
            {194: [<numba.core.ir.Assign object at 0x7f8aac397920>],
             488: [<numba.core.ir.Assign object at 0x7f8aac395610>]})
2026-06-28 01:19:39 [DEBUG] numba.core.ssa:186 — ==== SSA block rewrite pass on 0
2026-06-28 01:19:39 [DEBUG] numba.core.ssa:207 — Running <numba.core.ssa._FixSSAVars object at 0x7f8ab68a92b0>
2026-06-28 01:19:39 [DEBUG] numba.core.ssa:209 — on stmt: basis_slice = arg(0, name=basis_slice)
2026-06-28 01:19:39 [DEBUG] numba.core.ssa:209 — on stmt: gsc = arg(1, name=gsc)
2026-06-28 01:19:39 [DEBUG] numba.core.ssa:209 — on stmt: gs = arg(2, name=gs)
2026-06-28 01:19:39 [DEBUG] numba.core.ssa:209 — on stmt: stage = arg(3, name=stage)
2026-06-28 01:19:39 [DEBUG] numba.core.ssa:209 — on stmt: $6load_attr.1 = getattr(value=basis_slice, attr=shape)
2026-06-28 01:19:39 [DEBUG] numba.core.ssa:209 — on stmt: $const26.2.1 = const(int, 0)
2026-06-28 01:19:39 [DEBUG] numba.core.ssa:209 — on stmt: n = static_getitem(value=$6load_attr.1, index=0, index_var=$const26.2.1, fn=<built-in function getitem>)
2026-06-28 01:19:39 [DEBUG] numba.core.ssa:209 — on stmt: $const36.5.2 = const(int, 1)
2026-06-28 01:19:39 [DEBUG] numba.core.ssa:209 — on stmt: $38compare_op.6 = stage == $const36.5.2
2026-06-28 01:19:39 [DEBUG] numba.core.ssa:209 — on stmt: $bool42 = global(bool: <class 'bool'>)
2026-06-28 01:19:39 [DEBUG] numba.core.ssa:209 — on stmt: $42pred = call $bool42($38compare_op.6, func=$bool42, args=(Var($38compare_op.6, jit_functions.py:20),), kws=(), vararg=None, varkwarg=None, target=None)
2026-06-28 01:19:39 [DEBUG] numba.core.ssa:209 — on stmt: branch $42pred, 44, 126
2026-06-28 01:19:39 [DEBUG] numba.core.ssa:186 — ==== SSA block rewrite pass on 44
2026-06-28 01:19:39 [DEBUG] numba.core.ssa:207 — Running <numba.core.ssa._FixSSAVars object at 0x7f8ab68a92b0>
2026-06-28 01:19:39 [DEBUG] numba.core.ssa:209 — on stmt: s = const(float, 0.0)
2026-06-28 01:19:39 [DEBUG] numba.core.ssa:209 — on stmt: $48load_global.1 = global(range: <class 'range'>)
2026-06-28 01:19:39 [DEBUG] numba.core.ssa:209 — on stmt: $60call.4 = call $48load_global.1(n, func=$48load_global.1, args=[Var(n, jit_functions.py:18)], kws=(), vararg=None, varkwarg=None, target=None)
2026-06-28 01:19:39 [DEBUG] numba.core.ssa:209 — on stmt: $68get_iter.5 = getiter(value=$60call.4)
2026-06-28 01:19:39 [DEBUG] numba.core.ssa:209 — on stmt: $phi70.0 = $68get_iter.5
2026-06-28 01:19:39 [DEBUG] numba.core.ssa:209 — on stmt: jump 70
2026-06-28 01:19:39 [DEBUG] numba.core.ssa:186 — ==== SSA block rewrite pass on 70
2026-06-28 01:19:39 [DEBUG] numba.core.ssa:207 — Running <numba.core.ssa._FixSSAVars object at 0x7f8ab68a92b0>
2026-06-28 01:19:39 [DEBUG] numba.core.ssa:209 — on stmt: s.5 = phi(incoming_values=[Var(s.2, jit_functions.py:23), Var(s, jit_functions.py:21)], incoming_blocks=[74, 44])
2026-06-28 01:19:39 [DEBUG] numba.core.ssa:209 — on stmt: $70for_iter.1 = iternext(value=$phi70.0)
2026-06-28 01:19:39 [DEBUG] numba.core.ssa:209 — on stmt: $70for_iter.2 = pair_first(value=$70for_iter.1)
2026-06-28 01:19:39 [DEBUG] numba.core.ssa:209 — on stmt: $70for_iter.3 = pair_second(value=$70for_iter.1)
2026-06-28 01:19:39 [DEBUG] numba.core.ssa:209 — on stmt: $phi74.1 = $70for_iter.2
2026-06-28 01:19:39 [DEBUG] numba.core.ssa:209 — on stmt: branch $70for_iter.3, 74, 114
2026-06-28 01:19:39 [DEBUG] numba.core.ssa:186 — ==== SSA block rewrite pass on 74
2026-06-28 01:19:39 [DEBUG] numba.core.ssa:207 — Running <numba.core.ssa._FixSSAVars object at 0x7f8ab68a92b0>
2026-06-28 01:19:39 [DEBUG] numba.core.ssa:209 — on stmt: r = $phi74.1
2026-06-28 01:19:39 [DEBUG] numba.core.ssa:209 — on stmt: $const82.5.1 = const(int, 0)
2026-06-28 01:19:39 [DEBUG] numba.core.ssa:209 — on stmt: $84build_tuple.6 = build_tuple(items=[Var(r, jit_functions.py:22), Var($const82.5.1, jit_functions.py:23)])
2026-06-28 01:19:39 [DEBUG] numba.core.ssa:209 — on stmt: $86binary_subscr.7 = getitem(value=basis_slice, index=$84build_tuple.6, fn=<built-in function getitem>)
2026-06-28 01:19:39 [DEBUG] numba.core.ssa:209 — on stmt: $const94.10.1 = const(int, 0)
2026-06-28 01:19:39 [DEBUG] numba.core.ssa:209 — on stmt: $96build_tuple.11 = build_tuple(items=[Var(r, jit_functions.py:22), Var($const94.10.1, jit_functions.py:23)])
2026-06-28 01:19:39 [DEBUG] numba.core.ssa:209 — on stmt: $98binary_subscr.12 = getitem(value=basis_slice, index=$96build_tuple.11, fn=<built-in function getitem>)
2026-06-28 01:19:39 [DEBUG] numba.core.ssa:209 — on stmt: $binop_mul102.13 = $86binary_subscr.7 * $98binary_subscr.12
2026-06-28 01:19:39 [DEBUG] numba.core.ssa:209 — on stmt: $binop_iadd106.14 = inplace_binop(fn=<built-in function iadd>, immutable_fn=<built-in function add>, lhs=s.5, rhs=$binop_mul102.13, static_lhs=Undefined, static_rhs=Undefined)
2026-06-28 01:19:39 [DEBUG] numba.core.ssa:209 — on stmt: s.2 = $binop_iadd106.14
2026-06-28 01:19:39 [DEBUG] numba.core.ssa:209 — on stmt: jump 70
2026-06-28 01:19:39 [DEBUG] numba.core.ssa:186 — ==== SSA block rewrite pass on 114
2026-06-28 01:19:39 [DEBUG] numba.core.ssa:207 — Running <numba.core.ssa._FixSSAVars object at 0x7f8ab68a92b0>
2026-06-28 01:19:39 [DEBUG] numba.core.ssa:209 — on stmt: $const120.4.1 = const(int, 0)
2026-06-28 01:19:39 [DEBUG] numba.core.ssa:209 — on stmt: gs[0] = s.5
2026-06-28 01:19:39 [DEBUG] numba.core.ssa:209 — on stmt: jump 126
2026-06-28 01:19:39 [DEBUG] numba.core.ssa:186 — ==== SSA block rewrite pass on 126
2026-06-28 01:19:39 [DEBUG] numba.core.ssa:207 — Running <numba.core.ssa._FixSSAVars object at 0x7f8ab68a92b0>
2026-06-28 01:19:39 [DEBUG] numba.core.ssa:209 — on stmt: $126load_global.0 = global(np: <module 'numpy' from '/home/dj/.local/lib/python3.12/site-packages/numpy/__init__.py'>)
2026-06-28 01:19:39 [DEBUG] numba.core.ssa:209 — on stmt: $136load_attr.2 = getattr(value=$126load_global.0, attr=zeros)
2026-06-28 01:19:39 [DEBUG] numba.core.ssa:209 — on stmt: dots = call $136load_attr.2(stage, func=$136load_attr.2, args=[Var(stage, jit_functions.py:12)], kws=(), vararg=None, varkwarg=None, target=None)
2026-06-28 01:19:39 [DEBUG] numba.core.ssa:209 — on stmt: $168load_global.5 = global(range: <class 'range'>)
2026-06-28 01:19:39 [DEBUG] numba.core.ssa:209 — on stmt: $180call.8 = call $168load_global.5(stage, func=$168load_global.5, args=[Var(stage, jit_functions.py:12)], kws=(), vararg=None, varkwarg=None, target=None)
2026-06-28 01:19:39 [DEBUG] numba.core.ssa:209 — on stmt: $188get_iter.9 = getiter(value=$180call.8)
2026-06-28 01:19:39 [DEBUG] numba.core.ssa:209 — on stmt: $phi190.0 = $188get_iter.9
2026-06-28 01:19:39 [DEBUG] numba.core.ssa:209 — on stmt: jump 190
2026-06-28 01:19:39 [DEBUG] numba.core.ssa:186 — ==== SSA block rewrite pass on 190
2026-06-28 01:19:39 [DEBUG] numba.core.ssa:207 — Running <numba.core.ssa._FixSSAVars object at 0x7f8ab68a92b0>
2026-06-28 01:19:39 [DEBUG] numba.core.ssa:209 — on stmt: $190for_iter.1 = iternext(value=$phi190.0)
2026-06-28 01:19:39 [DEBUG] numba.core.ssa:209 — on stmt: $190for_iter.2 = pair_first(value=$190for_iter.1)
2026-06-28 01:19:39 [DEBUG] numba.core.ssa:209 — on stmt: $190for_iter.3 = pair_second(value=$190for_iter.1)
2026-06-28 01:19:39 [DEBUG] numba.core.ssa:209 — on stmt: $phi194.1 = $190for_iter.2
2026-06-28 01:19:39 [DEBUG] numba.core.ssa:209 — on stmt: branch $190for_iter.3, 194, 280
2026-06-28 01:19:39 [DEBUG] numba.core.ssa:186 — ==== SSA block rewrite pass on 194
2026-06-28 01:19:39 [DEBUG] numba.core.ssa:207 — Running <numba.core.ssa._FixSSAVars object at 0x7f8ab68a92b0>
2026-06-28 01:19:39 [DEBUG] numba.core.ssa:209 — on stmt: j = $phi194.1
2026-06-28 01:19:39 [DEBUG] numba.core.ssa:209 — on stmt: s.3 = const(float, 0.0)
2026-06-28 01:19:39 [DEBUG] numba.core.ssa:209 — on stmt: $200load_global.3 = global(range: <class 'range'>)
2026-06-28 01:19:39 [DEBUG] numba.core.ssa:209 — on stmt: $212call.6 = call $200load_global.3(n, func=$200load_global.3, args=[Var(n, jit_functions.py:18)], kws=(), vararg=None, varkwarg=None, target=None)
2026-06-28 01:19:39 [DEBUG] numba.core.ssa:209 — on stmt: $220get_iter.7 = getiter(value=$212call.6)
2026-06-28 01:19:39 [DEBUG] numba.core.ssa:209 — on stmt: $phi222.1 = $220get_iter.7
2026-06-28 01:19:39 [DEBUG] numba.core.ssa:209 — on stmt: jump 222
2026-06-28 01:19:39 [DEBUG] numba.core.ssa:186 — ==== SSA block rewrite pass on 222
2026-06-28 01:19:39 [DEBUG] numba.core.ssa:207 — Running <numba.core.ssa._FixSSAVars object at 0x7f8ab68a92b0>
2026-06-28 01:19:39 [DEBUG] numba.core.ssa:209 — on stmt: s.6 = phi(incoming_values=[Var(s.3, jit_functions.py:29), Var(s.4, jit_functions.py:31)], incoming_blocks=[194, 226])
2026-06-28 01:19:39 [DEBUG] numba.core.ssa:209 — on stmt: $222for_iter.2 = iternext(value=$phi222.1)
2026-06-28 01:19:39 [DEBUG] numba.core.ssa:209 — on stmt: $222for_iter.3 = pair_first(value=$222for_iter.2)
2026-06-28 01:19:39 [DEBUG] numba.core.ssa:209 — on stmt: $222for_iter.4 = pair_second(value=$222for_iter.2)
2026-06-28 01:19:39 [DEBUG] numba.core.ssa:209 — on stmt: $phi226.2 = $222for_iter.3
2026-06-28 01:19:39 [DEBUG] numba.core.ssa:209 — on stmt: branch $222for_iter.4, 226, 266
2026-06-28 01:19:39 [DEBUG] numba.core.ssa:186 — ==== SSA block rewrite pass on 226
2026-06-28 01:19:39 [DEBUG] numba.core.ssa:207 — Running <numba.core.ssa._FixSSAVars object at 0x7f8ab68a92b0>
2026-06-28 01:19:39 [DEBUG] numba.core.ssa:209 — on stmt: r.1 = $phi226.2
2026-06-28 01:19:39 [DEBUG] numba.core.ssa:209 — on stmt: $236build_tuple.7 = build_tuple(items=[Var(r.1, jit_functions.py:30), Var(stage, jit_functions.py:12)])
2026-06-28 01:19:39 [DEBUG] numba.core.ssa:209 — on stmt: $238binary_subscr.8 = getitem(value=basis_slice, index=$236build_tuple.7, fn=<built-in function getitem>)
2026-06-28 01:19:39 [DEBUG] numba.core.ssa:209 — on stmt: $248build_tuple.12 = build_tuple(items=[Var(r.1, jit_functions.py:30), Var(j, jit_functions.py:28)])
2026-06-28 01:19:39 [DEBUG] numba.core.ssa:385 — find_def var='j' stmt=$248build_tuple.12 = build_tuple(items=[Var(r.1, jit_functions.py:30), Var(j, jit_functions.py:28)])
2026-06-28 01:19:39 [DEBUG] numba.core.ssa:416 — find_def_from_top label 226
2026-06-28 01:19:39 [DEBUG] numba.core.ssa:453 — idom 222 from label 226
2026-06-28 01:19:39 [DEBUG] numba.core.ssa:459 — find_def_from_bottom label 222
2026-06-28 01:19:39 [DEBUG] numba.core.ssa:416 — find_def_from_top label 222
2026-06-28 01:19:39 [DEBUG] numba.core.ssa:453 — idom 194 from label 222
2026-06-28 01:19:39 [DEBUG] numba.core.ssa:459 — find_def_from_bottom label 194
2026-06-28 01:19:39 [DEBUG] numba.core.ssa:209 — on stmt: $250binary_subscr.13 = getitem(value=basis_slice, index=$248build_tuple.12, fn=<built-in function getitem>)
2026-06-28 01:19:39 [DEBUG] numba.core.ssa:209 — on stmt: $binop_mul254.14 = $238binary_subscr.8 * $250binary_subscr.13
2026-06-28 01:19:39 [DEBUG] numba.core.ssa:209 — on stmt: $binop_iadd258.15 = inplace_binop(fn=<built-in function iadd>, immutable_fn=<built-in function add>, lhs=s.6, rhs=$binop_mul254.14, static_lhs=Undefined, static_rhs=Undefined)
2026-06-28 01:19:39 [DEBUG] numba.core.ssa:209 — on stmt: s.4 = $binop_iadd258.15
2026-06-28 01:19:39 [DEBUG] numba.core.ssa:209 — on stmt: jump 222
2026-06-28 01:19:39 [DEBUG] numba.core.ssa:186 — ==== SSA block rewrite pass on 266
2026-06-28 01:19:39 [DEBUG] numba.core.ssa:207 — Running <numba.core.ssa._FixSSAVars object at 0x7f8ab68a92b0>
2026-06-28 01:19:39 [DEBUG] numba.core.ssa:209 — on stmt: dots[j] = s.6
2026-06-28 01:19:39 [DEBUG] numba.core.ssa:385 — find_def var='j' stmt=dots[j] = s.6
2026-06-28 01:19:39 [DEBUG] numba.core.ssa:416 — find_def_from_top label 266
2026-06-28 01:19:39 [DEBUG] numba.core.ssa:453 — idom 222 from label 266
2026-06-28 01:19:39 [DEBUG] numba.core.ssa:459 — find_def_from_bottom label 222
2026-06-28 01:19:39 [DEBUG] numba.core.ssa:416 — find_def_from_top label 222
2026-06-28 01:19:39 [DEBUG] numba.core.ssa:453 — idom 194 from label 222
2026-06-28 01:19:39 [DEBUG] numba.core.ssa:459 — find_def_from_bottom label 194
2026-06-28 01:19:39 [DEBUG] numba.core.ssa:209 — on stmt: jump 190
2026-06-28 01:19:39 [DEBUG] numba.core.ssa:186 — ==== SSA block rewrite pass on 280
2026-06-28 01:19:39 [DEBUG] numba.core.ssa:207 — Running <numba.core.ssa._FixSSAVars object at 0x7f8ab68a92b0>
2026-06-28 01:19:39 [DEBUG] numba.core.ssa:209 — on stmt: $const284.3.1 = const(int, 0)
2026-06-28 01:19:39 [DEBUG] numba.core.ssa:209 — on stmt: $286compare_op.4 = stage == $const284.3.1
2026-06-28 01:19:39 [DEBUG] numba.core.ssa:209 — on stmt: $bool290 = global(bool: <class 'bool'>)
2026-06-28 01:19:39 [DEBUG] numba.core.ssa:209 — on stmt: $290pred = call $bool290($286compare_op.4, func=$bool290, args=(Var($286compare_op.4, jit_functions.py:35),), kws=(), vararg=None, varkwarg=None, target=None)
2026-06-28 01:19:39 [DEBUG] numba.core.ssa:209 — on stmt: branch $290pred, 292, 302
2026-06-28 01:19:39 [DEBUG] numba.core.ssa:186 — ==== SSA block rewrite pass on 292
2026-06-28 01:19:39 [DEBUG] numba.core.ssa:207 — Running <numba.core.ssa._FixSSAVars object at 0x7f8ab68a92b0>
2026-06-28 01:19:39 [DEBUG] numba.core.ssa:209 — on stmt: $const294.1.1 = const(int, 0)
2026-06-28 01:19:39 [DEBUG] numba.core.ssa:209 — on stmt: $296binary_subscr.2 = static_getitem(value=dots, index=0, index_var=$const294.1.1, fn=<built-in function getitem>)
2026-06-28 01:19:39 [DEBUG] numba.core.ssa:209 — on stmt: $phi372.0 = $296binary_subscr.2
2026-06-28 01:19:39 [DEBUG] numba.core.ssa:209 — on stmt: jump 372
2026-06-28 01:19:39 [DEBUG] numba.core.ssa:186 — ==== SSA block rewrite pass on 302
2026-06-28 01:19:39 [DEBUG] numba.core.ssa:207 — Running <numba.core.ssa._FixSSAVars object at 0x7f8ab68a92b0>
2026-06-28 01:19:39 [DEBUG] numba.core.ssa:209 — on stmt: $302load_global.0 = global(np: <module 'numpy' from '/home/dj/.local/lib/python3.12/site-packages/numpy/__init__.py'>)
2026-06-28 01:19:39 [DEBUG] numba.core.ssa:209 — on stmt: $312load_attr.2 = getattr(value=$302load_global.0, attr=dot)
2026-06-28 01:19:39 [DEBUG] numba.core.ssa:209 — on stmt: $const334.4.4 = const(NoneType, None)
2026-06-28 01:19:39 [DEBUG] numba.core.ssa:209 — on stmt: $const336.5.4 = const(NoneType, None)
2026-06-28 01:19:39 [DEBUG] numba.core.ssa:209 — on stmt: $338build_slice.6 = global(slice: <class 'slice'>)
2026-06-28 01:19:39 [DEBUG] numba.core.ssa:209 — on stmt: $338build_slice.7 = call $338build_slice.6($const334.4.4, $const336.5.4, func=$338build_slice.6, args=(Var($const334.4.4, jit_functions.py:36), Var($const336.5.4, jit_functions.py:36)), kws=(), vararg=None, varkwarg=None, target=None)
2026-06-28 01:19:39 [DEBUG] numba.core.ssa:209 — on stmt: $342build_tuple.9 = build_tuple(items=[Var($338build_slice.7, jit_functions.py:36), Var(stage, jit_functions.py:12)])
2026-06-28 01:19:39 [DEBUG] numba.core.ssa:209 — on stmt: $344binary_subscr.10 = getitem(value=basis_slice, index=$342build_tuple.9, fn=<built-in function getitem>)
2026-06-28 01:19:39 [DEBUG] numba.core.ssa:209 — on stmt: $const350.12.4 = const(NoneType, None)
2026-06-28 01:19:39 [DEBUG] numba.core.ssa:209 — on stmt: $const352.13.4 = const(NoneType, None)
2026-06-28 01:19:39 [DEBUG] numba.core.ssa:209 — on stmt: $354build_slice.14 = global(slice: <class 'slice'>)
2026-06-28 01:19:39 [DEBUG] numba.core.ssa:209 — on stmt: $354build_slice.15 = call $354build_slice.14($const350.12.4, $const352.13.4, func=$354build_slice.14, args=(Var($const350.12.4, jit_functions.py:36), Var($const352.13.4, jit_functions.py:36)), kws=(), vararg=None, varkwarg=None, target=None)
2026-06-28 01:19:39 [DEBUG] numba.core.ssa:209 — on stmt: $358build_tuple.17 = build_tuple(items=[Var($354build_slice.15, jit_functions.py:36), Var(stage, jit_functions.py:12)])
2026-06-28 01:19:39 [DEBUG] numba.core.ssa:209 — on stmt: $360binary_subscr.18 = getitem(value=basis_slice, index=$358build_tuple.17, fn=<built-in function getitem>)
2026-06-28 01:19:39 [DEBUG] numba.core.ssa:209 — on stmt: $364call.19 = call $312load_attr.2($344binary_subscr.10, $360binary_subscr.18, func=$312load_attr.2, args=[Var($344binary_subscr.10, jit_functions.py:36), Var($360binary_subscr.18, jit_functions.py:36)], kws=(), vararg=None, varkwarg=None, target=None)
2026-06-28 01:19:39 [DEBUG] numba.core.ssa:209 — on stmt: $phi372.0 = $364call.19
2026-06-28 01:19:39 [DEBUG] numba.core.ssa:209 — on stmt: jump 372
2026-06-28 01:19:39 [DEBUG] numba.core.ssa:186 — ==== SSA block rewrite pass on 372
2026-06-28 01:19:39 [DEBUG] numba.core.ssa:207 — Running <numba.core.ssa._FixSSAVars object at 0x7f8ab68a92b0>
2026-06-28 01:19:39 [DEBUG] numba.core.ssa:209 — on stmt: gs[stage] = $phi372.0
2026-06-28 01:19:39 [DEBUG] numba.core.ssa:209 — on stmt: s.1 = const(float, 0.0)
2026-06-28 01:19:39 [DEBUG] numba.core.ssa:209 — on stmt: $384load_global.4 = global(range: <class 'range'>)
2026-06-28 01:19:39 [DEBUG] numba.core.ssa:209 — on stmt: $396call.7 = call $384load_global.4(n, func=$384load_global.4, args=[Var(n, jit_functions.py:18)], kws=(), vararg=None, varkwarg=None, target=None)
2026-06-28 01:19:39 [DEBUG] numba.core.ssa:209 — on stmt: $404get_iter.8 = getiter(value=$396call.7)
2026-06-28 01:19:39 [DEBUG] numba.core.ssa:209 — on stmt: $phi406.0 = $404get_iter.8
2026-06-28 01:19:39 [DEBUG] numba.core.ssa:209 — on stmt: jump 406
2026-06-28 01:19:39 [DEBUG] numba.core.ssa:186 — ==== SSA block rewrite pass on 406
2026-06-28 01:19:39 [DEBUG] numba.core.ssa:207 — Running <numba.core.ssa._FixSSAVars object at 0x7f8ab68a92b0>
2026-06-28 01:19:39 [DEBUG] numba.core.ssa:209 — on stmt: $406for_iter.1 = iternext(value=$phi406.0)
2026-06-28 01:19:39 [DEBUG] numba.core.ssa:209 — on stmt: $406for_iter.2 = pair_first(value=$406for_iter.1)
2026-06-28 01:19:39 [DEBUG] numba.core.ssa:209 — on stmt: $406for_iter.3 = pair_second(value=$406for_iter.1)
2026-06-28 01:19:39 [DEBUG] numba.core.ssa:209 — on stmt: $phi410.1 = $406for_iter.2
2026-06-28 01:19:39 [DEBUG] numba.core.ssa:209 — on stmt: branch $406for_iter.3, 410, 450
2026-06-28 01:19:39 [DEBUG] numba.core.ssa:186 — ==== SSA block rewrite pass on 410
2026-06-28 01:19:39 [DEBUG] numba.core.ssa:207 — Running <numba.core.ssa._FixSSAVars object at 0x7f8ab68a92b0>
2026-06-28 01:19:39 [DEBUG] numba.core.ssa:209 — on stmt: r.2 = $phi410.1
2026-06-28 01:19:39 [DEBUG] numba.core.ssa:209 — on stmt: $420build_tuple.6 = build_tuple(items=[Var(r.2, jit_functions.py:40), Var(stage, jit_functions.py:12)])
2026-06-28 01:19:39 [DEBUG] numba.core.ssa:209 — on stmt: $422binary_subscr.7 = getitem(value=basis_slice, index=$420build_tuple.6, fn=<built-in function getitem>)
2026-06-28 01:19:39 [DEBUG] numba.core.ssa:209 — on stmt: $432build_tuple.11 = build_tuple(items=[Var(r.2, jit_functions.py:40), Var(stage, jit_functions.py:12)])
2026-06-28 01:19:39 [DEBUG] numba.core.ssa:209 — on stmt: $434binary_subscr.12 = getitem(value=basis_slice, index=$432build_tuple.11, fn=<built-in function getitem>)
2026-06-28 01:19:39 [DEBUG] numba.core.ssa:209 — on stmt: $binop_mul438.13 = $422binary_subscr.7 * $434binary_subscr.12
2026-06-28 01:19:39 [DEBUG] numba.core.ssa:209 — on stmt: $binop_iadd442.14 = inplace_binop(fn=<built-in function iadd>, immutable_fn=<built-in function add>, lhs=s.1, rhs=$binop_mul438.13, static_lhs=Undefined, static_rhs=Undefined)
2026-06-28 01:19:39 [DEBUG] numba.core.ssa:209 — on stmt: s.1 = $binop_iadd442.14
2026-06-28 01:19:39 [DEBUG] numba.core.ssa:209 — on stmt: jump 406
2026-06-28 01:19:39 [DEBUG] numba.core.ssa:186 — ==== SSA block rewrite pass on 450
2026-06-28 01:19:39 [DEBUG] numba.core.ssa:207 — Running <numba.core.ssa._FixSSAVars object at 0x7f8ab68a92b0>
2026-06-28 01:19:39 [DEBUG] numba.core.ssa:209 — on stmt: gs[stage] = s.1
2026-06-28 01:19:39 [DEBUG] numba.core.ssa:209 — on stmt: $462load_global.5 = global(range: <class 'range'>)
2026-06-28 01:19:39 [DEBUG] numba.core.ssa:209 — on stmt: $474call.8 = call $462load_global.5(stage, func=$462load_global.5, args=[Var(stage, jit_functions.py:12)], kws=(), vararg=None, varkwarg=None, target=None)
2026-06-28 01:19:39 [DEBUG] numba.core.ssa:209 — on stmt: $482get_iter.9 = getiter(value=$474call.8)
2026-06-28 01:19:39 [DEBUG] numba.core.ssa:209 — on stmt: $phi484.0 = $482get_iter.9
2026-06-28 01:19:39 [DEBUG] numba.core.ssa:209 — on stmt: jump 484
2026-06-28 01:19:39 [DEBUG] numba.core.ssa:186 — ==== SSA block rewrite pass on 484
2026-06-28 01:19:39 [DEBUG] numba.core.ssa:207 — Running <numba.core.ssa._FixSSAVars object at 0x7f8ab68a92b0>
2026-06-28 01:19:39 [DEBUG] numba.core.ssa:209 — on stmt: $484for_iter.1 = iternext(value=$phi484.0)
2026-06-28 01:19:39 [DEBUG] numba.core.ssa:209 — on stmt: $484for_iter.2 = pair_first(value=$484for_iter.1)
2026-06-28 01:19:39 [DEBUG] numba.core.ssa:209 — on stmt: $484for_iter.3 = pair_second(value=$484for_iter.1)
2026-06-28 01:19:39 [DEBUG] numba.core.ssa:209 — on stmt: $phi488.1 = $484for_iter.2
2026-06-28 01:19:39 [DEBUG] numba.core.ssa:209 — on stmt: branch $484for_iter.3, 488, 678
2026-06-28 01:19:39 [DEBUG] numba.core.ssa:186 — ==== SSA block rewrite pass on 488
2026-06-28 01:19:39 [DEBUG] numba.core.ssa:207 — Running <numba.core.ssa._FixSSAVars object at 0x7f8ab68a92b0>
2026-06-28 01:19:39 [DEBUG] numba.core.ssa:209 — on stmt: j.1 = $phi488.1
2026-06-28 01:19:39 [DEBUG] numba.core.ssa:209 — on stmt: ct = const(float, 0.0)
2026-06-28 01:19:39 [DEBUG] numba.core.ssa:209 — on stmt: $494load_global.3 = global(range: <class 'range'>)
2026-06-28 01:19:39 [DEBUG] numba.core.ssa:209 — on stmt: $506call.6 = call $494load_global.3(j, func=$494load_global.3, args=[Var(j, jit_functions.py:28)], kws=(), vararg=None, varkwarg=None, target=None)
2026-06-28 01:19:39 [DEBUG] numba.core.ssa:385 — find_def var='j' stmt=$506call.6 = call $494load_global.3(j, func=$494load_global.3, args=[Var(j, jit_functions.py:28)], kws=(), vararg=None, varkwarg=None, target=None)
2026-06-28 01:19:39 [DEBUG] numba.core.ssa:215 — replaced with: $506call.6 = call $494load_global.3(j.1, func=$494load_global.3, args=[Var(j.1, jit_functions.py:44)], kws=(), vararg=None, varkwarg=None, target=None)
2026-06-28 01:19:39 [DEBUG] numba.core.ssa:209 — on stmt: $514get_iter.7 = getiter(value=$506call.6)
2026-06-28 01:19:39 [DEBUG] numba.core.ssa:209 — on stmt: $phi516.1 = $514get_iter.7
2026-06-28 01:19:39 [DEBUG] numba.core.ssa:209 — on stmt: jump 516
2026-06-28 01:19:39 [DEBUG] numba.core.ssa:186 — ==== SSA block rewrite pass on 516
2026-06-28 01:19:39 [DEBUG] numba.core.ssa:207 — Running <numba.core.ssa._FixSSAVars object at 0x7f8ab68a92b0>
2026-06-28 01:19:39 [DEBUG] numba.core.ssa:209 — on stmt: $516for_iter.2 = iternext(value=$phi516.1)
2026-06-28 01:19:39 [DEBUG] numba.core.ssa:209 — on stmt: $516for_iter.3 = pair_first(value=$516for_iter.2)
2026-06-28 01:19:39 [DEBUG] numba.core.ssa:209 — on stmt: $516for_iter.4 = pair_second(value=$516for_iter.2)
2026-06-28 01:19:39 [DEBUG] numba.core.ssa:209 — on stmt: $phi520.2 = $516for_iter.3
2026-06-28 01:19:39 [DEBUG] numba.core.ssa:209 — on stmt: branch $516for_iter.4, 520, 572
2026-06-28 01:19:39 [DEBUG] numba.core.ssa:186 — ==== SSA block rewrite pass on 520
2026-06-28 01:19:39 [DEBUG] numba.core.ssa:207 — Running <numba.core.ssa._FixSSAVars object at 0x7f8ab68a92b0>
2026-06-28 01:19:39 [DEBUG] numba.core.ssa:209 — on stmt: i = $phi520.2
2026-06-28 01:19:39 [DEBUG] numba.core.ssa:209 — on stmt: $530build_tuple.7 = build_tuple(items=[Var(i, jit_functions.py:47), Var(j, jit_functions.py:28)])
2026-06-28 01:19:39 [DEBUG] numba.core.ssa:385 — find_def var='j' stmt=$530build_tuple.7 = build_tuple(items=[Var(i, jit_functions.py:47), Var(j, jit_functions.py:28)])
2026-06-28 01:19:39 [DEBUG] numba.core.ssa:416 — find_def_from_top label 520
2026-06-28 01:19:39 [DEBUG] numba.core.ssa:453 — idom 516 from label 520
2026-06-28 01:19:39 [DEBUG] numba.core.ssa:459 — find_def_from_bottom label 516
2026-06-28 01:19:39 [DEBUG] numba.core.ssa:416 — find_def_from_top label 516
2026-06-28 01:19:39 [DEBUG] numba.core.ssa:453 — idom 488 from label 516
2026-06-28 01:19:39 [DEBUG] numba.core.ssa:459 — find_def_from_bottom label 488
2026-06-28 01:19:39 [DEBUG] numba.core.ssa:215 — replaced with: $530build_tuple.7 = build_tuple(items=[Var(i, jit_functions.py:47), Var(j.1, jit_functions.py:44)])
2026-06-28 01:19:39 [DEBUG] numba.core.ssa:209 — on stmt: $532binary_subscr.8 = getitem(value=gsc, index=$530build_tuple.7, fn=<built-in function getitem>)
2026-06-28 01:19:39 [DEBUG] numba.core.ssa:209 — on stmt: $542build_tuple.12 = build_tuple(items=[Var(i, jit_functions.py:47), Var(stage, jit_functions.py:12)])
2026-06-28 01:19:39 [DEBUG] numba.core.ssa:209 — on stmt: $544binary_subscr.13 = getitem(value=gsc, index=$542build_tuple.12, fn=<built-in function getitem>)
2026-06-28 01:19:39 [DEBUG] numba.core.ssa:209 — on stmt: $binop_mul548.14 = $532binary_subscr.8 * $544binary_subscr.13
2026-06-28 01:19:39 [DEBUG] numba.core.ssa:209 — on stmt: $556binary_subscr.17 = getitem(value=gs, index=i, fn=<built-in function getitem>)
2026-06-28 01:19:39 [DEBUG] numba.core.ssa:209 — on stmt: $binop_mul560.18 = $binop_mul548.14 * $556binary_subscr.17
2026-06-28 01:19:39 [DEBUG] numba.core.ssa:209 — on stmt: $binop_iadd564.19 = inplace_binop(fn=<built-in function iadd>, immutable_fn=<built-in function add>, lhs=ct, rhs=$binop_mul560.18, static_lhs=Undefined, static_rhs=Undefined)
2026-06-28 01:19:39 [DEBUG] numba.core.ssa:209 — on stmt: ct = $binop_iadd564.19
2026-06-28 01:19:39 [DEBUG] numba.core.ssa:209 — on stmt: jump 516
2026-06-28 01:19:39 [DEBUG] numba.core.ssa:186 — ==== SSA block rewrite pass on 572
2026-06-28 01:19:39 [DEBUG] numba.core.ssa:207 — Running <numba.core.ssa._FixSSAVars object at 0x7f8ab68a92b0>
2026-06-28 01:19:39 [DEBUG] numba.core.ssa:209 — on stmt: $578binary_subscr.5 = getitem(value=dots, index=j, fn=<built-in function getitem>)
2026-06-28 01:19:39 [DEBUG] numba.core.ssa:385 — find_def var='j' stmt=$578binary_subscr.5 = getitem(value=dots, index=j, fn=<built-in function getitem>)
2026-06-28 01:19:39 [DEBUG] numba.core.ssa:416 — find_def_from_top label 572
2026-06-28 01:19:39 [DEBUG] numba.core.ssa:453 — idom 516 from label 572
2026-06-28 01:19:39 [DEBUG] numba.core.ssa:459 — find_def_from_bottom label 516
2026-06-28 01:19:39 [DEBUG] numba.core.ssa:416 — find_def_from_top label 516
2026-06-28 01:19:39 [DEBUG] numba.core.ssa:453 — idom 488 from label 516
2026-06-28 01:19:39 [DEBUG] numba.core.ssa:459 — find_def_from_bottom label 488
2026-06-28 01:19:39 [DEBUG] numba.core.ssa:215 — replaced with: $578binary_subscr.5 = getitem(value=dots, index=j.1, fn=<built-in function getitem>)
2026-06-28 01:19:39 [DEBUG] numba.core.ssa:209 — on stmt: $binop_sub584.7 = $578binary_subscr.5 - ct
2026-06-28 01:19:39 [DEBUG] numba.core.ssa:209 — on stmt: $592binary_subscr.10 = getitem(value=gs, index=j, fn=<built-in function getitem>)
2026-06-28 01:19:39 [DEBUG] numba.core.ssa:385 — find_def var='j' stmt=$592binary_subscr.10 = getitem(value=gs, index=j, fn=<built-in function getitem>)
2026-06-28 01:19:39 [DEBUG] numba.core.ssa:416 — find_def_from_top label 572
2026-06-28 01:19:39 [DEBUG] numba.core.ssa:453 — idom 516 from label 572
2026-06-28 01:19:39 [DEBUG] numba.core.ssa:459 — find_def_from_bottom label 516
2026-06-28 01:19:39 [DEBUG] numba.core.ssa:416 — find_def_from_top label 516
2026-06-28 01:19:39 [DEBUG] numba.core.ssa:453 — idom 488 from label 516
2026-06-28 01:19:39 [DEBUG] numba.core.ssa:459 — find_def_from_bottom label 488
2026-06-28 01:19:39 [DEBUG] numba.core.ssa:215 — replaced with: $592binary_subscr.10 = getitem(value=gs, index=j.1, fn=<built-in function getitem>)
2026-06-28 01:19:39 [DEBUG] numba.core.ssa:209 — on stmt: $binop_truediv596.11 = $binop_sub584.7 / $592binary_subscr.10
2026-06-28 01:19:39 [DEBUG] numba.core.ssa:209 — on stmt: $606build_tuple.15 = build_tuple(items=[Var(j, jit_functions.py:28), Var(stage, jit_functions.py:12)])
2026-06-28 01:19:39 [DEBUG] numba.core.ssa:385 — find_def var='j' stmt=$606build_tuple.15 = build_tuple(items=[Var(j, jit_functions.py:28), Var(stage, jit_functions.py:12)])
2026-06-28 01:19:39 [DEBUG] numba.core.ssa:416 — find_def_from_top label 572
2026-06-28 01:19:39 [DEBUG] numba.core.ssa:453 — idom 516 from label 572
2026-06-28 01:19:39 [DEBUG] numba.core.ssa:459 — find_def_from_bottom label 516
2026-06-28 01:19:39 [DEBUG] numba.core.ssa:416 — find_def_from_top label 516
2026-06-28 01:19:39 [DEBUG] numba.core.ssa:453 — idom 488 from label 516
2026-06-28 01:19:39 [DEBUG] numba.core.ssa:459 — find_def_from_bottom label 488
2026-06-28 01:19:39 [DEBUG] numba.core.ssa:215 — replaced with: $606build_tuple.15 = build_tuple(items=[Var(j.1, jit_functions.py:44), Var(stage, jit_functions.py:12)])
2026-06-28 01:19:39 [DEBUG] numba.core.ssa:209 — on stmt: gsc[$606build_tuple.15] = $binop_truediv596.11
2026-06-28 01:19:39 [DEBUG] numba.core.ssa:209 — on stmt: $620binary_subscr.18 = getitem(value=gs, index=stage, fn=<built-in function getitem>)
2026-06-28 01:19:39 [DEBUG] numba.core.ssa:209 — on stmt: $630build_tuple.22 = build_tuple(items=[Var(j, jit_functions.py:28), Var(stage, jit_functions.py:12)])
2026-06-28 01:19:39 [DEBUG] numba.core.ssa:385 — find_def var='j' stmt=$630build_tuple.22 = build_tuple(items=[Var(j, jit_functions.py:28), Var(stage, jit_functions.py:12)])
2026-06-28 01:19:39 [DEBUG] numba.core.ssa:416 — find_def_from_top label 572
2026-06-28 01:19:39 [DEBUG] numba.core.ssa:453 — idom 516 from label 572
2026-06-28 01:19:39 [DEBUG] numba.core.ssa:459 — find_def_from_bottom label 516
2026-06-28 01:19:39 [DEBUG] numba.core.ssa:416 — find_def_from_top label 516
2026-06-28 01:19:39 [DEBUG] numba.core.ssa:453 — idom 488 from label 516
2026-06-28 01:19:39 [DEBUG] numba.core.ssa:459 — find_def_from_bottom label 488
2026-06-28 01:19:39 [DEBUG] numba.core.ssa:215 — replaced with: $630build_tuple.22 = build_tuple(items=[Var(j.1, jit_functions.py:44), Var(stage, jit_functions.py:12)])
2026-06-28 01:19:39 [DEBUG] numba.core.ssa:209 — on stmt: $632binary_subscr.23 = getitem(value=gsc, index=$630build_tuple.22, fn=<built-in function getitem>)
2026-06-28 01:19:39 [DEBUG] numba.core.ssa:209 — on stmt: $642build_tuple.27 = build_tuple(items=[Var(j, jit_functions.py:28), Var(stage, jit_functions.py:12)])
2026-06-28 01:19:39 [DEBUG] numba.core.ssa:385 — find_def var='j' stmt=$642build_tuple.27 = build_tuple(items=[Var(j, jit_functions.py:28), Var(stage, jit_functions.py:12)])
2026-06-28 01:19:39 [DEBUG] numba.core.ssa:416 — find_def_from_top label 572
2026-06-28 01:19:39 [DEBUG] numba.core.ssa:453 — idom 516 from label 572
2026-06-28 01:19:39 [DEBUG] numba.core.ssa:459 — find_def_from_bottom label 516
2026-06-28 01:19:39 [DEBUG] numba.core.ssa:416 — find_def_from_top label 516
2026-06-28 01:19:39 [DEBUG] numba.core.ssa:453 — idom 488 from label 516
2026-06-28 01:19:39 [DEBUG] numba.core.ssa:459 — find_def_from_bottom label 488
2026-06-28 01:19:39 [DEBUG] numba.core.ssa:215 — replaced with: $642build_tuple.27 = build_tuple(items=[Var(j.1, jit_functions.py:44), Var(stage, jit_functions.py:12)])
2026-06-28 01:19:39 [DEBUG] numba.core.ssa:209 — on stmt: $644binary_subscr.28 = getitem(value=gsc, index=$642build_tuple.27, fn=<built-in function getitem>)
2026-06-28 01:19:39 [DEBUG] numba.core.ssa:209 — on stmt: $binop_mul648.29 = $632binary_subscr.23 * $644binary_subscr.28
2026-06-28 01:19:39 [DEBUG] numba.core.ssa:209 — on stmt: $656binary_subscr.32 = getitem(value=gs, index=j, fn=<built-in function getitem>)
2026-06-28 01:19:39 [DEBUG] numba.core.ssa:385 — find_def var='j' stmt=$656binary_subscr.32 = getitem(value=gs, index=j, fn=<built-in function getitem>)
2026-06-28 01:19:39 [DEBUG] numba.core.ssa:416 — find_def_from_top label 572
2026-06-28 01:19:39 [DEBUG] numba.core.ssa:453 — idom 516 from label 572
2026-06-28 01:19:39 [DEBUG] numba.core.ssa:459 — find_def_from_bottom label 516
2026-06-28 01:19:39 [DEBUG] numba.core.ssa:416 — find_def_from_top label 516
2026-06-28 01:19:39 [DEBUG] numba.core.ssa:453 — idom 488 from label 516
2026-06-28 01:19:39 [DEBUG] numba.core.ssa:459 — find_def_from_bottom label 488
2026-06-28 01:19:39 [DEBUG] numba.core.ssa:215 — replaced with: $656binary_subscr.32 = getitem(value=gs, index=j.1, fn=<built-in function getitem>)
2026-06-28 01:19:39 [DEBUG] numba.core.ssa:209 — on stmt: $binop_mul660.33 = $binop_mul648.29 * $656binary_subscr.32
2026-06-28 01:19:39 [DEBUG] numba.core.ssa:209 — on stmt: $binop_isub664.34 = inplace_binop(fn=<built-in function isub>, immutable_fn=<built-in function sub>, lhs=$620binary_subscr.18, rhs=$binop_mul660.33, static_lhs=Undefined, static_rhs=Undefined)
2026-06-28 01:19:39 [DEBUG] numba.core.ssa:209 — on stmt: gs[stage] = $binop_isub664.34
2026-06-28 01:19:39 [DEBUG] numba.core.ssa:209 — on stmt: jump 484
2026-06-28 01:19:39 [DEBUG] numba.core.ssa:186 — ==== SSA block rewrite pass on 678
2026-06-28 01:19:39 [DEBUG] numba.core.ssa:207 — Running <numba.core.ssa._FixSSAVars object at 0x7f8ab68a92b0>
2026-06-28 01:19:39 [DEBUG] numba.core.ssa:209 — on stmt: $const680.2.5 = const(float, 1.0)
2026-06-28 01:19:39 [DEBUG] numba.core.ssa:209 — on stmt: $688build_tuple.6 = build_tuple(items=[Var(stage, jit_functions.py:12), Var(stage, jit_functions.py:12)])
2026-06-28 01:19:39 [DEBUG] numba.core.ssa:209 — on stmt: gsc[$688build_tuple.6] = $const680.2.5
2026-06-28 01:19:39 [DEBUG] numba.core.ssa:209 — on stmt: $const694.7 = const(NoneType, None)
2026-06-28 01:19:39 [DEBUG] numba.core.ssa:209 — on stmt: $694return_const.8 = cast(value=$const694.7)
2026-06-28 01:19:39 [DEBUG] numba.core.ssa:209 — on stmt: return $694return_const.8
2026-06-28 01:19:39 [DEBUG] numba.core.ssa:63 — Fix SSA violator on var $phi372.0
2026-06-28 01:19:39 [DEBUG] numba.core.ssa:186 — ==== SSA block rewrite pass on 0
2026-06-28 01:19:39 [DEBUG] numba.core.ssa:207 — Running <numba.core.ssa._FreshVarHandler object at 0x7f8ab68a92b0>
2026-06-28 01:19:39 [DEBUG] numba.core.ssa:209 — on stmt: basis_slice = arg(0, name=basis_slice)
2026-06-28 01:19:39 [DEBUG] numba.core.ssa:209 — on stmt: gsc = arg(1, name=gsc)
2026-06-28 01:19:39 [DEBUG] numba.core.ssa:209 — on stmt: gs = arg(2, name=gs)
2026-06-28 01:19:39 [DEBUG] numba.core.ssa:209 — on stmt: stage = arg(3, name=stage)
2026-06-28 01:19:39 [DEBUG] numba.core.ssa:209 — on stmt: $6load_attr.1 = getattr(value=basis_slice, attr=shape)
2026-06-28 01:19:39 [DEBUG] numba.core.ssa:209 — on stmt: $const26.2.1 = const(int, 0)
2026-06-28 01:19:39 [DEBUG] numba.core.ssa:209 — on stmt: n = static_getitem(value=$6load_attr.1, index=0, index_var=$const26.2.1, fn=<built-in function getitem>)
2026-06-28 01:19:39 [DEBUG] numba.core.ssa:209 — on stmt: $const36.5.2 = const(int, 1)
2026-06-28 01:19:39 [DEBUG] numba.core.ssa:209 — on stmt: $38compare_op.6 = stage == $const36.5.2
2026-06-28 01:19:39 [DEBUG] numba.core.ssa:209 — on stmt: $bool42 = global(bool: <class 'bool'>)
2026-06-28 01:19:39 [DEBUG] numba.core.ssa:209 — on stmt: $42pred = call $bool42($38compare_op.6, func=$bool42, args=(Var($38compare_op.6, jit_functions.py:20),), kws=(), vararg=None, varkwarg=None, target=None)
2026-06-28 01:19:39 [DEBUG] numba.core.ssa:209 — on stmt: branch $42pred, 44, 126
2026-06-28 01:19:39 [DEBUG] numba.core.ssa:186 — ==== SSA block rewrite pass on 44
2026-06-28 01:19:39 [DEBUG] numba.core.ssa:207 — Running <numba.core.ssa._FreshVarHandler object at 0x7f8ab68a92b0>
2026-06-28 01:19:39 [DEBUG] numba.core.ssa:209 — on stmt: s = const(float, 0.0)
2026-06-28 01:19:39 [DEBUG] numba.core.ssa:209 — on stmt: $48load_global.1 = global(range: <class 'range'>)
2026-06-28 01:19:39 [DEBUG] numba.core.ssa:209 — on stmt: $60call.4 = call $48load_global.1(n, func=$48load_global.1, args=[Var(n, jit_functions.py:18)], kws=(), vararg=None, varkwarg=None, target=None)
2026-06-28 01:19:39 [DEBUG] numba.core.ssa:209 — on stmt: $68get_iter.5 = getiter(value=$60call.4)
2026-06-28 01:19:39 [DEBUG] numba.core.ssa:209 — on stmt: $phi70.0 = $68get_iter.5
2026-06-28 01:19:39 [DEBUG] numba.core.ssa:209 — on stmt: jump 70
2026-06-28 01:19:39 [DEBUG] numba.core.ssa:186 — ==== SSA block rewrite pass on 70
2026-06-28 01:19:39 [DEBUG] numba.core.ssa:207 — Running <numba.core.ssa._FreshVarHandler object at 0x7f8ab68a92b0>
2026-06-28 01:19:39 [DEBUG] numba.core.ssa:209 — on stmt: s.5 = phi(incoming_values=[Var(s.2, jit_functions.py:23), Var(s, jit_functions.py:21)], incoming_blocks=[74, 44])
2026-06-28 01:19:39 [DEBUG] numba.core.ssa:209 — on stmt: $70for_iter.1 = iternext(value=$phi70.0)
2026-06-28 01:19:39 [DEBUG] numba.core.ssa:209 — on stmt: $70for_iter.2 = pair_first(value=$70for_iter.1)
2026-06-28 01:19:39 [DEBUG] numba.core.ssa:209 — on stmt: $70for_iter.3 = pair_second(value=$70for_iter.1)
2026-06-28 01:19:39 [DEBUG] numba.core.ssa:209 — on stmt: $phi74.1 = $70for_iter.2
2026-06-28 01:19:39 [DEBUG] numba.core.ssa:209 — on stmt: branch $70for_iter.3, 74, 114
2026-06-28 01:19:39 [DEBUG] numba.core.ssa:186 — ==== SSA block rewrite pass on 74
2026-06-28 01:19:39 [DEBUG] numba.core.ssa:207 — Running <numba.core.ssa._FreshVarHandler object at 0x7f8ab68a92b0>
2026-06-28 01:19:39 [DEBUG] numba.core.ssa:209 — on stmt: r = $phi74.1
2026-06-28 01:19:39 [DEBUG] numba.core.ssa:209 — on stmt: $const82.5.1 = const(int, 0)
2026-06-28 01:19:39 [DEBUG] numba.core.ssa:209 — on stmt: $84build_tuple.6 = build_tuple(items=[Var(r, jit_functions.py:22), Var($const82.5.1, jit_functions.py:23)])
2026-06-28 01:19:39 [DEBUG] numba.core.ssa:209 — on stmt: $86binary_subscr.7 = getitem(value=basis_slice, index=$84build_tuple.6, fn=<built-in function getitem>)
2026-06-28 01:19:39 [DEBUG] numba.core.ssa:209 — on stmt: $const94.10.1 = const(int, 0)
2026-06-28 01:19:39 [DEBUG] numba.core.ssa:209 — on stmt: $96build_tuple.11 = build_tuple(items=[Var(r, jit_functions.py:22), Var($const94.10.1, jit_functions.py:23)])
2026-06-28 01:19:39 [DEBUG] numba.core.ssa:209 — on stmt: $98binary_subscr.12 = getitem(value=basis_slice, index=$96build_tuple.11, fn=<built-in function getitem>)
2026-06-28 01:19:39 [DEBUG] numba.core.ssa:209 — on stmt: $binop_mul102.13 = $86binary_subscr.7 * $98binary_subscr.12
2026-06-28 01:19:39 [DEBUG] numba.core.ssa:209 — on stmt: $binop_iadd106.14 = inplace_binop(fn=<built-in function iadd>, immutable_fn=<built-in function add>, lhs=s.5, rhs=$binop_mul102.13, static_lhs=Undefined, static_rhs=Undefined)
2026-06-28 01:19:39 [DEBUG] numba.core.ssa:209 — on stmt: s.2 = $binop_iadd106.14
2026-06-28 01:19:39 [DEBUG] numba.core.ssa:209 — on stmt: jump 70
2026-06-28 01:19:39 [DEBUG] numba.core.ssa:186 — ==== SSA block rewrite pass on 114
2026-06-28 01:19:39 [DEBUG] numba.core.ssa:207 — Running <numba.core.ssa._FreshVarHandler object at 0x7f8ab68a92b0>
2026-06-28 01:19:39 [DEBUG] numba.core.ssa:209 — on stmt: $const120.4.1 = const(int, 0)
2026-06-28 01:19:39 [DEBUG] numba.core.ssa:209 — on stmt: gs[0] = s.5
2026-06-28 01:19:39 [DEBUG] numba.core.ssa:209 — on stmt: jump 126
2026-06-28 01:19:39 [DEBUG] numba.core.ssa:186 — ==== SSA block rewrite pass on 126
2026-06-28 01:19:39 [DEBUG] numba.core.ssa:207 — Running <numba.core.ssa._FreshVarHandler object at 0x7f8ab68a92b0>
2026-06-28 01:19:39 [DEBUG] numba.core.ssa:209 — on stmt: $126load_global.0 = global(np: <module 'numpy' from '/home/dj/.local/lib/python3.12/site-packages/numpy/__init__.py'>)
2026-06-28 01:19:39 [DEBUG] numba.core.ssa:209 — on stmt: $136load_attr.2 = getattr(value=$126load_global.0, attr=zeros)
2026-06-28 01:19:39 [DEBUG] numba.core.ssa:209 — on stmt: dots = call $136load_attr.2(stage, func=$136load_attr.2, args=[Var(stage, jit_functions.py:12)], kws=(), vararg=None, varkwarg=None, target=None)
2026-06-28 01:19:39 [DEBUG] numba.core.ssa:209 — on stmt: $168load_global.5 = global(range: <class 'range'>)
2026-06-28 01:19:39 [DEBUG] numba.core.ssa:209 — on stmt: $180call.8 = call $168load_global.5(stage, func=$168load_global.5, args=[Var(stage, jit_functions.py:12)], kws=(), vararg=None, varkwarg=None, target=None)
2026-06-28 01:19:39 [DEBUG] numba.core.ssa:209 — on stmt: $188get_iter.9 = getiter(value=$180call.8)
2026-06-28 01:19:39 [DEBUG] numba.core.ssa:209 — on stmt: $phi190.0 = $188get_iter.9
2026-06-28 01:19:39 [DEBUG] numba.core.ssa:209 — on stmt: jump 190
2026-06-28 01:19:39 [DEBUG] numba.core.ssa:186 — ==== SSA block rewrite pass on 190
2026-06-28 01:19:39 [DEBUG] numba.core.ssa:207 — Running <numba.core.ssa._FreshVarHandler object at 0x7f8ab68a92b0>
2026-06-28 01:19:39 [DEBUG] numba.core.ssa:209 — on stmt: $190for_iter.1 = iternext(value=$phi190.0)
2026-06-28 01:19:39 [DEBUG] numba.core.ssa:209 — on stmt: $190for_iter.2 = pair_first(value=$190for_iter.1)
2026-06-28 01:19:39 [DEBUG] numba.core.ssa:209 — on stmt: $190for_iter.3 = pair_second(value=$190for_iter.1)
2026-06-28 01:19:39 [DEBUG] numba.core.ssa:209 — on stmt: $phi194.1 = $190for_iter.2
2026-06-28 01:19:39 [DEBUG] numba.core.ssa:209 — on stmt: branch $190for_iter.3, 194, 280
2026-06-28 01:19:39 [DEBUG] numba.core.ssa:186 — ==== SSA block rewrite pass on 194
2026-06-28 01:19:39 [DEBUG] numba.core.ssa:207 — Running <numba.core.ssa._FreshVarHandler object at 0x7f8ab68a92b0>
2026-06-28 01:19:39 [DEBUG] numba.core.ssa:209 — on stmt: j = $phi194.1
2026-06-28 01:19:39 [DEBUG] numba.core.ssa:209 — on stmt: s.3 = const(float, 0.0)
2026-06-28 01:19:39 [DEBUG] numba.core.ssa:209 — on stmt: $200load_global.3 = global(range: <class 'range'>)
2026-06-28 01:19:39 [DEBUG] numba.core.ssa:209 — on stmt: $212call.6 = call $200load_global.3(n, func=$200load_global.3, args=[Var(n, jit_functions.py:18)], kws=(), vararg=None, varkwarg=None, target=None)
2026-06-28 01:19:39 [DEBUG] numba.core.ssa:209 — on stmt: $220get_iter.7 = getiter(value=$212call.6)
2026-06-28 01:19:39 [DEBUG] numba.core.ssa:209 — on stmt: $phi222.1 = $220get_iter.7
2026-06-28 01:19:39 [DEBUG] numba.core.ssa:209 — on stmt: jump 222
2026-06-28 01:19:39 [DEBUG] numba.core.ssa:186 — ==== SSA block rewrite pass on 222
2026-06-28 01:19:39 [DEBUG] numba.core.ssa:207 — Running <numba.core.ssa._FreshVarHandler object at 0x7f8ab68a92b0>
2026-06-28 01:19:39 [DEBUG] numba.core.ssa:209 — on stmt: s.6 = phi(incoming_values=[Var(s.3, jit_functions.py:29), Var(s.4, jit_functions.py:31)], incoming_blocks=[194, 226])
2026-06-28 01:19:39 [DEBUG] numba.core.ssa:209 — on stmt: $222for_iter.2 = iternext(value=$phi222.1)
2026-06-28 01:19:39 [DEBUG] numba.core.ssa:209 — on stmt: $222for_iter.3 = pair_first(value=$222for_iter.2)
2026-06-28 01:19:39 [DEBUG] numba.core.ssa:209 — on stmt: $222for_iter.4 = pair_second(value=$222for_iter.2)
2026-06-28 01:19:39 [DEBUG] numba.core.ssa:209 — on stmt: $phi226.2 = $222for_iter.3
2026-06-28 01:19:39 [DEBUG] numba.core.ssa:209 — on stmt: branch $222for_iter.4, 226, 266
2026-06-28 01:19:39 [DEBUG] numba.core.ssa:186 — ==== SSA block rewrite pass on 226
2026-06-28 01:19:39 [DEBUG] numba.core.ssa:207 — Running <numba.core.ssa._FreshVarHandler object at 0x7f8ab68a92b0>
2026-06-28 01:19:39 [DEBUG] numba.core.ssa:209 — on stmt: r.1 = $phi226.2
2026-06-28 01:19:39 [DEBUG] numba.core.ssa:209 — on stmt: $236build_tuple.7 = build_tuple(items=[Var(r.1, jit_functions.py:30), Var(stage, jit_functions.py:12)])
2026-06-28 01:19:39 [DEBUG] numba.core.ssa:209 — on stmt: $238binary_subscr.8 = getitem(value=basis_slice, index=$236build_tuple.7, fn=<built-in function getitem>)
2026-06-28 01:19:39 [DEBUG] numba.core.ssa:209 — on stmt: $248build_tuple.12 = build_tuple(items=[Var(r.1, jit_functions.py:30), Var(j, jit_functions.py:28)])
2026-06-28 01:19:39 [DEBUG] numba.core.ssa:209 — on stmt: $250binary_subscr.13 = getitem(value=basis_slice, index=$248build_tuple.12, fn=<built-in function getitem>)
2026-06-28 01:19:39 [DEBUG] numba.core.ssa:209 — on stmt: $binop_mul254.14 = $238binary_subscr.8 * $250binary_subscr.13
2026-06-28 01:19:39 [DEBUG] numba.core.ssa:209 — on stmt: $binop_iadd258.15 = inplace_binop(fn=<built-in function iadd>, immutable_fn=<built-in function add>, lhs=s.6, rhs=$binop_mul254.14, static_lhs=Undefined, static_rhs=Undefined)
2026-06-28 01:19:39 [DEBUG] numba.core.ssa:209 — on stmt: s.4 = $binop_iadd258.15
2026-06-28 01:19:39 [DEBUG] numba.core.ssa:209 — on stmt: jump 222
2026-06-28 01:19:39 [DEBUG] numba.core.ssa:186 — ==== SSA block rewrite pass on 266
2026-06-28 01:19:39 [DEBUG] numba.core.ssa:207 — Running <numba.core.ssa._FreshVarHandler object at 0x7f8ab68a92b0>
2026-06-28 01:19:39 [DEBUG] numba.core.ssa:209 — on stmt: dots[j] = s.6
2026-06-28 01:19:39 [DEBUG] numba.core.ssa:209 — on stmt: jump 190
2026-06-28 01:19:39 [DEBUG] numba.core.ssa:186 — ==== SSA block rewrite pass on 280
2026-06-28 01:19:39 [DEBUG] numba.core.ssa:207 — Running <numba.core.ssa._FreshVarHandler object at 0x7f8ab68a92b0>
2026-06-28 01:19:39 [DEBUG] numba.core.ssa:209 — on stmt: $const284.3.1 = const(int, 0)
2026-06-28 01:19:39 [DEBUG] numba.core.ssa:209 — on stmt: $286compare_op.4 = stage == $const284.3.1
2026-06-28 01:19:39 [DEBUG] numba.core.ssa:209 — on stmt: $bool290 = global(bool: <class 'bool'>)
2026-06-28 01:19:39 [DEBUG] numba.core.ssa:209 — on stmt: $290pred = call $bool290($286compare_op.4, func=$bool290, args=(Var($286compare_op.4, jit_functions.py:35),), kws=(), vararg=None, varkwarg=None, target=None)
2026-06-28 01:19:39 [DEBUG] numba.core.ssa:209 — on stmt: branch $290pred, 292, 302
2026-06-28 01:19:39 [DEBUG] numba.core.ssa:186 — ==== SSA block rewrite pass on 292
2026-06-28 01:19:39 [DEBUG] numba.core.ssa:207 — Running <numba.core.ssa._FreshVarHandler object at 0x7f8ab68a92b0>
2026-06-28 01:19:39 [DEBUG] numba.core.ssa:209 — on stmt: $const294.1.1 = const(int, 0)
2026-06-28 01:19:39 [DEBUG] numba.core.ssa:209 — on stmt: $296binary_subscr.2 = static_getitem(value=dots, index=0, index_var=$const294.1.1, fn=<built-in function getitem>)
2026-06-28 01:19:39 [DEBUG] numba.core.ssa:209 — on stmt: $phi372.0 = $296binary_subscr.2
2026-06-28 01:19:39 [DEBUG] numba.core.ssa:301 — first assign: $phi372.0
2026-06-28 01:19:39 [DEBUG] numba.core.ssa:215 — replaced with: $phi372.0 = $296binary_subscr.2
2026-06-28 01:19:39 [DEBUG] numba.core.ssa:209 — on stmt: jump 372
2026-06-28 01:19:39 [DEBUG] numba.core.ssa:186 — ==== SSA block rewrite pass on 302
2026-06-28 01:19:39 [DEBUG] numba.core.ssa:207 — Running <numba.core.ssa._FreshVarHandler object at 0x7f8ab68a92b0>
2026-06-28 01:19:39 [DEBUG] numba.core.ssa:209 — on stmt: $302load_global.0 = global(np: <module 'numpy' from '/home/dj/.local/lib/python3.12/site-packages/numpy/__init__.py'>)
2026-06-28 01:19:39 [DEBUG] numba.core.ssa:209 — on stmt: $312load_attr.2 = getattr(value=$302load_global.0, attr=dot)
2026-06-28 01:19:39 [DEBUG] numba.core.ssa:209 — on stmt: $const334.4.4 = const(NoneType, None)
2026-06-28 01:19:39 [DEBUG] numba.core.ssa:209 — on stmt: $const336.5.4 = const(NoneType, None)
2026-06-28 01:19:39 [DEBUG] numba.core.ssa:209 — on stmt: $338build_slice.6 = global(slice: <class 'slice'>)
2026-06-28 01:19:39 [DEBUG] numba.core.ssa:209 — on stmt: $338build_slice.7 = call $338build_slice.6($const334.4.4, $const336.5.4, func=$338build_slice.6, args=(Var($const334.4.4, jit_functions.py:36), Var($const336.5.4, jit_functions.py:36)), kws=(), vararg=None, varkwarg=None, target=None)
2026-06-28 01:19:39 [DEBUG] numba.core.ssa:209 — on stmt: $342build_tuple.9 = build_tuple(items=[Var($338build_slice.7, jit_functions.py:36), Var(stage, jit_functions.py:12)])
2026-06-28 01:19:39 [DEBUG] numba.core.ssa:209 — on stmt: $344binary_subscr.10 = getitem(value=basis_slice, index=$342build_tuple.9, fn=<built-in function getitem>)
2026-06-28 01:19:39 [DEBUG] numba.core.ssa:209 — on stmt: $const350.12.4 = const(NoneType, None)
2026-06-28 01:19:39 [DEBUG] numba.core.ssa:209 — on stmt: $const352.13.4 = const(NoneType, None)
2026-06-28 01:19:39 [DEBUG] numba.core.ssa:209 — on stmt: $354build_slice.14 = global(slice: <class 'slice'>)
2026-06-28 01:19:39 [DEBUG] numba.core.ssa:209 — on stmt: $354build_slice.15 = call $354build_slice.14($const350.12.4, $const352.13.4, func=$354build_slice.14, args=(Var($const350.12.4, jit_functions.py:36), Var($const352.13.4, jit_functions.py:36)), kws=(), vararg=None, varkwarg=None, target=None)
2026-06-28 01:19:39 [DEBUG] numba.core.ssa:209 — on stmt: $358build_tuple.17 = build_tuple(items=[Var($354build_slice.15, jit_functions.py:36), Var(stage, jit_functions.py:12)])
2026-06-28 01:19:39 [DEBUG] numba.core.ssa:209 — on stmt: $360binary_subscr.18 = getitem(value=basis_slice, index=$358build_tuple.17, fn=<built-in function getitem>)
2026-06-28 01:19:39 [DEBUG] numba.core.ssa:209 — on stmt: $364call.19 = call $312load_attr.2($344binary_subscr.10, $360binary_subscr.18, func=$312load_attr.2, args=[Var($344binary_subscr.10, jit_functions.py:36), Var($360binary_subscr.18, jit_functions.py:36)], kws=(), vararg=None, varkwarg=None, target=None)
2026-06-28 01:19:39 [DEBUG] numba.core.ssa:209 — on stmt: $phi372.0 = $364call.19
2026-06-28 01:19:39 [DEBUG] numba.core.ssa:215 — replaced with: $phi372.0.1 = $364call.19
2026-06-28 01:19:39 [DEBUG] numba.core.ssa:209 — on stmt: jump 372
2026-06-28 01:19:39 [DEBUG] numba.core.ssa:186 — ==== SSA block rewrite pass on 372
2026-06-28 01:19:39 [DEBUG] numba.core.ssa:207 — Running <numba.core.ssa._FreshVarHandler object at 0x7f8ab68a92b0>
2026-06-28 01:19:39 [DEBUG] numba.core.ssa:209 — on stmt: gs[stage] = $phi372.0
2026-06-28 01:19:39 [DEBUG] numba.core.ssa:209 — on stmt: s.1 = const(float, 0.0)
2026-06-28 01:19:39 [DEBUG] numba.core.ssa:209 — on stmt: $384load_global.4 = global(range: <class 'range'>)
2026-06-28 01:19:39 [DEBUG] numba.core.ssa:209 — on stmt: $396call.7 = call $384load_global.4(n, func=$384load_global.4, args=[Var(n, jit_functions.py:18)], kws=(), vararg=None, varkwarg=None, target=None)
2026-06-28 01:19:39 [DEBUG] numba.core.ssa:209 — on stmt: $404get_iter.8 = getiter(value=$396call.7)
2026-06-28 01:19:39 [DEBUG] numba.core.ssa:209 — on stmt: $phi406.0 = $404get_iter.8
2026-06-28 01:19:39 [DEBUG] numba.core.ssa:209 — on stmt: jump 406
2026-06-28 01:19:39 [DEBUG] numba.core.ssa:186 — ==== SSA block rewrite pass on 406
2026-06-28 01:19:39 [DEBUG] numba.core.ssa:207 — Running <numba.core.ssa._FreshVarHandler object at 0x7f8ab68a92b0>
2026-06-28 01:19:39 [DEBUG] numba.core.ssa:209 — on stmt: $406for_iter.1 = iternext(value=$phi406.0)
2026-06-28 01:19:39 [DEBUG] numba.core.ssa:209 — on stmt: $406for_iter.2 = pair_first(value=$406for_iter.1)
2026-06-28 01:19:39 [DEBUG] numba.core.ssa:209 — on stmt: $406for_iter.3 = pair_second(value=$406for_iter.1)
2026-06-28 01:19:39 [DEBUG] numba.core.ssa:209 — on stmt: $phi410.1 = $406for_iter.2
2026-06-28 01:19:39 [DEBUG] numba.core.ssa:209 — on stmt: branch $406for_iter.3, 410, 450
2026-06-28 01:19:39 [DEBUG] numba.core.ssa:186 — ==== SSA block rewrite pass on 410
2026-06-28 01:19:39 [DEBUG] numba.core.ssa:207 — Running <numba.core.ssa._FreshVarHandler object at 0x7f8ab68a92b0>
2026-06-28 01:19:39 [DEBUG] numba.core.ssa:209 — on stmt: r.2 = $phi410.1
2026-06-28 01:19:39 [DEBUG] numba.core.ssa:209 — on stmt: $420build_tuple.6 = build_tuple(items=[Var(r.2, jit_functions.py:40), Var(stage, jit_functions.py:12)])
2026-06-28 01:19:39 [DEBUG] numba.core.ssa:209 — on stmt: $422binary_subscr.7 = getitem(value=basis_slice, index=$420build_tuple.6, fn=<built-in function getitem>)
2026-06-28 01:19:39 [DEBUG] numba.core.ssa:209 — on stmt: $432build_tuple.11 = build_tuple(items=[Var(r.2, jit_functions.py:40), Var(stage, jit_functions.py:12)])
2026-06-28 01:19:39 [DEBUG] numba.core.ssa:209 — on stmt: $434binary_subscr.12 = getitem(value=basis_slice, index=$432build_tuple.11, fn=<built-in function getitem>)
2026-06-28 01:19:39 [DEBUG] numba.core.ssa:209 — on stmt: $binop_mul438.13 = $422binary_subscr.7 * $434binary_subscr.12
2026-06-28 01:19:39 [DEBUG] numba.core.ssa:209 — on stmt: $binop_iadd442.14 = inplace_binop(fn=<built-in function iadd>, immutable_fn=<built-in function add>, lhs=s.1, rhs=$binop_mul438.13, static_lhs=Undefined, static_rhs=Undefined)
2026-06-28 01:19:39 [DEBUG] numba.core.ssa:209 — on stmt: s.1 = $binop_iadd442.14
2026-06-28 01:19:39 [DEBUG] numba.core.ssa:209 — on stmt: jump 406
2026-06-28 01:19:39 [DEBUG] numba.core.ssa:186 — ==== SSA block rewrite pass on 450
2026-06-28 01:19:39 [DEBUG] numba.core.ssa:207 — Running <numba.core.ssa._FreshVarHandler object at 0x7f8ab68a92b0>
2026-06-28 01:19:39 [DEBUG] numba.core.ssa:209 — on stmt: gs[stage] = s.1
2026-06-28 01:19:39 [DEBUG] numba.core.ssa:209 — on stmt: $462load_global.5 = global(range: <class 'range'>)
2026-06-28 01:19:39 [DEBUG] numba.core.ssa:209 — on stmt: $474call.8 = call $462load_global.5(stage, func=$462load_global.5, args=[Var(stage, jit_functions.py:12)], kws=(), vararg=None, varkwarg=None, target=None)
2026-06-28 01:19:39 [DEBUG] numba.core.ssa:209 — on stmt: $482get_iter.9 = getiter(value=$474call.8)
2026-06-28 01:19:39 [DEBUG] numba.core.ssa:209 — on stmt: $phi484.0 = $482get_iter.9
2026-06-28 01:19:39 [DEBUG] numba.core.ssa:209 — on stmt: jump 484
2026-06-28 01:19:39 [DEBUG] numba.core.ssa:186 — ==== SSA block rewrite pass on 484
2026-06-28 01:19:39 [DEBUG] numba.core.ssa:207 — Running <numba.core.ssa._FreshVarHandler object at 0x7f8ab68a92b0>
2026-06-28 01:19:39 [DEBUG] numba.core.ssa:209 — on stmt: $484for_iter.1 = iternext(value=$phi484.0)
2026-06-28 01:19:39 [DEBUG] numba.core.ssa:209 — on stmt: $484for_iter.2 = pair_first(value=$484for_iter.1)
2026-06-28 01:19:39 [DEBUG] numba.core.ssa:209 — on stmt: $484for_iter.3 = pair_second(value=$484for_iter.1)
2026-06-28 01:19:39 [DEBUG] numba.core.ssa:209 — on stmt: $phi488.1 = $484for_iter.2
2026-06-28 01:19:39 [DEBUG] numba.core.ssa:209 — on stmt: branch $484for_iter.3, 488, 678
2026-06-28 01:19:39 [DEBUG] numba.core.ssa:186 — ==== SSA block rewrite pass on 488
2026-06-28 01:19:39 [DEBUG] numba.core.ssa:207 — Running <numba.core.ssa._FreshVarHandler object at 0x7f8ab68a92b0>
2026-06-28 01:19:39 [DEBUG] numba.core.ssa:209 — on stmt: j.1 = $phi488.1
2026-06-28 01:19:39 [DEBUG] numba.core.ssa:209 — on stmt: ct = const(float, 0.0)
2026-06-28 01:19:39 [DEBUG] numba.core.ssa:209 — on stmt: $494load_global.3 = global(range: <class 'range'>)
2026-06-28 01:19:39 [DEBUG] numba.core.ssa:209 — on stmt: $506call.6 = call $494load_global.3(j.1, func=$494load_global.3, args=[Var(j.1, jit_functions.py:44)], kws=(), vararg=None, varkwarg=None, target=None)
2026-06-28 01:19:39 [DEBUG] numba.core.ssa:209 — on stmt: $514get_iter.7 = getiter(value=$506call.6)
2026-06-28 01:19:39 [DEBUG] numba.core.ssa:209 — on stmt: $phi516.1 = $514get_iter.7
2026-06-28 01:19:39 [DEBUG] numba.core.ssa:209 — on stmt: jump 516
2026-06-28 01:19:39 [DEBUG] numba.core.ssa:186 — ==== SSA block rewrite pass on 516
2026-06-28 01:19:39 [DEBUG] numba.core.ssa:207 — Running <numba.core.ssa._FreshVarHandler object at 0x7f8ab68a92b0>
2026-06-28 01:19:39 [DEBUG] numba.core.ssa:209 — on stmt: $516for_iter.2 = iternext(value=$phi516.1)
2026-06-28 01:19:39 [DEBUG] numba.core.ssa:209 — on stmt: $516for_iter.3 = pair_first(value=$516for_iter.2)
2026-06-28 01:19:39 [DEBUG] numba.core.ssa:209 — on stmt: $516for_iter.4 = pair_second(value=$516for_iter.2)
2026-06-28 01:19:39 [DEBUG] numba.core.ssa:209 — on stmt: $phi520.2 = $516for_iter.3
2026-06-28 01:19:39 [DEBUG] numba.core.ssa:209 — on stmt: branch $516for_iter.4, 520, 572
2026-06-28 01:19:39 [DEBUG] numba.core.ssa:186 — ==== SSA block rewrite pass on 520
2026-06-28 01:19:39 [DEBUG] numba.core.ssa:207 — Running <numba.core.ssa._FreshVarHandler object at 0x7f8ab68a92b0>
2026-06-28 01:19:39 [DEBUG] numba.core.ssa:209 — on stmt: i = $phi520.2
2026-06-28 01:19:39 [DEBUG] numba.core.ssa:209 — on stmt: $530build_tuple.7 = build_tuple(items=[Var(i, jit_functions.py:47), Var(j.1, jit_functions.py:44)])
2026-06-28 01:19:39 [DEBUG] numba.core.ssa:209 — on stmt: $532binary_subscr.8 = getitem(value=gsc, index=$530build_tuple.7, fn=<built-in function getitem>)
2026-06-28 01:19:39 [DEBUG] numba.core.ssa:209 — on stmt: $542build_tuple.12 = build_tuple(items=[Var(i, jit_functions.py:47), Var(stage, jit_functions.py:12)])
2026-06-28 01:19:39 [DEBUG] numba.core.ssa:209 — on stmt: $544binary_subscr.13 = getitem(value=gsc, index=$542build_tuple.12, fn=<built-in function getitem>)
2026-06-28 01:19:39 [DEBUG] numba.core.ssa:209 — on stmt: $binop_mul548.14 = $532binary_subscr.8 * $544binary_subscr.13
2026-06-28 01:19:39 [DEBUG] numba.core.ssa:209 — on stmt: $556binary_subscr.17 = getitem(value=gs, index=i, fn=<built-in function getitem>)
2026-06-28 01:19:39 [DEBUG] numba.core.ssa:209 — on stmt: $binop_mul560.18 = $binop_mul548.14 * $556binary_subscr.17
2026-06-28 01:19:39 [DEBUG] numba.core.ssa:209 — on stmt: $binop_iadd564.19 = inplace_binop(fn=<built-in function iadd>, immutable_fn=<built-in function add>, lhs=ct, rhs=$binop_mul560.18, static_lhs=Undefined, static_rhs=Undefined)
2026-06-28 01:19:39 [DEBUG] numba.core.ssa:209 — on stmt: ct = $binop_iadd564.19
2026-06-28 01:19:39 [DEBUG] numba.core.ssa:209 — on stmt: jump 516
2026-06-28 01:19:39 [DEBUG] numba.core.ssa:186 — ==== SSA block rewrite pass on 572
2026-06-28 01:19:39 [DEBUG] numba.core.ssa:207 — Running <numba.core.ssa._FreshVarHandler object at 0x7f8ab68a92b0>
2026-06-28 01:19:39 [DEBUG] numba.core.ssa:209 — on stmt: $578binary_subscr.5 = getitem(value=dots, index=j.1, fn=<built-in function getitem>)
2026-06-28 01:19:39 [DEBUG] numba.core.ssa:209 — on stmt: $binop_sub584.7 = $578binary_subscr.5 - ct
2026-06-28 01:19:39 [DEBUG] numba.core.ssa:209 — on stmt: $592binary_subscr.10 = getitem(value=gs, index=j.1, fn=<built-in function getitem>)
2026-06-28 01:19:39 [DEBUG] numba.core.ssa:209 — on stmt: $binop_truediv596.11 = $binop_sub584.7 / $592binary_subscr.10
2026-06-28 01:19:39 [DEBUG] numba.core.ssa:209 — on stmt: $606build_tuple.15 = build_tuple(items=[Var(j.1, jit_functions.py:44), Var(stage, jit_functions.py:12)])
2026-06-28 01:19:39 [DEBUG] numba.core.ssa:209 — on stmt: gsc[$606build_tuple.15] = $binop_truediv596.11
2026-06-28 01:19:39 [DEBUG] numba.core.ssa:209 — on stmt: $620binary_subscr.18 = getitem(value=gs, index=stage, fn=<built-in function getitem>)
2026-06-28 01:19:39 [DEBUG] numba.core.ssa:209 — on stmt: $630build_tuple.22 = build_tuple(items=[Var(j.1, jit_functions.py:44), Var(stage, jit_functions.py:12)])
2026-06-28 01:19:39 [DEBUG] numba.core.ssa:209 — on stmt: $632binary_subscr.23 = getitem(value=gsc, index=$630build_tuple.22, fn=<built-in function getitem>)
2026-06-28 01:19:39 [DEBUG] numba.core.ssa:209 — on stmt: $642build_tuple.27 = build_tuple(items=[Var(j.1, jit_functions.py:44), Var(stage, jit_functions.py:12)])
2026-06-28 01:19:39 [DEBUG] numba.core.ssa:209 — on stmt: $644binary_subscr.28 = getitem(value=gsc, index=$642build_tuple.27, fn=<built-in function getitem>)
2026-06-28 01:19:39 [DEBUG] numba.core.ssa:209 — on stmt: $binop_mul648.29 = $632binary_subscr.23 * $644binary_subscr.28
2026-06-28 01:19:39 [DEBUG] numba.core.ssa:209 — on stmt: $656binary_subscr.32 = getitem(value=gs, index=j.1, fn=<built-in function getitem>)
2026-06-28 01:19:39 [DEBUG] numba.core.ssa:209 — on stmt: $binop_mul660.33 = $binop_mul648.29 * $656binary_subscr.32
2026-06-28 01:19:39 [DEBUG] numba.core.ssa:209 — on stmt: $binop_isub664.34 = inplace_binop(fn=<built-in function isub>, immutable_fn=<built-in function sub>, lhs=$620binary_subscr.18, rhs=$binop_mul660.33, static_lhs=Undefined, static_rhs=Undefined)
2026-06-28 01:19:39 [DEBUG] numba.core.ssa:209 — on stmt: gs[stage] = $binop_isub664.34
2026-06-28 01:19:39 [DEBUG] numba.core.ssa:209 — on stmt: jump 484
2026-06-28 01:19:39 [DEBUG] numba.core.ssa:186 — ==== SSA block rewrite pass on 678
2026-06-28 01:19:39 [DEBUG] numba.core.ssa:207 — Running <numba.core.ssa._FreshVarHandler object at 0x7f8ab68a92b0>
2026-06-28 01:19:39 [DEBUG] numba.core.ssa:209 — on stmt: $const680.2.5 = const(float, 1.0)
2026-06-28 01:19:39 [DEBUG] numba.core.ssa:209 — on stmt: $688build_tuple.6 = build_tuple(items=[Var(stage, jit_functions.py:12), Var(stage, jit_functions.py:12)])
2026-06-28 01:19:39 [DEBUG] numba.core.ssa:209 — on stmt: gsc[$688build_tuple.6] = $const680.2.5
2026-06-28 01:19:39 [DEBUG] numba.core.ssa:209 — on stmt: $const694.7 = const(NoneType, None)
2026-06-28 01:19:39 [DEBUG] numba.core.ssa:209 — on stmt: $694return_const.8 = cast(value=$const694.7)
2026-06-28 01:19:39 [DEBUG] numba.core.ssa:209 — on stmt: return $694return_const.8
2026-06-28 01:19:39 [DEBUG] numba.core.ssa:69 — Replaced assignments: defaultdict(<class 'list'>,
            {292: [<numba.core.ir.Assign object at 0x7f8aac394dd0>],
             302: [<numba.core.ir.Assign object at 0x7f8aac397170>]})
2026-06-28 01:19:39 [DEBUG] numba.core.ssa:186 — ==== SSA block rewrite pass on 0
2026-06-28 01:19:39 [DEBUG] numba.core.ssa:207 — Running <numba.core.ssa._FixSSAVars object at 0x7f8ab68a92b0>
2026-06-28 01:19:39 [DEBUG] numba.core.ssa:209 — on stmt: basis_slice = arg(0, name=basis_slice)
2026-06-28 01:19:39 [DEBUG] numba.core.ssa:209 — on stmt: gsc = arg(1, name=gsc)
2026-06-28 01:19:39 [DEBUG] numba.core.ssa:209 — on stmt: gs = arg(2, name=gs)
2026-06-28 01:19:39 [DEBUG] numba.core.ssa:209 — on stmt: stage = arg(3, name=stage)
2026-06-28 01:19:39 [DEBUG] numba.core.ssa:209 — on stmt: $6load_attr.1 = getattr(value=basis_slice, attr=shape)
2026-06-28 01:19:39 [DEBUG] numba.core.ssa:209 — on stmt: $const26.2.1 = const(int, 0)
2026-06-28 01:19:39 [DEBUG] numba.core.ssa:209 — on stmt: n = static_getitem(value=$6load_attr.1, index=0, index_var=$const26.2.1, fn=<built-in function getitem>)
2026-06-28 01:19:39 [DEBUG] numba.core.ssa:209 — on stmt: $const36.5.2 = const(int, 1)
2026-06-28 01:19:39 [DEBUG] numba.core.ssa:209 — on stmt: $38compare_op.6 = stage == $const36.5.2
2026-06-28 01:19:39 [DEBUG] numba.core.ssa:209 — on stmt: $bool42 = global(bool: <class 'bool'>)
2026-06-28 01:19:39 [DEBUG] numba.core.ssa:209 — on stmt: $42pred = call $bool42($38compare_op.6, func=$bool42, args=(Var($38compare_op.6, jit_functions.py:20),), kws=(), vararg=None, varkwarg=None, target=None)
2026-06-28 01:19:39 [DEBUG] numba.core.ssa:209 — on stmt: branch $42pred, 44, 126
2026-06-28 01:19:39 [DEBUG] numba.core.ssa:186 — ==== SSA block rewrite pass on 44
2026-06-28 01:19:39 [DEBUG] numba.core.ssa:207 — Running <numba.core.ssa._FixSSAVars object at 0x7f8ab68a92b0>
2026-06-28 01:19:39 [DEBUG] numba.core.ssa:209 — on stmt: s = const(float, 0.0)
2026-06-28 01:19:39 [DEBUG] numba.core.ssa:209 — on stmt: $48load_global.1 = global(range: <class 'range'>)
2026-06-28 01:19:39 [DEBUG] numba.core.ssa:209 — on stmt: $60call.4 = call $48load_global.1(n, func=$48load_global.1, args=[Var(n, jit_functions.py:18)], kws=(), vararg=None, varkwarg=None, target=None)
2026-06-28 01:19:39 [DEBUG] numba.core.ssa:209 — on stmt: $68get_iter.5 = getiter(value=$60call.4)
2026-06-28 01:19:39 [DEBUG] numba.core.ssa:209 — on stmt: $phi70.0 = $68get_iter.5
2026-06-28 01:19:39 [DEBUG] numba.core.ssa:209 — on stmt: jump 70
2026-06-28 01:19:39 [DEBUG] numba.core.ssa:186 — ==== SSA block rewrite pass on 70
2026-06-28 01:19:39 [DEBUG] numba.core.ssa:207 — Running <numba.core.ssa._FixSSAVars object at 0x7f8ab68a92b0>
2026-06-28 01:19:39 [DEBUG] numba.core.ssa:209 — on stmt: s.5 = phi(incoming_values=[Var(s.2, jit_functions.py:23), Var(s, jit_functions.py:21)], incoming_blocks=[74, 44])
2026-06-28 01:19:39 [DEBUG] numba.core.ssa:209 — on stmt: $70for_iter.1 = iternext(value=$phi70.0)
2026-06-28 01:19:39 [DEBUG] numba.core.ssa:209 — on stmt: $70for_iter.2 = pair_first(value=$70for_iter.1)
2026-06-28 01:19:39 [DEBUG] numba.core.ssa:209 — on stmt: $70for_iter.3 = pair_second(value=$70for_iter.1)
2026-06-28 01:19:39 [DEBUG] numba.core.ssa:209 — on stmt: $phi74.1 = $70for_iter.2
2026-06-28 01:19:39 [DEBUG] numba.core.ssa:209 — on stmt: branch $70for_iter.3, 74, 114
2026-06-28 01:19:39 [DEBUG] numba.core.ssa:186 — ==== SSA block rewrite pass on 74
2026-06-28 01:19:39 [DEBUG] numba.core.ssa:207 — Running <numba.core.ssa._FixSSAVars object at 0x7f8ab68a92b0>
2026-06-28 01:19:39 [DEBUG] numba.core.ssa:209 — on stmt: r = $phi74.1
2026-06-28 01:19:39 [DEBUG] numba.core.ssa:209 — on stmt: $const82.5.1 = const(int, 0)
2026-06-28 01:19:39 [DEBUG] numba.core.ssa:209 — on stmt: $84build_tuple.6 = build_tuple(items=[Var(r, jit_functions.py:22), Var($const82.5.1, jit_functions.py:23)])
2026-06-28 01:19:39 [DEBUG] numba.core.ssa:209 — on stmt: $86binary_subscr.7 = getitem(value=basis_slice, index=$84build_tuple.6, fn=<built-in function getitem>)
2026-06-28 01:19:39 [DEBUG] numba.core.ssa:209 — on stmt: $const94.10.1 = const(int, 0)
2026-06-28 01:19:39 [DEBUG] numba.core.ssa:209 — on stmt: $96build_tuple.11 = build_tuple(items=[Var(r, jit_functions.py:22), Var($const94.10.1, jit_functions.py:23)])
2026-06-28 01:19:39 [DEBUG] numba.core.ssa:209 — on stmt: $98binary_subscr.12 = getitem(value=basis_slice, index=$96build_tuple.11, fn=<built-in function getitem>)
2026-06-28 01:19:39 [DEBUG] numba.core.ssa:209 — on stmt: $binop_mul102.13 = $86binary_subscr.7 * $98binary_subscr.12
2026-06-28 01:19:39 [DEBUG] numba.core.ssa:209 — on stmt: $binop_iadd106.14 = inplace_binop(fn=<built-in function iadd>, immutable_fn=<built-in function add>, lhs=s.5, rhs=$binop_mul102.13, static_lhs=Undefined, static_rhs=Undefined)
2026-06-28 01:19:39 [DEBUG] numba.core.ssa:209 — on stmt: s.2 = $binop_iadd106.14
2026-06-28 01:19:39 [DEBUG] numba.core.ssa:209 — on stmt: jump 70
2026-06-28 01:19:39 [DEBUG] numba.core.ssa:186 — ==== SSA block rewrite pass on 114
2026-06-28 01:19:39 [DEBUG] numba.core.ssa:207 — Running <numba.core.ssa._FixSSAVars object at 0x7f8ab68a92b0>
2026-06-28 01:19:39 [DEBUG] numba.core.ssa:209 — on stmt: $const120.4.1 = const(int, 0)
2026-06-28 01:19:39 [DEBUG] numba.core.ssa:209 — on stmt: gs[0] = s.5
2026-06-28 01:19:39 [DEBUG] numba.core.ssa:209 — on stmt: jump 126
2026-06-28 01:19:39 [DEBUG] numba.core.ssa:186 — ==== SSA block rewrite pass on 126
2026-06-28 01:19:39 [DEBUG] numba.core.ssa:207 — Running <numba.core.ssa._FixSSAVars object at 0x7f8ab68a92b0>
2026-06-28 01:19:39 [DEBUG] numba.core.ssa:209 — on stmt: $126load_global.0 = global(np: <module 'numpy' from '/home/dj/.local/lib/python3.12/site-packages/numpy/__init__.py'>)
2026-06-28 01:19:39 [DEBUG] numba.core.ssa:209 — on stmt: $136load_attr.2 = getattr(value=$126load_global.0, attr=zeros)
2026-06-28 01:19:39 [DEBUG] numba.core.ssa:209 — on stmt: dots = call $136load_attr.2(stage, func=$136load_attr.2, args=[Var(stage, jit_functions.py:12)], kws=(), vararg=None, varkwarg=None, target=None)
2026-06-28 01:19:39 [DEBUG] numba.core.ssa:209 — on stmt: $168load_global.5 = global(range: <class 'range'>)
2026-06-28 01:19:39 [DEBUG] numba.core.ssa:209 — on stmt: $180call.8 = call $168load_global.5(stage, func=$168load_global.5, args=[Var(stage, jit_functions.py:12)], kws=(), vararg=None, varkwarg=None, target=None)
2026-06-28 01:19:39 [DEBUG] numba.core.ssa:209 — on stmt: $188get_iter.9 = getiter(value=$180call.8)
2026-06-28 01:19:39 [DEBUG] numba.core.ssa:209 — on stmt: $phi190.0 = $188get_iter.9
2026-06-28 01:19:39 [DEBUG] numba.core.ssa:209 — on stmt: jump 190
2026-06-28 01:19:39 [DEBUG] numba.core.ssa:186 — ==== SSA block rewrite pass on 190
2026-06-28 01:19:39 [DEBUG] numba.core.ssa:207 — Running <numba.core.ssa._FixSSAVars object at 0x7f8ab68a92b0>
2026-06-28 01:19:39 [DEBUG] numba.core.ssa:209 — on stmt: $190for_iter.1 = iternext(value=$phi190.0)
2026-06-28 01:19:39 [DEBUG] numba.core.ssa:209 — on stmt: $190for_iter.2 = pair_first(value=$190for_iter.1)
2026-06-28 01:19:39 [DEBUG] numba.core.ssa:209 — on stmt: $190for_iter.3 = pair_second(value=$190for_iter.1)
2026-06-28 01:19:39 [DEBUG] numba.core.ssa:209 — on stmt: $phi194.1 = $190for_iter.2
2026-06-28 01:19:39 [DEBUG] numba.core.ssa:209 — on stmt: branch $190for_iter.3, 194, 280
2026-06-28 01:19:39 [DEBUG] numba.core.ssa:186 — ==== SSA block rewrite pass on 194
2026-06-28 01:19:39 [DEBUG] numba.core.ssa:207 — Running <numba.core.ssa._FixSSAVars object at 0x7f8ab68a92b0>
2026-06-28 01:19:39 [DEBUG] numba.core.ssa:209 — on stmt: j = $phi194.1
2026-06-28 01:19:39 [DEBUG] numba.core.ssa:209 — on stmt: s.3 = const(float, 0.0)
2026-06-28 01:19:39 [DEBUG] numba.core.ssa:209 — on stmt: $200load_global.3 = global(range: <class 'range'>)
2026-06-28 01:19:39 [DEBUG] numba.core.ssa:209 — on stmt: $212call.6 = call $200load_global.3(n, func=$200load_global.3, args=[Var(n, jit_functions.py:18)], kws=(), vararg=None, varkwarg=None, target=None)
2026-06-28 01:19:39 [DEBUG] numba.core.ssa:209 — on stmt: $220get_iter.7 = getiter(value=$212call.6)
2026-06-28 01:19:39 [DEBUG] numba.core.ssa:209 — on stmt: $phi222.1 = $220get_iter.7
2026-06-28 01:19:39 [DEBUG] numba.core.ssa:209 — on stmt: jump 222
2026-06-28 01:19:39 [DEBUG] numba.core.ssa:186 — ==== SSA block rewrite pass on 222
2026-06-28 01:19:39 [DEBUG] numba.core.ssa:207 — Running <numba.core.ssa._FixSSAVars object at 0x7f8ab68a92b0>
2026-06-28 01:19:39 [DEBUG] numba.core.ssa:209 — on stmt: s.6 = phi(incoming_values=[Var(s.3, jit_functions.py:29), Var(s.4, jit_functions.py:31)], incoming_blocks=[194, 226])
2026-06-28 01:19:39 [DEBUG] numba.core.ssa:209 — on stmt: $222for_iter.2 = iternext(value=$phi222.1)
2026-06-28 01:19:39 [DEBUG] numba.core.ssa:209 — on stmt: $222for_iter.3 = pair_first(value=$222for_iter.2)
2026-06-28 01:19:39 [DEBUG] numba.core.ssa:209 — on stmt: $222for_iter.4 = pair_second(value=$222for_iter.2)
2026-06-28 01:19:39 [DEBUG] numba.core.ssa:209 — on stmt: $phi226.2 = $222for_iter.3
2026-06-28 01:19:39 [DEBUG] numba.core.ssa:209 — on stmt: branch $222for_iter.4, 226, 266
2026-06-28 01:19:39 [DEBUG] numba.core.ssa:186 — ==== SSA block rewrite pass on 226
2026-06-28 01:19:39 [DEBUG] numba.core.ssa:207 — Running <numba.core.ssa._FixSSAVars object at 0x7f8ab68a92b0>
2026-06-28 01:19:39 [DEBUG] numba.core.ssa:209 — on stmt: r.1 = $phi226.2
2026-06-28 01:19:39 [DEBUG] numba.core.ssa:209 — on stmt: $236build_tuple.7 = build_tuple(items=[Var(r.1, jit_functions.py:30), Var(stage, jit_functions.py:12)])
2026-06-28 01:19:39 [DEBUG] numba.core.ssa:209 — on stmt: $238binary_subscr.8 = getitem(value=basis_slice, index=$236build_tuple.7, fn=<built-in function getitem>)
2026-06-28 01:19:39 [DEBUG] numba.core.ssa:209 — on stmt: $248build_tuple.12 = build_tuple(items=[Var(r.1, jit_functions.py:30), Var(j, jit_functions.py:28)])
2026-06-28 01:19:39 [DEBUG] numba.core.ssa:209 — on stmt: $250binary_subscr.13 = getitem(value=basis_slice, index=$248build_tuple.12, fn=<built-in function getitem>)
2026-06-28 01:19:39 [DEBUG] numba.core.ssa:209 — on stmt: $binop_mul254.14 = $238binary_subscr.8 * $250binary_subscr.13
2026-06-28 01:19:39 [DEBUG] numba.core.ssa:209 — on stmt: $binop_iadd258.15 = inplace_binop(fn=<built-in function iadd>, immutable_fn=<built-in function add>, lhs=s.6, rhs=$binop_mul254.14, static_lhs=Undefined, static_rhs=Undefined)
2026-06-28 01:19:39 [DEBUG] numba.core.ssa:209 — on stmt: s.4 = $binop_iadd258.15
2026-06-28 01:19:39 [DEBUG] numba.core.ssa:209 — on stmt: jump 222
2026-06-28 01:19:39 [DEBUG] numba.core.ssa:186 — ==== SSA block rewrite pass on 266
2026-06-28 01:19:39 [DEBUG] numba.core.ssa:207 — Running <numba.core.ssa._FixSSAVars object at 0x7f8ab68a92b0>
2026-06-28 01:19:39 [DEBUG] numba.core.ssa:209 — on stmt: dots[j] = s.6
2026-06-28 01:19:39 [DEBUG] numba.core.ssa:209 — on stmt: jump 190
2026-06-28 01:19:39 [DEBUG] numba.core.ssa:186 — ==== SSA block rewrite pass on 280
2026-06-28 01:19:39 [DEBUG] numba.core.ssa:207 — Running <numba.core.ssa._FixSSAVars object at 0x7f8ab68a92b0>
2026-06-28 01:19:39 [DEBUG] numba.core.ssa:209 — on stmt: $const284.3.1 = const(int, 0)
2026-06-28 01:19:39 [DEBUG] numba.core.ssa:209 — on stmt: $286compare_op.4 = stage == $const284.3.1
2026-06-28 01:19:39 [DEBUG] numba.core.ssa:209 — on stmt: $bool290 = global(bool: <class 'bool'>)
2026-06-28 01:19:39 [DEBUG] numba.core.ssa:209 — on stmt: $290pred = call $bool290($286compare_op.4, func=$bool290, args=(Var($286compare_op.4, jit_functions.py:35),), kws=(), vararg=None, varkwarg=None, target=None)
2026-06-28 01:19:39 [DEBUG] numba.core.ssa:209 — on stmt: branch $290pred, 292, 302
2026-06-28 01:19:39 [DEBUG] numba.core.ssa:186 — ==== SSA block rewrite pass on 292
2026-06-28 01:19:39 [DEBUG] numba.core.ssa:207 — Running <numba.core.ssa._FixSSAVars object at 0x7f8ab68a92b0>
2026-06-28 01:19:39 [DEBUG] numba.core.ssa:209 — on stmt: $const294.1.1 = const(int, 0)
2026-06-28 01:19:39 [DEBUG] numba.core.ssa:209 — on stmt: $296binary_subscr.2 = static_getitem(value=dots, index=0, index_var=$const294.1.1, fn=<built-in function getitem>)
2026-06-28 01:19:39 [DEBUG] numba.core.ssa:209 — on stmt: $phi372.0 = $296binary_subscr.2
2026-06-28 01:19:39 [DEBUG] numba.core.ssa:209 — on stmt: jump 372
2026-06-28 01:19:39 [DEBUG] numba.core.ssa:186 — ==== SSA block rewrite pass on 302
2026-06-28 01:19:39 [DEBUG] numba.core.ssa:207 — Running <numba.core.ssa._FixSSAVars object at 0x7f8ab68a92b0>
2026-06-28 01:19:39 [DEBUG] numba.core.ssa:209 — on stmt: $302load_global.0 = global(np: <module 'numpy' from '/home/dj/.local/lib/python3.12/site-packages/numpy/__init__.py'>)
2026-06-28 01:19:39 [DEBUG] numba.core.ssa:209 — on stmt: $312load_attr.2 = getattr(value=$302load_global.0, attr=dot)
2026-06-28 01:19:39 [DEBUG] numba.core.ssa:209 — on stmt: $const334.4.4 = const(NoneType, None)
2026-06-28 01:19:39 [DEBUG] numba.core.ssa:209 — on stmt: $const336.5.4 = const(NoneType, None)
2026-06-28 01:19:39 [DEBUG] numba.core.ssa:209 — on stmt: $338build_slice.6 = global(slice: <class 'slice'>)
2026-06-28 01:19:39 [DEBUG] numba.core.ssa:209 — on stmt: $338build_slice.7 = call $338build_slice.6($const334.4.4, $const336.5.4, func=$338build_slice.6, args=(Var($const334.4.4, jit_functions.py:36), Var($const336.5.4, jit_functions.py:36)), kws=(), vararg=None, varkwarg=None, target=None)
2026-06-28 01:19:39 [DEBUG] numba.core.ssa:209 — on stmt: $342build_tuple.9 = build_tuple(items=[Var($338build_slice.7, jit_functions.py:36), Var(stage, jit_functions.py:12)])
2026-06-28 01:19:39 [DEBUG] numba.core.ssa:209 — on stmt: $344binary_subscr.10 = getitem(value=basis_slice, index=$342build_tuple.9, fn=<built-in function getitem>)
2026-06-28 01:19:39 [DEBUG] numba.core.ssa:209 — on stmt: $const350.12.4 = const(NoneType, None)
2026-06-28 01:19:39 [DEBUG] numba.core.ssa:209 — on stmt: $const352.13.4 = const(NoneType, None)
2026-06-28 01:19:39 [DEBUG] numba.core.ssa:209 — on stmt: $354build_slice.14 = global(slice: <class 'slice'>)
2026-06-28 01:19:39 [DEBUG] numba.core.ssa:209 — on stmt: $354build_slice.15 = call $354build_slice.14($const350.12.4, $const352.13.4, func=$354build_slice.14, args=(Var($const350.12.4, jit_functions.py:36), Var($const352.13.4, jit_functions.py:36)), kws=(), vararg=None, varkwarg=None, target=None)
2026-06-28 01:19:39 [DEBUG] numba.core.ssa:209 — on stmt: $358build_tuple.17 = build_tuple(items=[Var($354build_slice.15, jit_functions.py:36), Var(stage, jit_functions.py:12)])
2026-06-28 01:19:39 [DEBUG] numba.core.ssa:209 — on stmt: $360binary_subscr.18 = getitem(value=basis_slice, index=$358build_tuple.17, fn=<built-in function getitem>)
2026-06-28 01:19:39 [DEBUG] numba.core.ssa:209 — on stmt: $364call.19 = call $312load_attr.2($344binary_subscr.10, $360binary_subscr.18, func=$312load_attr.2, args=[Var($344binary_subscr.10, jit_functions.py:36), Var($360binary_subscr.18, jit_functions.py:36)], kws=(), vararg=None, varkwarg=None, target=None)
2026-06-28 01:19:39 [DEBUG] numba.core.ssa:209 — on stmt: $phi372.0.1 = $364call.19
2026-06-28 01:19:39 [DEBUG] numba.core.ssa:209 — on stmt: jump 372
2026-06-28 01:19:39 [DEBUG] numba.core.ssa:186 — ==== SSA block rewrite pass on 372
2026-06-28 01:19:39 [DEBUG] numba.core.ssa:207 — Running <numba.core.ssa._FixSSAVars object at 0x7f8ab68a92b0>
2026-06-28 01:19:39 [DEBUG] numba.core.ssa:209 — on stmt: gs[stage] = $phi372.0
2026-06-28 01:19:39 [DEBUG] numba.core.ssa:385 — find_def var='$phi372.0' stmt=gs[stage] = $phi372.0
2026-06-28 01:19:39 [DEBUG] numba.core.ssa:416 — find_def_from_top label 372
2026-06-28 01:19:39 [DEBUG] numba.core.ssa:433 — insert phi node $phi372.0.2 = phi(incoming_values=[], incoming_blocks=[]) at 372
2026-06-28 01:19:39 [DEBUG] numba.core.ssa:459 — find_def_from_bottom label 292
2026-06-28 01:19:39 [DEBUG] numba.core.ssa:441 — incoming_def $phi372.0 = $296binary_subscr.2
2026-06-28 01:19:39 [DEBUG] numba.core.ssa:459 — find_def_from_bottom label 302
2026-06-28 01:19:39 [DEBUG] numba.core.ssa:441 — incoming_def $phi372.0.1 = $364call.19
2026-06-28 01:19:39 [DEBUG] numba.core.ssa:215 — replaced with: gs[stage] = $phi372.0.2
2026-06-28 01:19:39 [DEBUG] numba.core.ssa:209 — on stmt: s.1 = const(float, 0.0)
2026-06-28 01:19:39 [DEBUG] numba.core.ssa:209 — on stmt: $384load_global.4 = global(range: <class 'range'>)
2026-06-28 01:19:39 [DEBUG] numba.core.ssa:209 — on stmt: $396call.7 = call $384load_global.4(n, func=$384load_global.4, args=[Var(n, jit_functions.py:18)], kws=(), vararg=None, varkwarg=None, target=None)
2026-06-28 01:19:39 [DEBUG] numba.core.ssa:209 — on stmt: $404get_iter.8 = getiter(value=$396call.7)
2026-06-28 01:19:39 [DEBUG] numba.core.ssa:209 — on stmt: $phi406.0 = $404get_iter.8
2026-06-28 01:19:39 [DEBUG] numba.core.ssa:209 — on stmt: jump 406
2026-06-28 01:19:39 [DEBUG] numba.core.ssa:186 — ==== SSA block rewrite pass on 406
2026-06-28 01:19:39 [DEBUG] numba.core.ssa:207 — Running <numba.core.ssa._FixSSAVars object at 0x7f8ab68a92b0>
2026-06-28 01:19:39 [DEBUG] numba.core.ssa:209 — on stmt: $406for_iter.1 = iternext(value=$phi406.0)
2026-06-28 01:19:39 [DEBUG] numba.core.ssa:209 — on stmt: $406for_iter.2 = pair_first(value=$406for_iter.1)
2026-06-28 01:19:39 [DEBUG] numba.core.ssa:209 — on stmt: $406for_iter.3 = pair_second(value=$406for_iter.1)
2026-06-28 01:19:39 [DEBUG] numba.core.ssa:209 — on stmt: $phi410.1 = $406for_iter.2
2026-06-28 01:19:39 [DEBUG] numba.core.ssa:209 — on stmt: branch $406for_iter.3, 410, 450
2026-06-28 01:19:39 [DEBUG] numba.core.ssa:186 — ==== SSA block rewrite pass on 410
2026-06-28 01:19:39 [DEBUG] numba.core.ssa:207 — Running <numba.core.ssa._FixSSAVars object at 0x7f8ab68a92b0>
2026-06-28 01:19:39 [DEBUG] numba.core.ssa:209 — on stmt: r.2 = $phi410.1
2026-06-28 01:19:39 [DEBUG] numba.core.ssa:209 — on stmt: $420build_tuple.6 = build_tuple(items=[Var(r.2, jit_functions.py:40), Var(stage, jit_functions.py:12)])
2026-06-28 01:19:39 [DEBUG] numba.core.ssa:209 — on stmt: $422binary_subscr.7 = getitem(value=basis_slice, index=$420build_tuple.6, fn=<built-in function getitem>)
2026-06-28 01:19:39 [DEBUG] numba.core.ssa:209 — on stmt: $432build_tuple.11 = build_tuple(items=[Var(r.2, jit_functions.py:40), Var(stage, jit_functions.py:12)])
2026-06-28 01:19:39 [DEBUG] numba.core.ssa:209 — on stmt: $434binary_subscr.12 = getitem(value=basis_slice, index=$432build_tuple.11, fn=<built-in function getitem>)
2026-06-28 01:19:39 [DEBUG] numba.core.ssa:209 — on stmt: $binop_mul438.13 = $422binary_subscr.7 * $434binary_subscr.12
2026-06-28 01:19:39 [DEBUG] numba.core.ssa:209 — on stmt: $binop_iadd442.14 = inplace_binop(fn=<built-in function iadd>, immutable_fn=<built-in function add>, lhs=s.1, rhs=$binop_mul438.13, static_lhs=Undefined, static_rhs=Undefined)
2026-06-28 01:19:39 [DEBUG] numba.core.ssa:209 — on stmt: s.1 = $binop_iadd442.14
2026-06-28 01:19:39 [DEBUG] numba.core.ssa:209 — on stmt: jump 406
2026-06-28 01:19:39 [DEBUG] numba.core.ssa:186 — ==== SSA block rewrite pass on 450
2026-06-28 01:19:39 [DEBUG] numba.core.ssa:207 — Running <numba.core.ssa._FixSSAVars object at 0x7f8ab68a92b0>
2026-06-28 01:19:39 [DEBUG] numba.core.ssa:209 — on stmt: gs[stage] = s.1
2026-06-28 01:19:39 [DEBUG] numba.core.ssa:209 — on stmt: $462load_global.5 = global(range: <class 'range'>)
2026-06-28 01:19:39 [DEBUG] numba.core.ssa:209 — on stmt: $474call.8 = call $462load_global.5(stage, func=$462load_global.5, args=[Var(stage, jit_functions.py:12)], kws=(), vararg=None, varkwarg=None, target=None)
2026-06-28 01:19:39 [DEBUG] numba.core.ssa:209 — on stmt: $482get_iter.9 = getiter(value=$474call.8)
2026-06-28 01:19:39 [DEBUG] numba.core.ssa:209 — on stmt: $phi484.0 = $482get_iter.9
2026-06-28 01:19:39 [DEBUG] numba.core.ssa:209 — on stmt: jump 484
2026-06-28 01:19:39 [DEBUG] numba.core.ssa:186 — ==== SSA block rewrite pass on 484
2026-06-28 01:19:39 [DEBUG] numba.core.ssa:207 — Running <numba.core.ssa._FixSSAVars object at 0x7f8ab68a92b0>
2026-06-28 01:19:39 [DEBUG] numba.core.ssa:209 — on stmt: $484for_iter.1 = iternext(value=$phi484.0)
2026-06-28 01:19:39 [DEBUG] numba.core.ssa:209 — on stmt: $484for_iter.2 = pair_first(value=$484for_iter.1)
2026-06-28 01:19:39 [DEBUG] numba.core.ssa:209 — on stmt: $484for_iter.3 = pair_second(value=$484for_iter.1)
2026-06-28 01:19:39 [DEBUG] numba.core.ssa:209 — on stmt: $phi488.1 = $484for_iter.2
2026-06-28 01:19:39 [DEBUG] numba.core.ssa:209 — on stmt: branch $484for_iter.3, 488, 678
2026-06-28 01:19:39 [DEBUG] numba.core.ssa:186 — ==== SSA block rewrite pass on 488
2026-06-28 01:19:39 [DEBUG] numba.core.ssa:207 — Running <numba.core.ssa._FixSSAVars object at 0x7f8ab68a92b0>
2026-06-28 01:19:39 [DEBUG] numba.core.ssa:209 — on stmt: j.1 = $phi488.1
2026-06-28 01:19:39 [DEBUG] numba.core.ssa:209 — on stmt: ct = const(float, 0.0)
2026-06-28 01:19:39 [DEBUG] numba.core.ssa:209 — on stmt: $494load_global.3 = global(range: <class 'range'>)
2026-06-28 01:19:39 [DEBUG] numba.core.ssa:209 — on stmt: $506call.6 = call $494load_global.3(j.1, func=$494load_global.3, args=[Var(j.1, jit_functions.py:44)], kws=(), vararg=None, varkwarg=None, target=None)
2026-06-28 01:19:39 [DEBUG] numba.core.ssa:209 — on stmt: $514get_iter.7 = getiter(value=$506call.6)
2026-06-28 01:19:39 [DEBUG] numba.core.ssa:209 — on stmt: $phi516.1 = $514get_iter.7
2026-06-28 01:19:39 [DEBUG] numba.core.ssa:209 — on stmt: jump 516
2026-06-28 01:19:39 [DEBUG] numba.core.ssa:186 — ==== SSA block rewrite pass on 516
2026-06-28 01:19:39 [DEBUG] numba.core.ssa:207 — Running <numba.core.ssa._FixSSAVars object at 0x7f8ab68a92b0>
2026-06-28 01:19:39 [DEBUG] numba.core.ssa:209 — on stmt: $516for_iter.2 = iternext(value=$phi516.1)
2026-06-28 01:19:39 [DEBUG] numba.core.ssa:209 — on stmt: $516for_iter.3 = pair_first(value=$516for_iter.2)
2026-06-28 01:19:39 [DEBUG] numba.core.ssa:209 — on stmt: $516for_iter.4 = pair_second(value=$516for_iter.2)
2026-06-28 01:19:39 [DEBUG] numba.core.ssa:209 — on stmt: $phi520.2 = $516for_iter.3
2026-06-28 01:19:39 [DEBUG] numba.core.ssa:209 — on stmt: branch $516for_iter.4, 520, 572
2026-06-28 01:19:39 [DEBUG] numba.core.ssa:186 — ==== SSA block rewrite pass on 520
2026-06-28 01:19:39 [DEBUG] numba.core.ssa:207 — Running <numba.core.ssa._FixSSAVars object at 0x7f8ab68a92b0>
2026-06-28 01:19:39 [DEBUG] numba.core.ssa:209 — on stmt: i = $phi520.2
2026-06-28 01:19:39 [DEBUG] numba.core.ssa:209 — on stmt: $530build_tuple.7 = build_tuple(items=[Var(i, jit_functions.py:47), Var(j.1, jit_functions.py:44)])
2026-06-28 01:19:39 [DEBUG] numba.core.ssa:209 — on stmt: $532binary_subscr.8 = getitem(value=gsc, index=$530build_tuple.7, fn=<built-in function getitem>)
2026-06-28 01:19:39 [DEBUG] numba.core.ssa:209 — on stmt: $542build_tuple.12 = build_tuple(items=[Var(i, jit_functions.py:47), Var(stage, jit_functions.py:12)])
2026-06-28 01:19:39 [DEBUG] numba.core.ssa:209 — on stmt: $544binary_subscr.13 = getitem(value=gsc, index=$542build_tuple.12, fn=<built-in function getitem>)
2026-06-28 01:19:39 [DEBUG] numba.core.ssa:209 — on stmt: $binop_mul548.14 = $532binary_subscr.8 * $544binary_subscr.13
2026-06-28 01:19:39 [DEBUG] numba.core.ssa:209 — on stmt: $556binary_subscr.17 = getitem(value=gs, index=i, fn=<built-in function getitem>)
2026-06-28 01:19:39 [DEBUG] numba.core.ssa:209 — on stmt: $binop_mul560.18 = $binop_mul548.14 * $556binary_subscr.17
2026-06-28 01:19:39 [DEBUG] numba.core.ssa:209 — on stmt: $binop_iadd564.19 = inplace_binop(fn=<built-in function iadd>, immutable_fn=<built-in function add>, lhs=ct, rhs=$binop_mul560.18, static_lhs=Undefined, static_rhs=Undefined)
2026-06-28 01:19:39 [DEBUG] numba.core.ssa:209 — on stmt: ct = $binop_iadd564.19
2026-06-28 01:19:39 [DEBUG] numba.core.ssa:209 — on stmt: jump 516
2026-06-28 01:19:39 [DEBUG] numba.core.ssa:186 — ==== SSA block rewrite pass on 572
2026-06-28 01:19:39 [DEBUG] numba.core.ssa:207 — Running <numba.core.ssa._FixSSAVars object at 0x7f8ab68a92b0>
2026-06-28 01:19:39 [DEBUG] numba.core.ssa:209 — on stmt: $578binary_subscr.5 = getitem(value=dots, index=j.1, fn=<built-in function getitem>)
2026-06-28 01:19:39 [DEBUG] numba.core.ssa:209 — on stmt: $binop_sub584.7 = $578binary_subscr.5 - ct
2026-06-28 01:19:39 [DEBUG] numba.core.ssa:209 — on stmt: $592binary_subscr.10 = getitem(value=gs, index=j.1, fn=<built-in function getitem>)
2026-06-28 01:19:39 [DEBUG] numba.core.ssa:209 — on stmt: $binop_truediv596.11 = $binop_sub584.7 / $592binary_subscr.10
2026-06-28 01:19:39 [DEBUG] numba.core.ssa:209 — on stmt: $606build_tuple.15 = build_tuple(items=[Var(j.1, jit_functions.py:44), Var(stage, jit_functions.py:12)])
2026-06-28 01:19:39 [DEBUG] numba.core.ssa:209 — on stmt: gsc[$606build_tuple.15] = $binop_truediv596.11
2026-06-28 01:19:39 [DEBUG] numba.core.ssa:209 — on stmt: $620binary_subscr.18 = getitem(value=gs, index=stage, fn=<built-in function getitem>)
2026-06-28 01:19:39 [DEBUG] numba.core.ssa:209 — on stmt: $630build_tuple.22 = build_tuple(items=[Var(j.1, jit_functions.py:44), Var(stage, jit_functions.py:12)])
2026-06-28 01:19:39 [DEBUG] numba.core.ssa:209 — on stmt: $632binary_subscr.23 = getitem(value=gsc, index=$630build_tuple.22, fn=<built-in function getitem>)
2026-06-28 01:19:39 [DEBUG] numba.core.ssa:209 — on stmt: $642build_tuple.27 = build_tuple(items=[Var(j.1, jit_functions.py:44), Var(stage, jit_functions.py:12)])
2026-06-28 01:19:39 [DEBUG] numba.core.ssa:209 — on stmt: $644binary_subscr.28 = getitem(value=gsc, index=$642build_tuple.27, fn=<built-in function getitem>)
2026-06-28 01:19:39 [DEBUG] numba.core.ssa:209 — on stmt: $binop_mul648.29 = $632binary_subscr.23 * $644binary_subscr.28
2026-06-28 01:19:39 [DEBUG] numba.core.ssa:209 — on stmt: $656binary_subscr.32 = getitem(value=gs, index=j.1, fn=<built-in function getitem>)
2026-06-28 01:19:39 [DEBUG] numba.core.ssa:209 — on stmt: $binop_mul660.33 = $binop_mul648.29 * $656binary_subscr.32
2026-06-28 01:19:39 [DEBUG] numba.core.ssa:209 — on stmt: $binop_isub664.34 = inplace_binop(fn=<built-in function isub>, immutable_fn=<built-in function sub>, lhs=$620binary_subscr.18, rhs=$binop_mul660.33, static_lhs=Undefined, static_rhs=Undefined)
2026-06-28 01:19:39 [DEBUG] numba.core.ssa:209 — on stmt: gs[stage] = $binop_isub664.34
2026-06-28 01:19:39 [DEBUG] numba.core.ssa:209 — on stmt: jump 484
2026-06-28 01:19:39 [DEBUG] numba.core.ssa:186 — ==== SSA block rewrite pass on 678
2026-06-28 01:19:39 [DEBUG] numba.core.ssa:207 — Running <numba.core.ssa._FixSSAVars object at 0x7f8ab68a92b0>
2026-06-28 01:19:39 [DEBUG] numba.core.ssa:209 — on stmt: $const680.2.5 = const(float, 1.0)
2026-06-28 01:19:39 [DEBUG] numba.core.ssa:209 — on stmt: $688build_tuple.6 = build_tuple(items=[Var(stage, jit_functions.py:12), Var(stage, jit_functions.py:12)])
2026-06-28 01:19:39 [DEBUG] numba.core.ssa:209 — on stmt: gsc[$688build_tuple.6] = $const680.2.5
2026-06-28 01:19:39 [DEBUG] numba.core.ssa:209 — on stmt: $const694.7 = const(NoneType, None)
2026-06-28 01:19:39 [DEBUG] numba.core.ssa:209 — on stmt: $694return_const.8 = cast(value=$const694.7)
2026-06-28 01:19:39 [DEBUG] numba.core.ssa:209 — on stmt: return $694return_const.8
2026-06-28 01:19:39 [DEBUG] numba.core.ssa:63 — Fix SSA violator on var s.1
2026-06-28 01:19:39 [DEBUG] numba.core.ssa:186 — ==== SSA block rewrite pass on 0
2026-06-28 01:19:39 [DEBUG] numba.core.ssa:207 — Running <numba.core.ssa._FreshVarHandler object at 0x7f8ab68a92b0>
2026-06-28 01:19:39 [DEBUG] numba.core.ssa:209 — on stmt: basis_slice = arg(0, name=basis_slice)
2026-06-28 01:19:39 [DEBUG] numba.core.ssa:209 — on stmt: gsc = arg(1, name=gsc)
2026-06-28 01:19:39 [DEBUG] numba.core.ssa:209 — on stmt: gs = arg(2, name=gs)
2026-06-28 01:19:39 [DEBUG] numba.core.ssa:209 — on stmt: stage = arg(3, name=stage)
2026-06-28 01:19:39 [DEBUG] numba.core.ssa:209 — on stmt: $6load_attr.1 = getattr(value=basis_slice, attr=shape)
2026-06-28 01:19:39 [DEBUG] numba.core.ssa:209 — on stmt: $const26.2.1 = const(int, 0)
2026-06-28 01:19:39 [DEBUG] numba.core.ssa:209 — on stmt: n = static_getitem(value=$6load_attr.1, index=0, index_var=$const26.2.1, fn=<built-in function getitem>)
2026-06-28 01:19:39 [DEBUG] numba.core.ssa:209 — on stmt: $const36.5.2 = const(int, 1)
2026-06-28 01:19:39 [DEBUG] numba.core.ssa:209 — on stmt: $38compare_op.6 = stage == $const36.5.2
2026-06-28 01:19:39 [DEBUG] numba.core.ssa:209 — on stmt: $bool42 = global(bool: <class 'bool'>)
2026-06-28 01:19:39 [DEBUG] numba.core.ssa:209 — on stmt: $42pred = call $bool42($38compare_op.6, func=$bool42, args=(Var($38compare_op.6, jit_functions.py:20),), kws=(), vararg=None, varkwarg=None, target=None)
2026-06-28 01:19:39 [DEBUG] numba.core.ssa:209 — on stmt: branch $42pred, 44, 126
2026-06-28 01:19:39 [DEBUG] numba.core.ssa:186 — ==== SSA block rewrite pass on 44
2026-06-28 01:19:39 [DEBUG] numba.core.ssa:207 — Running <numba.core.ssa._FreshVarHandler object at 0x7f8ab68a92b0>
2026-06-28 01:19:39 [DEBUG] numba.core.ssa:209 — on stmt: s = const(float, 0.0)
2026-06-28 01:19:39 [DEBUG] numba.core.ssa:209 — on stmt: $48load_global.1 = global(range: <class 'range'>)
2026-06-28 01:19:39 [DEBUG] numba.core.ssa:209 — on stmt: $60call.4 = call $48load_global.1(n, func=$48load_global.1, args=[Var(n, jit_functions.py:18)], kws=(), vararg=None, varkwarg=None, target=None)
2026-06-28 01:19:39 [DEBUG] numba.core.ssa:209 — on stmt: $68get_iter.5 = getiter(value=$60call.4)
2026-06-28 01:19:39 [DEBUG] numba.core.ssa:209 — on stmt: $phi70.0 = $68get_iter.5
2026-06-28 01:19:39 [DEBUG] numba.core.ssa:209 — on stmt: jump 70
2026-06-28 01:19:39 [DEBUG] numba.core.ssa:186 — ==== SSA block rewrite pass on 70
2026-06-28 01:19:39 [DEBUG] numba.core.ssa:207 — Running <numba.core.ssa._FreshVarHandler object at 0x7f8ab68a92b0>
2026-06-28 01:19:39 [DEBUG] numba.core.ssa:209 — on stmt: s.5 = phi(incoming_values=[Var(s.2, jit_functions.py:23), Var(s, jit_functions.py:21)], incoming_blocks=[74, 44])
2026-06-28 01:19:39 [DEBUG] numba.core.ssa:209 — on stmt: $70for_iter.1 = iternext(value=$phi70.0)
2026-06-28 01:19:39 [DEBUG] numba.core.ssa:209 — on stmt: $70for_iter.2 = pair_first(value=$70for_iter.1)
2026-06-28 01:19:39 [DEBUG] numba.core.ssa:209 — on stmt: $70for_iter.3 = pair_second(value=$70for_iter.1)
2026-06-28 01:19:39 [DEBUG] numba.core.ssa:209 — on stmt: $phi74.1 = $70for_iter.2
2026-06-28 01:19:39 [DEBUG] numba.core.ssa:209 — on stmt: branch $70for_iter.3, 74, 114
2026-06-28 01:19:39 [DEBUG] numba.core.ssa:186 — ==== SSA block rewrite pass on 74
2026-06-28 01:19:39 [DEBUG] numba.core.ssa:207 — Running <numba.core.ssa._FreshVarHandler object at 0x7f8ab68a92b0>
2026-06-28 01:19:39 [DEBUG] numba.core.ssa:209 — on stmt: r = $phi74.1
2026-06-28 01:19:39 [DEBUG] numba.core.ssa:209 — on stmt: $const82.5.1 = const(int, 0)
2026-06-28 01:19:39 [DEBUG] numba.core.ssa:209 — on stmt: $84build_tuple.6 = build_tuple(items=[Var(r, jit_functions.py:22), Var($const82.5.1, jit_functions.py:23)])
2026-06-28 01:19:39 [DEBUG] numba.core.ssa:209 — on stmt: $86binary_subscr.7 = getitem(value=basis_slice, index=$84build_tuple.6, fn=<built-in function getitem>)
2026-06-28 01:19:39 [DEBUG] numba.core.ssa:209 — on stmt: $const94.10.1 = const(int, 0)
2026-06-28 01:19:39 [DEBUG] numba.core.ssa:209 — on stmt: $96build_tuple.11 = build_tuple(items=[Var(r, jit_functions.py:22), Var($const94.10.1, jit_functions.py:23)])
2026-06-28 01:19:39 [DEBUG] numba.core.ssa:209 — on stmt: $98binary_subscr.12 = getitem(value=basis_slice, index=$96build_tuple.11, fn=<built-in function getitem>)
2026-06-28 01:19:39 [DEBUG] numba.core.ssa:209 — on stmt: $binop_mul102.13 = $86binary_subscr.7 * $98binary_subscr.12
2026-06-28 01:19:39 [DEBUG] numba.core.ssa:209 — on stmt: $binop_iadd106.14 = inplace_binop(fn=<built-in function iadd>, immutable_fn=<built-in function add>, lhs=s.5, rhs=$binop_mul102.13, static_lhs=Undefined, static_rhs=Undefined)
2026-06-28 01:19:39 [DEBUG] numba.core.ssa:209 — on stmt: s.2 = $binop_iadd106.14
2026-06-28 01:19:39 [DEBUG] numba.core.ssa:209 — on stmt: jump 70
2026-06-28 01:19:39 [DEBUG] numba.core.ssa:186 — ==== SSA block rewrite pass on 114
2026-06-28 01:19:39 [DEBUG] numba.core.ssa:207 — Running <numba.core.ssa._FreshVarHandler object at 0x7f8ab68a92b0>
2026-06-28 01:19:39 [DEBUG] numba.core.ssa:209 — on stmt: $const120.4.1 = const(int, 0)
2026-06-28 01:19:39 [DEBUG] numba.core.ssa:209 — on stmt: gs[0] = s.5
2026-06-28 01:19:39 [DEBUG] numba.core.ssa:209 — on stmt: jump 126
2026-06-28 01:19:39 [DEBUG] numba.core.ssa:186 — ==== SSA block rewrite pass on 126
2026-06-28 01:19:39 [DEBUG] numba.core.ssa:207 — Running <numba.core.ssa._FreshVarHandler object at 0x7f8ab68a92b0>
2026-06-28 01:19:39 [DEBUG] numba.core.ssa:209 — on stmt: $126load_global.0 = global(np: <module 'numpy' from '/home/dj/.local/lib/python3.12/site-packages/numpy/__init__.py'>)
2026-06-28 01:19:39 [DEBUG] numba.core.ssa:209 — on stmt: $136load_attr.2 = getattr(value=$126load_global.0, attr=zeros)
2026-06-28 01:19:39 [DEBUG] numba.core.ssa:209 — on stmt: dots = call $136load_attr.2(stage, func=$136load_attr.2, args=[Var(stage, jit_functions.py:12)], kws=(), vararg=None, varkwarg=None, target=None)
2026-06-28 01:19:39 [DEBUG] numba.core.ssa:209 — on stmt: $168load_global.5 = global(range: <class 'range'>)
2026-06-28 01:19:39 [DEBUG] numba.core.ssa:209 — on stmt: $180call.8 = call $168load_global.5(stage, func=$168load_global.5, args=[Var(stage, jit_functions.py:12)], kws=(), vararg=None, varkwarg=None, target=None)
2026-06-28 01:19:39 [DEBUG] numba.core.ssa:209 — on stmt: $188get_iter.9 = getiter(value=$180call.8)
2026-06-28 01:19:39 [DEBUG] numba.core.ssa:209 — on stmt: $phi190.0 = $188get_iter.9
2026-06-28 01:19:39 [DEBUG] numba.core.ssa:209 — on stmt: jump 190
2026-06-28 01:19:39 [DEBUG] numba.core.ssa:186 — ==== SSA block rewrite pass on 190
2026-06-28 01:19:39 [DEBUG] numba.core.ssa:207 — Running <numba.core.ssa._FreshVarHandler object at 0x7f8ab68a92b0>
2026-06-28 01:19:39 [DEBUG] numba.core.ssa:209 — on stmt: $190for_iter.1 = iternext(value=$phi190.0)
2026-06-28 01:19:39 [DEBUG] numba.core.ssa:209 — on stmt: $190for_iter.2 = pair_first(value=$190for_iter.1)
2026-06-28 01:19:39 [DEBUG] numba.core.ssa:209 — on stmt: $190for_iter.3 = pair_second(value=$190for_iter.1)
2026-06-28 01:19:39 [DEBUG] numba.core.ssa:209 — on stmt: $phi194.1 = $190for_iter.2
2026-06-28 01:19:39 [DEBUG] numba.core.ssa:209 — on stmt: branch $190for_iter.3, 194, 280
2026-06-28 01:19:39 [DEBUG] numba.core.ssa:186 — ==== SSA block rewrite pass on 194
2026-06-28 01:19:39 [DEBUG] numba.core.ssa:207 — Running <numba.core.ssa._FreshVarHandler object at 0x7f8ab68a92b0>
2026-06-28 01:19:39 [DEBUG] numba.core.ssa:209 — on stmt: j = $phi194.1
2026-06-28 01:19:39 [DEBUG] numba.core.ssa:209 — on stmt: s.3 = const(float, 0.0)
2026-06-28 01:19:39 [DEBUG] numba.core.ssa:209 — on stmt: $200load_global.3 = global(range: <class 'range'>)
2026-06-28 01:19:39 [DEBUG] numba.core.ssa:209 — on stmt: $212call.6 = call $200load_global.3(n, func=$200load_global.3, args=[Var(n, jit_functions.py:18)], kws=(), vararg=None, varkwarg=None, target=None)
2026-06-28 01:19:39 [DEBUG] numba.core.ssa:209 — on stmt: $220get_iter.7 = getiter(value=$212call.6)
2026-06-28 01:19:39 [DEBUG] numba.core.ssa:209 — on stmt: $phi222.1 = $220get_iter.7
2026-06-28 01:19:39 [DEBUG] numba.core.ssa:209 — on stmt: jump 222
2026-06-28 01:19:39 [DEBUG] numba.core.ssa:186 — ==== SSA block rewrite pass on 222
2026-06-28 01:19:39 [DEBUG] numba.core.ssa:207 — Running <numba.core.ssa._FreshVarHandler object at 0x7f8ab68a92b0>
2026-06-28 01:19:39 [DEBUG] numba.core.ssa:209 — on stmt: s.6 = phi(incoming_values=[Var(s.3, jit_functions.py:29), Var(s.4, jit_functions.py:31)], incoming_blocks=[194, 226])
2026-06-28 01:19:39 [DEBUG] numba.core.ssa:209 — on stmt: $222for_iter.2 = iternext(value=$phi222.1)
2026-06-28 01:19:39 [DEBUG] numba.core.ssa:209 — on stmt: $222for_iter.3 = pair_first(value=$222for_iter.2)
2026-06-28 01:19:39 [DEBUG] numba.core.ssa:209 — on stmt: $222for_iter.4 = pair_second(value=$222for_iter.2)
2026-06-28 01:19:39 [DEBUG] numba.core.ssa:209 — on stmt: $phi226.2 = $222for_iter.3
2026-06-28 01:19:39 [DEBUG] numba.core.ssa:209 — on stmt: branch $222for_iter.4, 226, 266
2026-06-28 01:19:39 [DEBUG] numba.core.ssa:186 — ==== SSA block rewrite pass on 226
2026-06-28 01:19:39 [DEBUG] numba.core.ssa:207 — Running <numba.core.ssa._FreshVarHandler object at 0x7f8ab68a92b0>
2026-06-28 01:19:39 [DEBUG] numba.core.ssa:209 — on stmt: r.1 = $phi226.2
2026-06-28 01:19:39 [DEBUG] numba.core.ssa:209 — on stmt: $236build_tuple.7 = build_tuple(items=[Var(r.1, jit_functions.py:30), Var(stage, jit_functions.py:12)])
2026-06-28 01:19:39 [DEBUG] numba.core.ssa:209 — on stmt: $238binary_subscr.8 = getitem(value=basis_slice, index=$236build_tuple.7, fn=<built-in function getitem>)
2026-06-28 01:19:39 [DEBUG] numba.core.ssa:209 — on stmt: $248build_tuple.12 = build_tuple(items=[Var(r.1, jit_functions.py:30), Var(j, jit_functions.py:28)])
2026-06-28 01:19:39 [DEBUG] numba.core.ssa:209 — on stmt: $250binary_subscr.13 = getitem(value=basis_slice, index=$248build_tuple.12, fn=<built-in function getitem>)
2026-06-28 01:19:39 [DEBUG] numba.core.ssa:209 — on stmt: $binop_mul254.14 = $238binary_subscr.8 * $250binary_subscr.13
2026-06-28 01:19:39 [DEBUG] numba.core.ssa:209 — on stmt: $binop_iadd258.15 = inplace_binop(fn=<built-in function iadd>, immutable_fn=<built-in function add>, lhs=s.6, rhs=$binop_mul254.14, static_lhs=Undefined, static_rhs=Undefined)
2026-06-28 01:19:39 [DEBUG] numba.core.ssa:209 — on stmt: s.4 = $binop_iadd258.15
2026-06-28 01:19:39 [DEBUG] numba.core.ssa:209 — on stmt: jump 222
2026-06-28 01:19:39 [DEBUG] numba.core.ssa:186 — ==== SSA block rewrite pass on 266
2026-06-28 01:19:39 [DEBUG] numba.core.ssa:207 — Running <numba.core.ssa._FreshVarHandler object at 0x7f8ab68a92b0>
2026-06-28 01:19:39 [DEBUG] numba.core.ssa:209 — on stmt: dots[j] = s.6
2026-06-28 01:19:39 [DEBUG] numba.core.ssa:209 — on stmt: jump 190
2026-06-28 01:19:39 [DEBUG] numba.core.ssa:186 — ==== SSA block rewrite pass on 280
2026-06-28 01:19:39 [DEBUG] numba.core.ssa:207 — Running <numba.core.ssa._FreshVarHandler object at 0x7f8ab68a92b0>
2026-06-28 01:19:39 [DEBUG] numba.core.ssa:209 — on stmt: $const284.3.1 = const(int, 0)
2026-06-28 01:19:39 [DEBUG] numba.core.ssa:209 — on stmt: $286compare_op.4 = stage == $const284.3.1
2026-06-28 01:19:39 [DEBUG] numba.core.ssa:209 — on stmt: $bool290 = global(bool: <class 'bool'>)
2026-06-28 01:19:39 [DEBUG] numba.core.ssa:209 — on stmt: $290pred = call $bool290($286compare_op.4, func=$bool290, args=(Var($286compare_op.4, jit_functions.py:35),), kws=(), vararg=None, varkwarg=None, target=None)
2026-06-28 01:19:39 [DEBUG] numba.core.ssa:209 — on stmt: branch $290pred, 292, 302
2026-06-28 01:19:39 [DEBUG] numba.core.ssa:186 — ==== SSA block rewrite pass on 292
2026-06-28 01:19:39 [DEBUG] numba.core.ssa:207 — Running <numba.core.ssa._FreshVarHandler object at 0x7f8ab68a92b0>
2026-06-28 01:19:39 [DEBUG] numba.core.ssa:209 — on stmt: $const294.1.1 = const(int, 0)
2026-06-28 01:19:39 [DEBUG] numba.core.ssa:209 — on stmt: $296binary_subscr.2 = static_getitem(value=dots, index=0, index_var=$const294.1.1, fn=<built-in function getitem>)
2026-06-28 01:19:39 [DEBUG] numba.core.ssa:209 — on stmt: $phi372.0 = $296binary_subscr.2
2026-06-28 01:19:39 [DEBUG] numba.core.ssa:209 — on stmt: jump 372
2026-06-28 01:19:39 [DEBUG] numba.core.ssa:186 — ==== SSA block rewrite pass on 302
2026-06-28 01:19:39 [DEBUG] numba.core.ssa:207 — Running <numba.core.ssa._FreshVarHandler object at 0x7f8ab68a92b0>
2026-06-28 01:19:39 [DEBUG] numba.core.ssa:209 — on stmt: $302load_global.0 = global(np: <module 'numpy' from '/home/dj/.local/lib/python3.12/site-packages/numpy/__init__.py'>)
2026-06-28 01:19:39 [DEBUG] numba.core.ssa:209 — on stmt: $312load_attr.2 = getattr(value=$302load_global.0, attr=dot)
2026-06-28 01:19:39 [DEBUG] numba.core.ssa:209 — on stmt: $const334.4.4 = const(NoneType, None)
2026-06-28 01:19:39 [DEBUG] numba.core.ssa:209 — on stmt: $const336.5.4 = const(NoneType, None)
2026-06-28 01:19:39 [DEBUG] numba.core.ssa:209 — on stmt: $338build_slice.6 = global(slice: <class 'slice'>)
2026-06-28 01:19:39 [DEBUG] numba.core.ssa:209 — on stmt: $338build_slice.7 = call $338build_slice.6($const334.4.4, $const336.5.4, func=$338build_slice.6, args=(Var($const334.4.4, jit_functions.py:36), Var($const336.5.4, jit_functions.py:36)), kws=(), vararg=None, varkwarg=None, target=None)
2026-06-28 01:19:39 [DEBUG] numba.core.ssa:209 — on stmt: $342build_tuple.9 = build_tuple(items=[Var($338build_slice.7, jit_functions.py:36), Var(stage, jit_functions.py:12)])
2026-06-28 01:19:39 [DEBUG] numba.core.ssa:209 — on stmt: $344binary_subscr.10 = getitem(value=basis_slice, index=$342build_tuple.9, fn=<built-in function getitem>)
2026-06-28 01:19:39 [DEBUG] numba.core.ssa:209 — on stmt: $const350.12.4 = const(NoneType, None)
2026-06-28 01:19:39 [DEBUG] numba.core.ssa:209 — on stmt: $const352.13.4 = const(NoneType, None)
2026-06-28 01:19:39 [DEBUG] numba.core.ssa:209 — on stmt: $354build_slice.14 = global(slice: <class 'slice'>)
2026-06-28 01:19:39 [DEBUG] numba.core.ssa:209 — on stmt: $354build_slice.15 = call $354build_slice.14($const350.12.4, $const352.13.4, func=$354build_slice.14, args=(Var($const350.12.4, jit_functions.py:36), Var($const352.13.4, jit_functions.py:36)), kws=(), vararg=None, varkwarg=None, target=None)
2026-06-28 01:19:39 [DEBUG] numba.core.ssa:209 — on stmt: $358build_tuple.17 = build_tuple(items=[Var($354build_slice.15, jit_functions.py:36), Var(stage, jit_functions.py:12)])
2026-06-28 01:19:39 [DEBUG] numba.core.ssa:209 — on stmt: $360binary_subscr.18 = getitem(value=basis_slice, index=$358build_tuple.17, fn=<built-in function getitem>)
2026-06-28 01:19:39 [DEBUG] numba.core.ssa:209 — on stmt: $364call.19 = call $312load_attr.2($344binary_subscr.10, $360binary_subscr.18, func=$312load_attr.2, args=[Var($344binary_subscr.10, jit_functions.py:36), Var($360binary_subscr.18, jit_functions.py:36)], kws=(), vararg=None, varkwarg=None, target=None)
2026-06-28 01:19:39 [DEBUG] numba.core.ssa:209 — on stmt: $phi372.0.1 = $364call.19
2026-06-28 01:19:39 [DEBUG] numba.core.ssa:209 — on stmt: jump 372
2026-06-28 01:19:39 [DEBUG] numba.core.ssa:186 — ==== SSA block rewrite pass on 372
2026-06-28 01:19:39 [DEBUG] numba.core.ssa:207 — Running <numba.core.ssa._FreshVarHandler object at 0x7f8ab68a92b0>
2026-06-28 01:19:39 [DEBUG] numba.core.ssa:209 — on stmt: $phi372.0.2 = phi(incoming_values=[Var($phi372.0, jit_functions.py:35), Var($phi372.0.1, jit_functions.py:35)], incoming_blocks=[292, 302])
2026-06-28 01:19:39 [DEBUG] numba.core.ssa:209 — on stmt: gs[stage] = $phi372.0.2
2026-06-28 01:19:39 [DEBUG] numba.core.ssa:209 — on stmt: s.1 = const(float, 0.0)
2026-06-28 01:19:39 [DEBUG] numba.core.ssa:301 — first assign: s.1
2026-06-28 01:19:39 [DEBUG] numba.core.ssa:215 — replaced with: s.1 = const(float, 0.0)
2026-06-28 01:19:39 [DEBUG] numba.core.ssa:209 — on stmt: $384load_global.4 = global(range: <class 'range'>)
2026-06-28 01:19:39 [DEBUG] numba.core.ssa:209 — on stmt: $396call.7 = call $384load_global.4(n, func=$384load_global.4, args=[Var(n, jit_functions.py:18)], kws=(), vararg=None, varkwarg=None, target=None)
2026-06-28 01:19:39 [DEBUG] numba.core.ssa:209 — on stmt: $404get_iter.8 = getiter(value=$396call.7)
2026-06-28 01:19:39 [DEBUG] numba.core.ssa:209 — on stmt: $phi406.0 = $404get_iter.8
2026-06-28 01:19:39 [DEBUG] numba.core.ssa:209 — on stmt: jump 406
2026-06-28 01:19:39 [DEBUG] numba.core.ssa:186 — ==== SSA block rewrite pass on 406
2026-06-28 01:19:39 [DEBUG] numba.core.ssa:207 — Running <numba.core.ssa._FreshVarHandler object at 0x7f8ab68a92b0>
2026-06-28 01:19:39 [DEBUG] numba.core.ssa:209 — on stmt: $406for_iter.1 = iternext(value=$phi406.0)
2026-06-28 01:19:39 [DEBUG] numba.core.ssa:209 — on stmt: $406for_iter.2 = pair_first(value=$406for_iter.1)
2026-06-28 01:19:39 [DEBUG] numba.core.ssa:209 — on stmt: $406for_iter.3 = pair_second(value=$406for_iter.1)
2026-06-28 01:19:39 [DEBUG] numba.core.ssa:209 — on stmt: $phi410.1 = $406for_iter.2
2026-06-28 01:19:39 [DEBUG] numba.core.ssa:209 — on stmt: branch $406for_iter.3, 410, 450
2026-06-28 01:19:39 [DEBUG] numba.core.ssa:186 — ==== SSA block rewrite pass on 410
2026-06-28 01:19:39 [DEBUG] numba.core.ssa:207 — Running <numba.core.ssa._FreshVarHandler object at 0x7f8ab68a92b0>
2026-06-28 01:19:39 [DEBUG] numba.core.ssa:209 — on stmt: r.2 = $phi410.1
2026-06-28 01:19:39 [DEBUG] numba.core.ssa:209 — on stmt: $420build_tuple.6 = build_tuple(items=[Var(r.2, jit_functions.py:40), Var(stage, jit_functions.py:12)])
2026-06-28 01:19:39 [DEBUG] numba.core.ssa:209 — on stmt: $422binary_subscr.7 = getitem(value=basis_slice, index=$420build_tuple.6, fn=<built-in function getitem>)
2026-06-28 01:19:39 [DEBUG] numba.core.ssa:209 — on stmt: $432build_tuple.11 = build_tuple(items=[Var(r.2, jit_functions.py:40), Var(stage, jit_functions.py:12)])
2026-06-28 01:19:39 [DEBUG] numba.core.ssa:209 — on stmt: $434binary_subscr.12 = getitem(value=basis_slice, index=$432build_tuple.11, fn=<built-in function getitem>)
2026-06-28 01:19:39 [DEBUG] numba.core.ssa:209 — on stmt: $binop_mul438.13 = $422binary_subscr.7 * $434binary_subscr.12
2026-06-28 01:19:39 [DEBUG] numba.core.ssa:209 — on stmt: $binop_iadd442.14 = inplace_binop(fn=<built-in function iadd>, immutable_fn=<built-in function add>, lhs=s.1, rhs=$binop_mul438.13, static_lhs=Undefined, static_rhs=Undefined)
2026-06-28 01:19:39 [DEBUG] numba.core.ssa:209 — on stmt: s.1 = $binop_iadd442.14
2026-06-28 01:19:39 [DEBUG] numba.core.ssa:215 — replaced with: s.1.1 = $binop_iadd442.14
2026-06-28 01:19:39 [DEBUG] numba.core.ssa:209 — on stmt: jump 406
2026-06-28 01:19:39 [DEBUG] numba.core.ssa:186 — ==== SSA block rewrite pass on 450
2026-06-28 01:19:39 [DEBUG] numba.core.ssa:207 — Running <numba.core.ssa._FreshVarHandler object at 0x7f8ab68a92b0>
2026-06-28 01:19:39 [DEBUG] numba.core.ssa:209 — on stmt: gs[stage] = s.1
2026-06-28 01:19:39 [DEBUG] numba.core.ssa:209 — on stmt: $462load_global.5 = global(range: <class 'range'>)
2026-06-28 01:19:39 [DEBUG] numba.core.ssa:209 — on stmt: $474call.8 = call $462load_global.5(stage, func=$462load_global.5, args=[Var(stage, jit_functions.py:12)], kws=(), vararg=None, varkwarg=None, target=None)
2026-06-28 01:19:39 [DEBUG] numba.core.ssa:209 — on stmt: $482get_iter.9 = getiter(value=$474call.8)
2026-06-28 01:19:39 [DEBUG] numba.core.ssa:209 — on stmt: $phi484.0 = $482get_iter.9
2026-06-28 01:19:39 [DEBUG] numba.core.ssa:209 — on stmt: jump 484
2026-06-28 01:19:39 [DEBUG] numba.core.ssa:186 — ==== SSA block rewrite pass on 484
2026-06-28 01:19:39 [DEBUG] numba.core.ssa:207 — Running <numba.core.ssa._FreshVarHandler object at 0x7f8ab68a92b0>
2026-06-28 01:19:39 [DEBUG] numba.core.ssa:209 — on stmt: $484for_iter.1 = iternext(value=$phi484.0)
2026-06-28 01:19:39 [DEBUG] numba.core.ssa:209 — on stmt: $484for_iter.2 = pair_first(value=$484for_iter.1)
2026-06-28 01:19:39 [DEBUG] numba.core.ssa:209 — on stmt: $484for_iter.3 = pair_second(value=$484for_iter.1)
2026-06-28 01:19:39 [DEBUG] numba.core.ssa:209 — on stmt: $phi488.1 = $484for_iter.2
2026-06-28 01:19:39 [DEBUG] numba.core.ssa:209 — on stmt: branch $484for_iter.3, 488, 678
2026-06-28 01:19:39 [DEBUG] numba.core.ssa:186 — ==== SSA block rewrite pass on 488
2026-06-28 01:19:39 [DEBUG] numba.core.ssa:207 — Running <numba.core.ssa._FreshVarHandler object at 0x7f8ab68a92b0>
2026-06-28 01:19:39 [DEBUG] numba.core.ssa:209 — on stmt: j.1 = $phi488.1
2026-06-28 01:19:39 [DEBUG] numba.core.ssa:209 — on stmt: ct = const(float, 0.0)
2026-06-28 01:19:39 [DEBUG] numba.core.ssa:209 — on stmt: $494load_global.3 = global(range: <class 'range'>)
2026-06-28 01:19:39 [DEBUG] numba.core.ssa:209 — on stmt: $506call.6 = call $494load_global.3(j.1, func=$494load_global.3, args=[Var(j.1, jit_functions.py:44)], kws=(), vararg=None, varkwarg=None, target=None)
2026-06-28 01:19:39 [DEBUG] numba.core.ssa:209 — on stmt: $514get_iter.7 = getiter(value=$506call.6)
2026-06-28 01:19:39 [DEBUG] numba.core.ssa:209 — on stmt: $phi516.1 = $514get_iter.7
2026-06-28 01:19:39 [DEBUG] numba.core.ssa:209 — on stmt: jump 516
2026-06-28 01:19:39 [DEBUG] numba.core.ssa:186 — ==== SSA block rewrite pass on 516
2026-06-28 01:19:39 [DEBUG] numba.core.ssa:207 — Running <numba.core.ssa._FreshVarHandler object at 0x7f8ab68a92b0>
2026-06-28 01:19:39 [DEBUG] numba.core.ssa:209 — on stmt: $516for_iter.2 = iternext(value=$phi516.1)
2026-06-28 01:19:39 [DEBUG] numba.core.ssa:209 — on stmt: $516for_iter.3 = pair_first(value=$516for_iter.2)
2026-06-28 01:19:39 [DEBUG] numba.core.ssa:209 — on stmt: $516for_iter.4 = pair_second(value=$516for_iter.2)
2026-06-28 01:19:39 [DEBUG] numba.core.ssa:209 — on stmt: $phi520.2 = $516for_iter.3
2026-06-28 01:19:39 [DEBUG] numba.core.ssa:209 — on stmt: branch $516for_iter.4, 520, 572
2026-06-28 01:19:39 [DEBUG] numba.core.ssa:186 — ==== SSA block rewrite pass on 520
2026-06-28 01:19:39 [DEBUG] numba.core.ssa:207 — Running <numba.core.ssa._FreshVarHandler object at 0x7f8ab68a92b0>
2026-06-28 01:19:39 [DEBUG] numba.core.ssa:209 — on stmt: i = $phi520.2
2026-06-28 01:19:39 [DEBUG] numba.core.ssa:209 — on stmt: $530build_tuple.7 = build_tuple(items=[Var(i, jit_functions.py:47), Var(j.1, jit_functions.py:44)])
2026-06-28 01:19:39 [DEBUG] numba.core.ssa:209 — on stmt: $532binary_subscr.8 = getitem(value=gsc, index=$530build_tuple.7, fn=<built-in function getitem>)
2026-06-28 01:19:39 [DEBUG] numba.core.ssa:209 — on stmt: $542build_tuple.12 = build_tuple(items=[Var(i, jit_functions.py:47), Var(stage, jit_functions.py:12)])
2026-06-28 01:19:39 [DEBUG] numba.core.ssa:209 — on stmt: $544binary_subscr.13 = getitem(value=gsc, index=$542build_tuple.12, fn=<built-in function getitem>)
2026-06-28 01:19:39 [DEBUG] numba.core.ssa:209 — on stmt: $binop_mul548.14 = $532binary_subscr.8 * $544binary_subscr.13
2026-06-28 01:19:39 [DEBUG] numba.core.ssa:209 — on stmt: $556binary_subscr.17 = getitem(value=gs, index=i, fn=<built-in function getitem>)
2026-06-28 01:19:39 [DEBUG] numba.core.ssa:209 — on stmt: $binop_mul560.18 = $binop_mul548.14 * $556binary_subscr.17
2026-06-28 01:19:39 [DEBUG] numba.core.ssa:209 — on stmt: $binop_iadd564.19 = inplace_binop(fn=<built-in function iadd>, immutable_fn=<built-in function add>, lhs=ct, rhs=$binop_mul560.18, static_lhs=Undefined, static_rhs=Undefined)
2026-06-28 01:19:39 [DEBUG] numba.core.ssa:209 — on stmt: ct = $binop_iadd564.19
2026-06-28 01:19:39 [DEBUG] numba.core.ssa:209 — on stmt: jump 516
2026-06-28 01:19:39 [DEBUG] numba.core.ssa:186 — ==== SSA block rewrite pass on 572
2026-06-28 01:19:39 [DEBUG] numba.core.ssa:207 — Running <numba.core.ssa._FreshVarHandler object at 0x7f8ab68a92b0>
2026-06-28 01:19:39 [DEBUG] numba.core.ssa:209 — on stmt: $578binary_subscr.5 = getitem(value=dots, index=j.1, fn=<built-in function getitem>)
2026-06-28 01:19:39 [DEBUG] numba.core.ssa:209 — on stmt: $binop_sub584.7 = $578binary_subscr.5 - ct
2026-06-28 01:19:39 [DEBUG] numba.core.ssa:209 — on stmt: $592binary_subscr.10 = getitem(value=gs, index=j.1, fn=<built-in function getitem>)
2026-06-28 01:19:39 [DEBUG] numba.core.ssa:209 — on stmt: $binop_truediv596.11 = $binop_sub584.7 / $592binary_subscr.10
2026-06-28 01:19:39 [DEBUG] numba.core.ssa:209 — on stmt: $606build_tuple.15 = build_tuple(items=[Var(j.1, jit_functions.py:44), Var(stage, jit_functions.py:12)])
2026-06-28 01:19:39 [DEBUG] numba.core.ssa:209 — on stmt: gsc[$606build_tuple.15] = $binop_truediv596.11
2026-06-28 01:19:39 [DEBUG] numba.core.ssa:209 — on stmt: $620binary_subscr.18 = getitem(value=gs, index=stage, fn=<built-in function getitem>)
2026-06-28 01:19:39 [DEBUG] numba.core.ssa:209 — on stmt: $630build_tuple.22 = build_tuple(items=[Var(j.1, jit_functions.py:44), Var(stage, jit_functions.py:12)])
2026-06-28 01:19:39 [DEBUG] numba.core.ssa:209 — on stmt: $632binary_subscr.23 = getitem(value=gsc, index=$630build_tuple.22, fn=<built-in function getitem>)
2026-06-28 01:19:39 [DEBUG] numba.core.ssa:209 — on stmt: $642build_tuple.27 = build_tuple(items=[Var(j.1, jit_functions.py:44), Var(stage, jit_functions.py:12)])
2026-06-28 01:19:39 [DEBUG] numba.core.ssa:209 — on stmt: $644binary_subscr.28 = getitem(value=gsc, index=$642build_tuple.27, fn=<built-in function getitem>)
2026-06-28 01:19:39 [DEBUG] numba.core.ssa:209 — on stmt: $binop_mul648.29 = $632binary_subscr.23 * $644binary_subscr.28
2026-06-28 01:19:39 [DEBUG] numba.core.ssa:209 — on stmt: $656binary_subscr.32 = getitem(value=gs, index=j.1, fn=<built-in function getitem>)
2026-06-28 01:19:39 [DEBUG] numba.core.ssa:209 — on stmt: $binop_mul660.33 = $binop_mul648.29 * $656binary_subscr.32
2026-06-28 01:19:39 [DEBUG] numba.core.ssa:209 — on stmt: $binop_isub664.34 = inplace_binop(fn=<built-in function isub>, immutable_fn=<built-in function sub>, lhs=$620binary_subscr.18, rhs=$binop_mul660.33, static_lhs=Undefined, static_rhs=Undefined)
2026-06-28 01:19:39 [DEBUG] numba.core.ssa:209 — on stmt: gs[stage] = $binop_isub664.34
2026-06-28 01:19:39 [DEBUG] numba.core.ssa:209 — on stmt: jump 484
2026-06-28 01:19:39 [DEBUG] numba.core.ssa:186 — ==== SSA block rewrite pass on 678
2026-06-28 01:19:39 [DEBUG] numba.core.ssa:207 — Running <numba.core.ssa._FreshVarHandler object at 0x7f8ab68a92b0>
2026-06-28 01:19:39 [DEBUG] numba.core.ssa:209 — on stmt: $const680.2.5 = const(float, 1.0)
2026-06-28 01:19:39 [DEBUG] numba.core.ssa:209 — on stmt: $688build_tuple.6 = build_tuple(items=[Var(stage, jit_functions.py:12), Var(stage, jit_functions.py:12)])
2026-06-28 01:19:39 [DEBUG] numba.core.ssa:209 — on stmt: gsc[$688build_tuple.6] = $const680.2.5
2026-06-28 01:19:39 [DEBUG] numba.core.ssa:209 — on stmt: $const694.7 = const(NoneType, None)
2026-06-28 01:19:39 [DEBUG] numba.core.ssa:209 — on stmt: $694return_const.8 = cast(value=$const694.7)
2026-06-28 01:19:39 [DEBUG] numba.core.ssa:209 — on stmt: return $694return_const.8
2026-06-28 01:19:39 [DEBUG] numba.core.ssa:69 — Replaced assignments: defaultdict(<class 'list'>,
            {372: [<numba.core.ir.Assign object at 0x7f8aac397770>],
             410: [<numba.core.ir.Assign object at 0x7f8aac395580>]})
2026-06-28 01:19:39 [DEBUG] numba.core.ssa:186 — ==== SSA block rewrite pass on 0
2026-06-28 01:19:39 [DEBUG] numba.core.ssa:207 — Running <numba.core.ssa._FixSSAVars object at 0x7f8ab68a92b0>
2026-06-28 01:19:39 [DEBUG] numba.core.ssa:209 — on stmt: basis_slice = arg(0, name=basis_slice)
2026-06-28 01:19:39 [DEBUG] numba.core.ssa:209 — on stmt: gsc = arg(1, name=gsc)
2026-06-28 01:19:39 [DEBUG] numba.core.ssa:209 — on stmt: gs = arg(2, name=gs)
2026-06-28 01:19:39 [DEBUG] numba.core.ssa:209 — on stmt: stage = arg(3, name=stage)
2026-06-28 01:19:39 [DEBUG] numba.core.ssa:209 — on stmt: $6load_attr.1 = getattr(value=basis_slice, attr=shape)
2026-06-28 01:19:39 [DEBUG] numba.core.ssa:209 — on stmt: $const26.2.1 = const(int, 0)
2026-06-28 01:19:39 [DEBUG] numba.core.ssa:209 — on stmt: n = static_getitem(value=$6load_attr.1, index=0, index_var=$const26.2.1, fn=<built-in function getitem>)
2026-06-28 01:19:39 [DEBUG] numba.core.ssa:209 — on stmt: $const36.5.2 = const(int, 1)
2026-06-28 01:19:39 [DEBUG] numba.core.ssa:209 — on stmt: $38compare_op.6 = stage == $const36.5.2
2026-06-28 01:19:39 [DEBUG] numba.core.ssa:209 — on stmt: $bool42 = global(bool: <class 'bool'>)
2026-06-28 01:19:39 [DEBUG] numba.core.ssa:209 — on stmt: $42pred = call $bool42($38compare_op.6, func=$bool42, args=(Var($38compare_op.6, jit_functions.py:20),), kws=(), vararg=None, varkwarg=None, target=None)
2026-06-28 01:19:39 [DEBUG] numba.core.ssa:209 — on stmt: branch $42pred, 44, 126
2026-06-28 01:19:39 [DEBUG] numba.core.ssa:186 — ==== SSA block rewrite pass on 44
2026-06-28 01:19:39 [DEBUG] numba.core.ssa:207 — Running <numba.core.ssa._FixSSAVars object at 0x7f8ab68a92b0>
2026-06-28 01:19:39 [DEBUG] numba.core.ssa:209 — on stmt: s = const(float, 0.0)
2026-06-28 01:19:39 [DEBUG] numba.core.ssa:209 — on stmt: $48load_global.1 = global(range: <class 'range'>)
2026-06-28 01:19:39 [DEBUG] numba.core.ssa:209 — on stmt: $60call.4 = call $48load_global.1(n, func=$48load_global.1, args=[Var(n, jit_functions.py:18)], kws=(), vararg=None, varkwarg=None, target=None)
2026-06-28 01:19:39 [DEBUG] numba.core.ssa:209 — on stmt: $68get_iter.5 = getiter(value=$60call.4)
2026-06-28 01:19:39 [DEBUG] numba.core.ssa:209 — on stmt: $phi70.0 = $68get_iter.5
2026-06-28 01:19:39 [DEBUG] numba.core.ssa:209 — on stmt: jump 70
2026-06-28 01:19:39 [DEBUG] numba.core.ssa:186 — ==== SSA block rewrite pass on 70
2026-06-28 01:19:39 [DEBUG] numba.core.ssa:207 — Running <numba.core.ssa._FixSSAVars object at 0x7f8ab68a92b0>
2026-06-28 01:19:39 [DEBUG] numba.core.ssa:209 — on stmt: s.5 = phi(incoming_values=[Var(s.2, jit_functions.py:23), Var(s, jit_functions.py:21)], incoming_blocks=[74, 44])
2026-06-28 01:19:39 [DEBUG] numba.core.ssa:209 — on stmt: $70for_iter.1 = iternext(value=$phi70.0)
2026-06-28 01:19:39 [DEBUG] numba.core.ssa:209 — on stmt: $70for_iter.2 = pair_first(value=$70for_iter.1)
2026-06-28 01:19:39 [DEBUG] numba.core.ssa:209 — on stmt: $70for_iter.3 = pair_second(value=$70for_iter.1)
2026-06-28 01:19:39 [DEBUG] numba.core.ssa:209 — on stmt: $phi74.1 = $70for_iter.2
2026-06-28 01:19:39 [DEBUG] numba.core.ssa:209 — on stmt: branch $70for_iter.3, 74, 114
2026-06-28 01:19:39 [DEBUG] numba.core.ssa:186 — ==== SSA block rewrite pass on 74
2026-06-28 01:19:39 [DEBUG] numba.core.ssa:207 — Running <numba.core.ssa._FixSSAVars object at 0x7f8ab68a92b0>
2026-06-28 01:19:39 [DEBUG] numba.core.ssa:209 — on stmt: r = $phi74.1
2026-06-28 01:19:39 [DEBUG] numba.core.ssa:209 — on stmt: $const82.5.1 = const(int, 0)
2026-06-28 01:19:39 [DEBUG] numba.core.ssa:209 — on stmt: $84build_tuple.6 = build_tuple(items=[Var(r, jit_functions.py:22), Var($const82.5.1, jit_functions.py:23)])
2026-06-28 01:19:39 [DEBUG] numba.core.ssa:209 — on stmt: $86binary_subscr.7 = getitem(value=basis_slice, index=$84build_tuple.6, fn=<built-in function getitem>)
2026-06-28 01:19:39 [DEBUG] numba.core.ssa:209 — on stmt: $const94.10.1 = const(int, 0)
2026-06-28 01:19:39 [DEBUG] numba.core.ssa:209 — on stmt: $96build_tuple.11 = build_tuple(items=[Var(r, jit_functions.py:22), Var($const94.10.1, jit_functions.py:23)])
2026-06-28 01:19:39 [DEBUG] numba.core.ssa:209 — on stmt: $98binary_subscr.12 = getitem(value=basis_slice, index=$96build_tuple.11, fn=<built-in function getitem>)
2026-06-28 01:19:39 [DEBUG] numba.core.ssa:209 — on stmt: $binop_mul102.13 = $86binary_subscr.7 * $98binary_subscr.12
2026-06-28 01:19:39 [DEBUG] numba.core.ssa:209 — on stmt: $binop_iadd106.14 = inplace_binop(fn=<built-in function iadd>, immutable_fn=<built-in function add>, lhs=s.5, rhs=$binop_mul102.13, static_lhs=Undefined, static_rhs=Undefined)
2026-06-28 01:19:39 [DEBUG] numba.core.ssa:209 — on stmt: s.2 = $binop_iadd106.14
2026-06-28 01:19:39 [DEBUG] numba.core.ssa:209 — on stmt: jump 70
2026-06-28 01:19:39 [DEBUG] numba.core.ssa:186 — ==== SSA block rewrite pass on 114
2026-06-28 01:19:39 [DEBUG] numba.core.ssa:207 — Running <numba.core.ssa._FixSSAVars object at 0x7f8ab68a92b0>
2026-06-28 01:19:39 [DEBUG] numba.core.ssa:209 — on stmt: $const120.4.1 = const(int, 0)
2026-06-28 01:19:39 [DEBUG] numba.core.ssa:209 — on stmt: gs[0] = s.5
2026-06-28 01:19:39 [DEBUG] numba.core.ssa:209 — on stmt: jump 126
2026-06-28 01:19:39 [DEBUG] numba.core.ssa:186 — ==== SSA block rewrite pass on 126
2026-06-28 01:19:39 [DEBUG] numba.core.ssa:207 — Running <numba.core.ssa._FixSSAVars object at 0x7f8ab68a92b0>
2026-06-28 01:19:39 [DEBUG] numba.core.ssa:209 — on stmt: $126load_global.0 = global(np: <module 'numpy' from '/home/dj/.local/lib/python3.12/site-packages/numpy/__init__.py'>)
2026-06-28 01:19:39 [DEBUG] numba.core.ssa:209 — on stmt: $136load_attr.2 = getattr(value=$126load_global.0, attr=zeros)
2026-06-28 01:19:39 [DEBUG] numba.core.ssa:209 — on stmt: dots = call $136load_attr.2(stage, func=$136load_attr.2, args=[Var(stage, jit_functions.py:12)], kws=(), vararg=None, varkwarg=None, target=None)
2026-06-28 01:19:39 [DEBUG] numba.core.ssa:209 — on stmt: $168load_global.5 = global(range: <class 'range'>)
2026-06-28 01:19:39 [DEBUG] numba.core.ssa:209 — on stmt: $180call.8 = call $168load_global.5(stage, func=$168load_global.5, args=[Var(stage, jit_functions.py:12)], kws=(), vararg=None, varkwarg=None, target=None)
2026-06-28 01:19:39 [DEBUG] numba.core.ssa:209 — on stmt: $188get_iter.9 = getiter(value=$180call.8)
2026-06-28 01:19:39 [DEBUG] numba.core.ssa:209 — on stmt: $phi190.0 = $188get_iter.9
2026-06-28 01:19:39 [DEBUG] numba.core.ssa:209 — on stmt: jump 190
2026-06-28 01:19:39 [DEBUG] numba.core.ssa:186 — ==== SSA block rewrite pass on 190
2026-06-28 01:19:39 [DEBUG] numba.core.ssa:207 — Running <numba.core.ssa._FixSSAVars object at 0x7f8ab68a92b0>
2026-06-28 01:19:39 [DEBUG] numba.core.ssa:209 — on stmt: $190for_iter.1 = iternext(value=$phi190.0)
2026-06-28 01:19:39 [DEBUG] numba.core.ssa:209 — on stmt: $190for_iter.2 = pair_first(value=$190for_iter.1)
2026-06-28 01:19:39 [DEBUG] numba.core.ssa:209 — on stmt: $190for_iter.3 = pair_second(value=$190for_iter.1)
2026-06-28 01:19:39 [DEBUG] numba.core.ssa:209 — on stmt: $phi194.1 = $190for_iter.2
2026-06-28 01:19:39 [DEBUG] numba.core.ssa:209 — on stmt: branch $190for_iter.3, 194, 280
2026-06-28 01:19:39 [DEBUG] numba.core.ssa:186 — ==== SSA block rewrite pass on 194
2026-06-28 01:19:39 [DEBUG] numba.core.ssa:207 — Running <numba.core.ssa._FixSSAVars object at 0x7f8ab68a92b0>
2026-06-28 01:19:39 [DEBUG] numba.core.ssa:209 — on stmt: j = $phi194.1
2026-06-28 01:19:39 [DEBUG] numba.core.ssa:209 — on stmt: s.3 = const(float, 0.0)
2026-06-28 01:19:39 [DEBUG] numba.core.ssa:209 — on stmt: $200load_global.3 = global(range: <class 'range'>)
2026-06-28 01:19:39 [DEBUG] numba.core.ssa:209 — on stmt: $212call.6 = call $200load_global.3(n, func=$200load_global.3, args=[Var(n, jit_functions.py:18)], kws=(), vararg=None, varkwarg=None, target=None)
2026-06-28 01:19:39 [DEBUG] numba.core.ssa:209 — on stmt: $220get_iter.7 = getiter(value=$212call.6)
2026-06-28 01:19:39 [DEBUG] numba.core.ssa:209 — on stmt: $phi222.1 = $220get_iter.7
2026-06-28 01:19:39 [DEBUG] numba.core.ssa:209 — on stmt: jump 222
2026-06-28 01:19:39 [DEBUG] numba.core.ssa:186 — ==== SSA block rewrite pass on 222
2026-06-28 01:19:39 [DEBUG] numba.core.ssa:207 — Running <numba.core.ssa._FixSSAVars object at 0x7f8ab68a92b0>
2026-06-28 01:19:39 [DEBUG] numba.core.ssa:209 — on stmt: s.6 = phi(incoming_values=[Var(s.3, jit_functions.py:29), Var(s.4, jit_functions.py:31)], incoming_blocks=[194, 226])
2026-06-28 01:19:39 [DEBUG] numba.core.ssa:209 — on stmt: $222for_iter.2 = iternext(value=$phi222.1)
2026-06-28 01:19:39 [DEBUG] numba.core.ssa:209 — on stmt: $222for_iter.3 = pair_first(value=$222for_iter.2)
2026-06-28 01:19:39 [DEBUG] numba.core.ssa:209 — on stmt: $222for_iter.4 = pair_second(value=$222for_iter.2)
2026-06-28 01:19:39 [DEBUG] numba.core.ssa:209 — on stmt: $phi226.2 = $222for_iter.3
2026-06-28 01:19:39 [DEBUG] numba.core.ssa:209 — on stmt: branch $222for_iter.4, 226, 266
2026-06-28 01:19:39 [DEBUG] numba.core.ssa:186 — ==== SSA block rewrite pass on 226
2026-06-28 01:19:39 [DEBUG] numba.core.ssa:207 — Running <numba.core.ssa._FixSSAVars object at 0x7f8ab68a92b0>
2026-06-28 01:19:39 [DEBUG] numba.core.ssa:209 — on stmt: r.1 = $phi226.2
2026-06-28 01:19:39 [DEBUG] numba.core.ssa:209 — on stmt: $236build_tuple.7 = build_tuple(items=[Var(r.1, jit_functions.py:30), Var(stage, jit_functions.py:12)])
2026-06-28 01:19:39 [DEBUG] numba.core.ssa:209 — on stmt: $238binary_subscr.8 = getitem(value=basis_slice, index=$236build_tuple.7, fn=<built-in function getitem>)
2026-06-28 01:19:39 [DEBUG] numba.core.ssa:209 — on stmt: $248build_tuple.12 = build_tuple(items=[Var(r.1, jit_functions.py:30), Var(j, jit_functions.py:28)])
2026-06-28 01:19:39 [DEBUG] numba.core.ssa:209 — on stmt: $250binary_subscr.13 = getitem(value=basis_slice, index=$248build_tuple.12, fn=<built-in function getitem>)
2026-06-28 01:19:39 [DEBUG] numba.core.ssa:209 — on stmt: $binop_mul254.14 = $238binary_subscr.8 * $250binary_subscr.13
2026-06-28 01:19:39 [DEBUG] numba.core.ssa:209 — on stmt: $binop_iadd258.15 = inplace_binop(fn=<built-in function iadd>, immutable_fn=<built-in function add>, lhs=s.6, rhs=$binop_mul254.14, static_lhs=Undefined, static_rhs=Undefined)
2026-06-28 01:19:39 [DEBUG] numba.core.ssa:209 — on stmt: s.4 = $binop_iadd258.15
2026-06-28 01:19:39 [DEBUG] numba.core.ssa:209 — on stmt: jump 222
2026-06-28 01:19:39 [DEBUG] numba.core.ssa:186 — ==== SSA block rewrite pass on 266
2026-06-28 01:19:39 [DEBUG] numba.core.ssa:207 — Running <numba.core.ssa._FixSSAVars object at 0x7f8ab68a92b0>
2026-06-28 01:19:39 [DEBUG] numba.core.ssa:209 — on stmt: dots[j] = s.6
2026-06-28 01:19:39 [DEBUG] numba.core.ssa:209 — on stmt: jump 190
2026-06-28 01:19:39 [DEBUG] numba.core.ssa:186 — ==== SSA block rewrite pass on 280
2026-06-28 01:19:39 [DEBUG] numba.core.ssa:207 — Running <numba.core.ssa._FixSSAVars object at 0x7f8ab68a92b0>
2026-06-28 01:19:39 [DEBUG] numba.core.ssa:209 — on stmt: $const284.3.1 = const(int, 0)
2026-06-28 01:19:39 [DEBUG] numba.core.ssa:209 — on stmt: $286compare_op.4 = stage == $const284.3.1
2026-06-28 01:19:39 [DEBUG] numba.core.ssa:209 — on stmt: $bool290 = global(bool: <class 'bool'>)
2026-06-28 01:19:39 [DEBUG] numba.core.ssa:209 — on stmt: $290pred = call $bool290($286compare_op.4, func=$bool290, args=(Var($286compare_op.4, jit_functions.py:35),), kws=(), vararg=None, varkwarg=None, target=None)
2026-06-28 01:19:39 [DEBUG] numba.core.ssa:209 — on stmt: branch $290pred, 292, 302
2026-06-28 01:19:39 [DEBUG] numba.core.ssa:186 — ==== SSA block rewrite pass on 292
2026-06-28 01:19:39 [DEBUG] numba.core.ssa:207 — Running <numba.core.ssa._FixSSAVars object at 0x7f8ab68a92b0>
2026-06-28 01:19:39 [DEBUG] numba.core.ssa:209 — on stmt: $const294.1.1 = const(int, 0)
2026-06-28 01:19:39 [DEBUG] numba.core.ssa:209 — on stmt: $296binary_subscr.2 = static_getitem(value=dots, index=0, index_var=$const294.1.1, fn=<built-in function getitem>)
2026-06-28 01:19:39 [DEBUG] numba.core.ssa:209 — on stmt: $phi372.0 = $296binary_subscr.2
2026-06-28 01:19:39 [DEBUG] numba.core.ssa:209 — on stmt: jump 372
2026-06-28 01:19:39 [DEBUG] numba.core.ssa:186 — ==== SSA block rewrite pass on 302
2026-06-28 01:19:39 [DEBUG] numba.core.ssa:207 — Running <numba.core.ssa._FixSSAVars object at 0x7f8ab68a92b0>
2026-06-28 01:19:39 [DEBUG] numba.core.ssa:209 — on stmt: $302load_global.0 = global(np: <module 'numpy' from '/home/dj/.local/lib/python3.12/site-packages/numpy/__init__.py'>)
2026-06-28 01:19:39 [DEBUG] numba.core.ssa:209 — on stmt: $312load_attr.2 = getattr(value=$302load_global.0, attr=dot)
2026-06-28 01:19:39 [DEBUG] numba.core.ssa:209 — on stmt: $const334.4.4 = const(NoneType, None)
2026-06-28 01:19:39 [DEBUG] numba.core.ssa:209 — on stmt: $const336.5.4 = const(NoneType, None)
2026-06-28 01:19:39 [DEBUG] numba.core.ssa:209 — on stmt: $338build_slice.6 = global(slice: <class 'slice'>)
2026-06-28 01:19:39 [DEBUG] numba.core.ssa:209 — on stmt: $338build_slice.7 = call $338build_slice.6($const334.4.4, $const336.5.4, func=$338build_slice.6, args=(Var($const334.4.4, jit_functions.py:36), Var($const336.5.4, jit_functions.py:36)), kws=(), vararg=None, varkwarg=None, target=None)
2026-06-28 01:19:39 [DEBUG] numba.core.ssa:209 — on stmt: $342build_tuple.9 = build_tuple(items=[Var($338build_slice.7, jit_functions.py:36), Var(stage, jit_functions.py:12)])
2026-06-28 01:19:39 [DEBUG] numba.core.ssa:209 — on stmt: $344binary_subscr.10 = getitem(value=basis_slice, index=$342build_tuple.9, fn=<built-in function getitem>)
2026-06-28 01:19:39 [DEBUG] numba.core.ssa:209 — on stmt: $const350.12.4 = const(NoneType, None)
2026-06-28 01:19:39 [DEBUG] numba.core.ssa:209 — on stmt: $const352.13.4 = const(NoneType, None)
2026-06-28 01:19:39 [DEBUG] numba.core.ssa:209 — on stmt: $354build_slice.14 = global(slice: <class 'slice'>)
2026-06-28 01:19:39 [DEBUG] numba.core.ssa:209 — on stmt: $354build_slice.15 = call $354build_slice.14($const350.12.4, $const352.13.4, func=$354build_slice.14, args=(Var($const350.12.4, jit_functions.py:36), Var($const352.13.4, jit_functions.py:36)), kws=(), vararg=None, varkwarg=None, target=None)
2026-06-28 01:19:39 [DEBUG] numba.core.ssa:209 — on stmt: $358build_tuple.17 = build_tuple(items=[Var($354build_slice.15, jit_functions.py:36), Var(stage, jit_functions.py:12)])
2026-06-28 01:19:39 [DEBUG] numba.core.ssa:209 — on stmt: $360binary_subscr.18 = getitem(value=basis_slice, index=$358build_tuple.17, fn=<built-in function getitem>)
2026-06-28 01:19:39 [DEBUG] numba.core.ssa:209 — on stmt: $364call.19 = call $312load_attr.2($344binary_subscr.10, $360binary_subscr.18, func=$312load_attr.2, args=[Var($344binary_subscr.10, jit_functions.py:36), Var($360binary_subscr.18, jit_functions.py:36)], kws=(), vararg=None, varkwarg=None, target=None)
2026-06-28 01:19:39 [DEBUG] numba.core.ssa:209 — on stmt: $phi372.0.1 = $364call.19
2026-06-28 01:19:39 [DEBUG] numba.core.ssa:209 — on stmt: jump 372
2026-06-28 01:19:39 [DEBUG] numba.core.ssa:186 — ==== SSA block rewrite pass on 372
2026-06-28 01:19:39 [DEBUG] numba.core.ssa:207 — Running <numba.core.ssa._FixSSAVars object at 0x7f8ab68a92b0>
2026-06-28 01:19:39 [DEBUG] numba.core.ssa:209 — on stmt: $phi372.0.2 = phi(incoming_values=[Var($phi372.0, jit_functions.py:35), Var($phi372.0.1, jit_functions.py:35)], incoming_blocks=[292, 302])
2026-06-28 01:19:39 [DEBUG] numba.core.ssa:209 — on stmt: gs[stage] = $phi372.0.2
2026-06-28 01:19:39 [DEBUG] numba.core.ssa:209 — on stmt: s.1 = const(float, 0.0)
2026-06-28 01:19:39 [DEBUG] numba.core.ssa:209 — on stmt: $384load_global.4 = global(range: <class 'range'>)
2026-06-28 01:19:39 [DEBUG] numba.core.ssa:209 — on stmt: $396call.7 = call $384load_global.4(n, func=$384load_global.4, args=[Var(n, jit_functions.py:18)], kws=(), vararg=None, varkwarg=None, target=None)
2026-06-28 01:19:39 [DEBUG] numba.core.ssa:209 — on stmt: $404get_iter.8 = getiter(value=$396call.7)
2026-06-28 01:19:39 [DEBUG] numba.core.ssa:209 — on stmt: $phi406.0 = $404get_iter.8
2026-06-28 01:19:39 [DEBUG] numba.core.ssa:209 — on stmt: jump 406
2026-06-28 01:19:39 [DEBUG] numba.core.ssa:186 — ==== SSA block rewrite pass on 406
2026-06-28 01:19:39 [DEBUG] numba.core.ssa:207 — Running <numba.core.ssa._FixSSAVars object at 0x7f8ab68a92b0>
2026-06-28 01:19:39 [DEBUG] numba.core.ssa:209 — on stmt: $406for_iter.1 = iternext(value=$phi406.0)
2026-06-28 01:19:39 [DEBUG] numba.core.ssa:209 — on stmt: $406for_iter.2 = pair_first(value=$406for_iter.1)
2026-06-28 01:19:39 [DEBUG] numba.core.ssa:209 — on stmt: $406for_iter.3 = pair_second(value=$406for_iter.1)
2026-06-28 01:19:39 [DEBUG] numba.core.ssa:209 — on stmt: $phi410.1 = $406for_iter.2
2026-06-28 01:19:39 [DEBUG] numba.core.ssa:209 — on stmt: branch $406for_iter.3, 410, 450
2026-06-28 01:19:39 [DEBUG] numba.core.ssa:186 — ==== SSA block rewrite pass on 410
2026-06-28 01:19:39 [DEBUG] numba.core.ssa:207 — Running <numba.core.ssa._FixSSAVars object at 0x7f8ab68a92b0>
2026-06-28 01:19:39 [DEBUG] numba.core.ssa:209 — on stmt: r.2 = $phi410.1
2026-06-28 01:19:39 [DEBUG] numba.core.ssa:209 — on stmt: $420build_tuple.6 = build_tuple(items=[Var(r.2, jit_functions.py:40), Var(stage, jit_functions.py:12)])
2026-06-28 01:19:39 [DEBUG] numba.core.ssa:209 — on stmt: $422binary_subscr.7 = getitem(value=basis_slice, index=$420build_tuple.6, fn=<built-in function getitem>)
2026-06-28 01:19:39 [DEBUG] numba.core.ssa:209 — on stmt: $432build_tuple.11 = build_tuple(items=[Var(r.2, jit_functions.py:40), Var(stage, jit_functions.py:12)])
2026-06-28 01:19:39 [DEBUG] numba.core.ssa:209 — on stmt: $434binary_subscr.12 = getitem(value=basis_slice, index=$432build_tuple.11, fn=<built-in function getitem>)
2026-06-28 01:19:39 [DEBUG] numba.core.ssa:209 — on stmt: $binop_mul438.13 = $422binary_subscr.7 * $434binary_subscr.12
2026-06-28 01:19:39 [DEBUG] numba.core.ssa:209 — on stmt: $binop_iadd442.14 = inplace_binop(fn=<built-in function iadd>, immutable_fn=<built-in function add>, lhs=s.1, rhs=$binop_mul438.13, static_lhs=Undefined, static_rhs=Undefined)
2026-06-28 01:19:39 [DEBUG] numba.core.ssa:385 — find_def var='s.1' stmt=$binop_iadd442.14 = inplace_binop(fn=<built-in function iadd>, immutable_fn=<built-in function add>, lhs=s.1, rhs=$binop_mul438.13, static_lhs=Undefined, static_rhs=Undefined)
2026-06-28 01:19:39 [DEBUG] numba.core.ssa:416 — find_def_from_top label 410
2026-06-28 01:19:39 [DEBUG] numba.core.ssa:453 — idom 406 from label 410
2026-06-28 01:19:39 [DEBUG] numba.core.ssa:459 — find_def_from_bottom label 406
2026-06-28 01:19:39 [DEBUG] numba.core.ssa:416 — find_def_from_top label 406
2026-06-28 01:19:39 [DEBUG] numba.core.ssa:433 — insert phi node s.1.2 = phi(incoming_values=[], incoming_blocks=[]) at 406
2026-06-28 01:19:39 [DEBUG] numba.core.ssa:459 — find_def_from_bottom label 410
2026-06-28 01:19:39 [DEBUG] numba.core.ssa:441 — incoming_def s.1.1 = $binop_iadd442.14
2026-06-28 01:19:39 [DEBUG] numba.core.ssa:459 — find_def_from_bottom label 372
2026-06-28 01:19:39 [DEBUG] numba.core.ssa:441 — incoming_def s.1 = const(float, 0.0)
2026-06-28 01:19:39 [DEBUG] numba.core.ssa:215 — replaced with: $binop_iadd442.14 = inplace_binop(fn=<built-in function iadd>, immutable_fn=<built-in function add>, lhs=s.1.2, rhs=$binop_mul438.13, static_lhs=Undefined, static_rhs=Undefined)
2026-06-28 01:19:39 [DEBUG] numba.core.ssa:209 — on stmt: s.1.1 = $binop_iadd442.14
2026-06-28 01:19:39 [DEBUG] numba.core.ssa:209 — on stmt: jump 406
2026-06-28 01:19:39 [DEBUG] numba.core.ssa:186 — ==== SSA block rewrite pass on 450
2026-06-28 01:19:39 [DEBUG] numba.core.ssa:207 — Running <numba.core.ssa._FixSSAVars object at 0x7f8ab68a92b0>
2026-06-28 01:19:39 [DEBUG] numba.core.ssa:209 — on stmt: gs[stage] = s.1
2026-06-28 01:19:39 [DEBUG] numba.core.ssa:385 — find_def var='s.1' stmt=gs[stage] = s.1
2026-06-28 01:19:39 [DEBUG] numba.core.ssa:416 — find_def_from_top label 450
2026-06-28 01:19:39 [DEBUG] numba.core.ssa:453 — idom 406 from label 450
2026-06-28 01:19:39 [DEBUG] numba.core.ssa:459 — find_def_from_bottom label 406
2026-06-28 01:19:39 [DEBUG] numba.core.ssa:215 — replaced with: gs[stage] = s.1.2
2026-06-28 01:19:39 [DEBUG] numba.core.ssa:209 — on stmt: $462load_global.5 = global(range: <class 'range'>)
2026-06-28 01:19:39 [DEBUG] numba.core.ssa:209 — on stmt: $474call.8 = call $462load_global.5(stage, func=$462load_global.5, args=[Var(stage, jit_functions.py:12)], kws=(), vararg=None, varkwarg=None, target=None)
2026-06-28 01:19:39 [DEBUG] numba.core.ssa:209 — on stmt: $482get_iter.9 = getiter(value=$474call.8)
2026-06-28 01:19:39 [DEBUG] numba.core.ssa:209 — on stmt: $phi484.0 = $482get_iter.9
2026-06-28 01:19:39 [DEBUG] numba.core.ssa:209 — on stmt: jump 484
2026-06-28 01:19:39 [DEBUG] numba.core.ssa:186 — ==== SSA block rewrite pass on 484
2026-06-28 01:19:39 [DEBUG] numba.core.ssa:207 — Running <numba.core.ssa._FixSSAVars object at 0x7f8ab68a92b0>
2026-06-28 01:19:39 [DEBUG] numba.core.ssa:209 — on stmt: $484for_iter.1 = iternext(value=$phi484.0)
2026-06-28 01:19:39 [DEBUG] numba.core.ssa:209 — on stmt: $484for_iter.2 = pair_first(value=$484for_iter.1)
2026-06-28 01:19:39 [DEBUG] numba.core.ssa:209 — on stmt: $484for_iter.3 = pair_second(value=$484for_iter.1)
2026-06-28 01:19:39 [DEBUG] numba.core.ssa:209 — on stmt: $phi488.1 = $484for_iter.2
2026-06-28 01:19:39 [DEBUG] numba.core.ssa:209 — on stmt: branch $484for_iter.3, 488, 678
2026-06-28 01:19:39 [DEBUG] numba.core.ssa:186 — ==== SSA block rewrite pass on 488
2026-06-28 01:19:39 [DEBUG] numba.core.ssa:207 — Running <numba.core.ssa._FixSSAVars object at 0x7f8ab68a92b0>
2026-06-28 01:19:39 [DEBUG] numba.core.ssa:209 — on stmt: j.1 = $phi488.1
2026-06-28 01:19:39 [DEBUG] numba.core.ssa:209 — on stmt: ct = const(float, 0.0)
2026-06-28 01:19:39 [DEBUG] numba.core.ssa:209 — on stmt: $494load_global.3 = global(range: <class 'range'>)
2026-06-28 01:19:39 [DEBUG] numba.core.ssa:209 — on stmt: $506call.6 = call $494load_global.3(j.1, func=$494load_global.3, args=[Var(j.1, jit_functions.py:44)], kws=(), vararg=None, varkwarg=None, target=None)
2026-06-28 01:19:39 [DEBUG] numba.core.ssa:209 — on stmt: $514get_iter.7 = getiter(value=$506call.6)
2026-06-28 01:19:39 [DEBUG] numba.core.ssa:209 — on stmt: $phi516.1 = $514get_iter.7
2026-06-28 01:19:39 [DEBUG] numba.core.ssa:209 — on stmt: jump 516
2026-06-28 01:19:39 [DEBUG] numba.core.ssa:186 — ==== SSA block rewrite pass on 516
2026-06-28 01:19:39 [DEBUG] numba.core.ssa:207 — Running <numba.core.ssa._FixSSAVars object at 0x7f8ab68a92b0>
2026-06-28 01:19:39 [DEBUG] numba.core.ssa:209 — on stmt: $516for_iter.2 = iternext(value=$phi516.1)
2026-06-28 01:19:39 [DEBUG] numba.core.ssa:209 — on stmt: $516for_iter.3 = pair_first(value=$516for_iter.2)
2026-06-28 01:19:39 [DEBUG] numba.core.ssa:209 — on stmt: $516for_iter.4 = pair_second(value=$516for_iter.2)
2026-06-28 01:19:39 [DEBUG] numba.core.ssa:209 — on stmt: $phi520.2 = $516for_iter.3
2026-06-28 01:19:39 [DEBUG] numba.core.ssa:209 — on stmt: branch $516for_iter.4, 520, 572
2026-06-28 01:19:39 [DEBUG] numba.core.ssa:186 — ==== SSA block rewrite pass on 520
2026-06-28 01:19:39 [DEBUG] numba.core.ssa:207 — Running <numba.core.ssa._FixSSAVars object at 0x7f8ab68a92b0>
2026-06-28 01:19:39 [DEBUG] numba.core.ssa:209 — on stmt: i = $phi520.2
2026-06-28 01:19:39 [DEBUG] numba.core.ssa:209 — on stmt: $530build_tuple.7 = build_tuple(items=[Var(i, jit_functions.py:47), Var(j.1, jit_functions.py:44)])
2026-06-28 01:19:39 [DEBUG] numba.core.ssa:209 — on stmt: $532binary_subscr.8 = getitem(value=gsc, index=$530build_tuple.7, fn=<built-in function getitem>)
2026-06-28 01:19:39 [DEBUG] numba.core.ssa:209 — on stmt: $542build_tuple.12 = build_tuple(items=[Var(i, jit_functions.py:47), Var(stage, jit_functions.py:12)])
2026-06-28 01:19:39 [DEBUG] numba.core.ssa:209 — on stmt: $544binary_subscr.13 = getitem(value=gsc, index=$542build_tuple.12, fn=<built-in function getitem>)
2026-06-28 01:19:39 [DEBUG] numba.core.ssa:209 — on stmt: $binop_mul548.14 = $532binary_subscr.8 * $544binary_subscr.13
2026-06-28 01:19:39 [DEBUG] numba.core.ssa:209 — on stmt: $556binary_subscr.17 = getitem(value=gs, index=i, fn=<built-in function getitem>)
2026-06-28 01:19:39 [DEBUG] numba.core.ssa:209 — on stmt: $binop_mul560.18 = $binop_mul548.14 * $556binary_subscr.17
2026-06-28 01:19:39 [DEBUG] numba.core.ssa:209 — on stmt: $binop_iadd564.19 = inplace_binop(fn=<built-in function iadd>, immutable_fn=<built-in function add>, lhs=ct, rhs=$binop_mul560.18, static_lhs=Undefined, static_rhs=Undefined)
2026-06-28 01:19:39 [DEBUG] numba.core.ssa:209 — on stmt: ct = $binop_iadd564.19
2026-06-28 01:19:39 [DEBUG] numba.core.ssa:209 — on stmt: jump 516
2026-06-28 01:19:39 [DEBUG] numba.core.ssa:186 — ==== SSA block rewrite pass on 572
2026-06-28 01:19:39 [DEBUG] numba.core.ssa:207 — Running <numba.core.ssa._FixSSAVars object at 0x7f8ab68a92b0>
2026-06-28 01:19:39 [DEBUG] numba.core.ssa:209 — on stmt: $578binary_subscr.5 = getitem(value=dots, index=j.1, fn=<built-in function getitem>)
2026-06-28 01:19:39 [DEBUG] numba.core.ssa:209 — on stmt: $binop_sub584.7 = $578binary_subscr.5 - ct
2026-06-28 01:19:39 [DEBUG] numba.core.ssa:209 — on stmt: $592binary_subscr.10 = getitem(value=gs, index=j.1, fn=<built-in function getitem>)
2026-06-28 01:19:39 [DEBUG] numba.core.ssa:209 — on stmt: $binop_truediv596.11 = $binop_sub584.7 / $592binary_subscr.10
2026-06-28 01:19:39 [DEBUG] numba.core.ssa:209 — on stmt: $606build_tuple.15 = build_tuple(items=[Var(j.1, jit_functions.py:44), Var(stage, jit_functions.py:12)])
2026-06-28 01:19:39 [DEBUG] numba.core.ssa:209 — on stmt: gsc[$606build_tuple.15] = $binop_truediv596.11
2026-06-28 01:19:39 [DEBUG] numba.core.ssa:209 — on stmt: $620binary_subscr.18 = getitem(value=gs, index=stage, fn=<built-in function getitem>)
2026-06-28 01:19:39 [DEBUG] numba.core.ssa:209 — on stmt: $630build_tuple.22 = build_tuple(items=[Var(j.1, jit_functions.py:44), Var(stage, jit_functions.py:12)])
2026-06-28 01:19:39 [DEBUG] numba.core.ssa:209 — on stmt: $632binary_subscr.23 = getitem(value=gsc, index=$630build_tuple.22, fn=<built-in function getitem>)
2026-06-28 01:19:39 [DEBUG] numba.core.ssa:209 — on stmt: $642build_tuple.27 = build_tuple(items=[Var(j.1, jit_functions.py:44), Var(stage, jit_functions.py:12)])
2026-06-28 01:19:39 [DEBUG] numba.core.ssa:209 — on stmt: $644binary_subscr.28 = getitem(value=gsc, index=$642build_tuple.27, fn=<built-in function getitem>)
2026-06-28 01:19:39 [DEBUG] numba.core.ssa:209 — on stmt: $binop_mul648.29 = $632binary_subscr.23 * $644binary_subscr.28
2026-06-28 01:19:39 [DEBUG] numba.core.ssa:209 — on stmt: $656binary_subscr.32 = getitem(value=gs, index=j.1, fn=<built-in function getitem>)
2026-06-28 01:19:39 [DEBUG] numba.core.ssa:209 — on stmt: $binop_mul660.33 = $binop_mul648.29 * $656binary_subscr.32
2026-06-28 01:19:39 [DEBUG] numba.core.ssa:209 — on stmt: $binop_isub664.34 = inplace_binop(fn=<built-in function isub>, immutable_fn=<built-in function sub>, lhs=$620binary_subscr.18, rhs=$binop_mul660.33, static_lhs=Undefined, static_rhs=Undefined)
2026-06-28 01:19:39 [DEBUG] numba.core.ssa:209 — on stmt: gs[stage] = $binop_isub664.34
2026-06-28 01:19:39 [DEBUG] numba.core.ssa:209 — on stmt: jump 484
2026-06-28 01:19:39 [DEBUG] numba.core.ssa:186 — ==== SSA block rewrite pass on 678
2026-06-28 01:19:39 [DEBUG] numba.core.ssa:207 — Running <numba.core.ssa._FixSSAVars object at 0x7f8ab68a92b0>
2026-06-28 01:19:39 [DEBUG] numba.core.ssa:209 — on stmt: $const680.2.5 = const(float, 1.0)
2026-06-28 01:19:39 [DEBUG] numba.core.ssa:209 — on stmt: $688build_tuple.6 = build_tuple(items=[Var(stage, jit_functions.py:12), Var(stage, jit_functions.py:12)])
2026-06-28 01:19:39 [DEBUG] numba.core.ssa:209 — on stmt: gsc[$688build_tuple.6] = $const680.2.5
2026-06-28 01:19:39 [DEBUG] numba.core.ssa:209 — on stmt: $const694.7 = const(NoneType, None)
2026-06-28 01:19:39 [DEBUG] numba.core.ssa:209 — on stmt: $694return_const.8 = cast(value=$const694.7)
2026-06-28 01:19:39 [DEBUG] numba.core.ssa:209 — on stmt: return $694return_const.8
2026-06-28 01:19:39 [DEBUG] numba.core.ssa:63 — Fix SSA violator on var ct
2026-06-28 01:19:39 [DEBUG] numba.core.ssa:186 — ==== SSA block rewrite pass on 0
2026-06-28 01:19:39 [DEBUG] numba.core.ssa:207 — Running <numba.core.ssa._FreshVarHandler object at 0x7f8aac397bf0>
2026-06-28 01:19:39 [DEBUG] numba.core.ssa:209 — on stmt: basis_slice = arg(0, name=basis_slice)
2026-06-28 01:19:39 [DEBUG] numba.core.ssa:209 — on stmt: gsc = arg(1, name=gsc)
2026-06-28 01:19:39 [DEBUG] numba.core.ssa:209 — on stmt: gs = arg(2, name=gs)
2026-06-28 01:19:39 [DEBUG] numba.core.ssa:209 — on stmt: stage = arg(3, name=stage)
2026-06-28 01:19:39 [DEBUG] numba.core.ssa:209 — on stmt: $6load_attr.1 = getattr(value=basis_slice, attr=shape)
2026-06-28 01:19:39 [DEBUG] numba.core.ssa:209 — on stmt: $const26.2.1 = const(int, 0)
2026-06-28 01:19:39 [DEBUG] numba.core.ssa:209 — on stmt: n = static_getitem(value=$6load_attr.1, index=0, index_var=$const26.2.1, fn=<built-in function getitem>)
2026-06-28 01:19:39 [DEBUG] numba.core.ssa:209 — on stmt: $const36.5.2 = const(int, 1)
2026-06-28 01:19:39 [DEBUG] numba.core.ssa:209 — on stmt: $38compare_op.6 = stage == $const36.5.2
2026-06-28 01:19:39 [DEBUG] numba.core.ssa:209 — on stmt: $bool42 = global(bool: <class 'bool'>)
2026-06-28 01:19:39 [DEBUG] numba.core.ssa:209 — on stmt: $42pred = call $bool42($38compare_op.6, func=$bool42, args=(Var($38compare_op.6, jit_functions.py:20),), kws=(), vararg=None, varkwarg=None, target=None)
2026-06-28 01:19:39 [DEBUG] numba.core.ssa:209 — on stmt: branch $42pred, 44, 126
2026-06-28 01:19:39 [DEBUG] numba.core.ssa:186 — ==== SSA block rewrite pass on 44
2026-06-28 01:19:39 [DEBUG] numba.core.ssa:207 — Running <numba.core.ssa._FreshVarHandler object at 0x7f8aac397bf0>
2026-06-28 01:19:39 [DEBUG] numba.core.ssa:209 — on stmt: s = const(float, 0.0)
2026-06-28 01:19:39 [DEBUG] numba.core.ssa:209 — on stmt: $48load_global.1 = global(range: <class 'range'>)
2026-06-28 01:19:39 [DEBUG] numba.core.ssa:209 — on stmt: $60call.4 = call $48load_global.1(n, func=$48load_global.1, args=[Var(n, jit_functions.py:18)], kws=(), vararg=None, varkwarg=None, target=None)
2026-06-28 01:19:39 [DEBUG] numba.core.ssa:209 — on stmt: $68get_iter.5 = getiter(value=$60call.4)
2026-06-28 01:19:39 [DEBUG] numba.core.ssa:209 — on stmt: $phi70.0 = $68get_iter.5
2026-06-28 01:19:39 [DEBUG] numba.core.ssa:209 — on stmt: jump 70
2026-06-28 01:19:39 [DEBUG] numba.core.ssa:186 — ==== SSA block rewrite pass on 70
2026-06-28 01:19:39 [DEBUG] numba.core.ssa:207 — Running <numba.core.ssa._FreshVarHandler object at 0x7f8aac397bf0>
2026-06-28 01:19:39 [DEBUG] numba.core.ssa:209 — on stmt: s.5 = phi(incoming_values=[Var(s.2, jit_functions.py:23), Var(s, jit_functions.py:21)], incoming_blocks=[74, 44])
2026-06-28 01:19:39 [DEBUG] numba.core.ssa:209 — on stmt: $70for_iter.1 = iternext(value=$phi70.0)
2026-06-28 01:19:39 [DEBUG] numba.core.ssa:209 — on stmt: $70for_iter.2 = pair_first(value=$70for_iter.1)
2026-06-28 01:19:39 [DEBUG] numba.core.ssa:209 — on stmt: $70for_iter.3 = pair_second(value=$70for_iter.1)
2026-06-28 01:19:39 [DEBUG] numba.core.ssa:209 — on stmt: $phi74.1 = $70for_iter.2
2026-06-28 01:19:39 [DEBUG] numba.core.ssa:209 — on stmt: branch $70for_iter.3, 74, 114
2026-06-28 01:19:39 [DEBUG] numba.core.ssa:186 — ==== SSA block rewrite pass on 74
2026-06-28 01:19:39 [DEBUG] numba.core.ssa:207 — Running <numba.core.ssa._FreshVarHandler object at 0x7f8aac397bf0>
2026-06-28 01:19:39 [DEBUG] numba.core.ssa:209 — on stmt: r = $phi74.1
2026-06-28 01:19:39 [DEBUG] numba.core.ssa:209 — on stmt: $const82.5.1 = const(int, 0)
2026-06-28 01:19:39 [DEBUG] numba.core.ssa:209 — on stmt: $84build_tuple.6 = build_tuple(items=[Var(r, jit_functions.py:22), Var($const82.5.1, jit_functions.py:23)])
2026-06-28 01:19:39 [DEBUG] numba.core.ssa:209 — on stmt: $86binary_subscr.7 = getitem(value=basis_slice, index=$84build_tuple.6, fn=<built-in function getitem>)
2026-06-28 01:19:39 [DEBUG] numba.core.ssa:209 — on stmt: $const94.10.1 = const(int, 0)
2026-06-28 01:19:39 [DEBUG] numba.core.ssa:209 — on stmt: $96build_tuple.11 = build_tuple(items=[Var(r, jit_functions.py:22), Var($const94.10.1, jit_functions.py:23)])
2026-06-28 01:19:39 [DEBUG] numba.core.ssa:209 — on stmt: $98binary_subscr.12 = getitem(value=basis_slice, index=$96build_tuple.11, fn=<built-in function getitem>)
2026-06-28 01:19:39 [DEBUG] numba.core.ssa:209 — on stmt: $binop_mul102.13 = $86binary_subscr.7 * $98binary_subscr.12
2026-06-28 01:19:39 [DEBUG] numba.core.ssa:209 — on stmt: $binop_iadd106.14 = inplace_binop(fn=<built-in function iadd>, immutable_fn=<built-in function add>, lhs=s.5, rhs=$binop_mul102.13, static_lhs=Undefined, static_rhs=Undefined)
2026-06-28 01:19:39 [DEBUG] numba.core.ssa:209 — on stmt: s.2 = $binop_iadd106.14
2026-06-28 01:19:39 [DEBUG] numba.core.ssa:209 — on stmt: jump 70
2026-06-28 01:19:39 [DEBUG] numba.core.ssa:186 — ==== SSA block rewrite pass on 114
2026-06-28 01:19:39 [DEBUG] numba.core.ssa:207 — Running <numba.core.ssa._FreshVarHandler object at 0x7f8aac397bf0>
2026-06-28 01:19:39 [DEBUG] numba.core.ssa:209 — on stmt: $const120.4.1 = const(int, 0)
2026-06-28 01:19:39 [DEBUG] numba.core.ssa:209 — on stmt: gs[0] = s.5
2026-06-28 01:19:39 [DEBUG] numba.core.ssa:209 — on stmt: jump 126
2026-06-28 01:19:39 [DEBUG] numba.core.ssa:186 — ==== SSA block rewrite pass on 126
2026-06-28 01:19:39 [DEBUG] numba.core.ssa:207 — Running <numba.core.ssa._FreshVarHandler object at 0x7f8aac397bf0>
2026-06-28 01:19:39 [DEBUG] numba.core.ssa:209 — on stmt: $126load_global.0 = global(np: <module 'numpy' from '/home/dj/.local/lib/python3.12/site-packages/numpy/__init__.py'>)
2026-06-28 01:19:39 [DEBUG] numba.core.ssa:209 — on stmt: $136load_attr.2 = getattr(value=$126load_global.0, attr=zeros)
2026-06-28 01:19:39 [DEBUG] numba.core.ssa:209 — on stmt: dots = call $136load_attr.2(stage, func=$136load_attr.2, args=[Var(stage, jit_functions.py:12)], kws=(), vararg=None, varkwarg=None, target=None)
2026-06-28 01:19:39 [DEBUG] numba.core.ssa:209 — on stmt: $168load_global.5 = global(range: <class 'range'>)
2026-06-28 01:19:39 [DEBUG] numba.core.ssa:209 — on stmt: $180call.8 = call $168load_global.5(stage, func=$168load_global.5, args=[Var(stage, jit_functions.py:12)], kws=(), vararg=None, varkwarg=None, target=None)
2026-06-28 01:19:39 [DEBUG] numba.core.ssa:209 — on stmt: $188get_iter.9 = getiter(value=$180call.8)
2026-06-28 01:19:39 [DEBUG] numba.core.ssa:209 — on stmt: $phi190.0 = $188get_iter.9
2026-06-28 01:19:39 [DEBUG] numba.core.ssa:209 — on stmt: jump 190
2026-06-28 01:19:39 [DEBUG] numba.core.ssa:186 — ==== SSA block rewrite pass on 190
2026-06-28 01:19:39 [DEBUG] numba.core.ssa:207 — Running <numba.core.ssa._FreshVarHandler object at 0x7f8aac397bf0>
2026-06-28 01:19:39 [DEBUG] numba.core.ssa:209 — on stmt: $190for_iter.1 = iternext(value=$phi190.0)
2026-06-28 01:19:39 [DEBUG] numba.core.ssa:209 — on stmt: $190for_iter.2 = pair_first(value=$190for_iter.1)
2026-06-28 01:19:39 [DEBUG] numba.core.ssa:209 — on stmt: $190for_iter.3 = pair_second(value=$190for_iter.1)
2026-06-28 01:19:39 [DEBUG] numba.core.ssa:209 — on stmt: $phi194.1 = $190for_iter.2
2026-06-28 01:19:39 [DEBUG] numba.core.ssa:209 — on stmt: branch $190for_iter.3, 194, 280
2026-06-28 01:19:39 [DEBUG] numba.core.ssa:186 — ==== SSA block rewrite pass on 194
2026-06-28 01:19:39 [DEBUG] numba.core.ssa:207 — Running <numba.core.ssa._FreshVarHandler object at 0x7f8aac397bf0>
2026-06-28 01:19:39 [DEBUG] numba.core.ssa:209 — on stmt: j = $phi194.1
2026-06-28 01:19:39 [DEBUG] numba.core.ssa:209 — on stmt: s.3 = const(float, 0.0)
2026-06-28 01:19:39 [DEBUG] numba.core.ssa:209 — on stmt: $200load_global.3 = global(range: <class 'range'>)
2026-06-28 01:19:39 [DEBUG] numba.core.ssa:209 — on stmt: $212call.6 = call $200load_global.3(n, func=$200load_global.3, args=[Var(n, jit_functions.py:18)], kws=(), vararg=None, varkwarg=None, target=None)
2026-06-28 01:19:39 [DEBUG] numba.core.ssa:209 — on stmt: $220get_iter.7 = getiter(value=$212call.6)
2026-06-28 01:19:39 [DEBUG] numba.core.ssa:209 — on stmt: $phi222.1 = $220get_iter.7
2026-06-28 01:19:39 [DEBUG] numba.core.ssa:209 — on stmt: jump 222
2026-06-28 01:19:39 [DEBUG] numba.core.ssa:186 — ==== SSA block rewrite pass on 222
2026-06-28 01:19:39 [DEBUG] numba.core.ssa:207 — Running <numba.core.ssa._FreshVarHandler object at 0x7f8aac397bf0>
2026-06-28 01:19:39 [DEBUG] numba.core.ssa:209 — on stmt: s.6 = phi(incoming_values=[Var(s.3, jit_functions.py:29), Var(s.4, jit_functions.py:31)], incoming_blocks=[194, 226])
2026-06-28 01:19:39 [DEBUG] numba.core.ssa:209 — on stmt: $222for_iter.2 = iternext(value=$phi222.1)
2026-06-28 01:19:39 [DEBUG] numba.core.ssa:209 — on stmt: $222for_iter.3 = pair_first(value=$222for_iter.2)
2026-06-28 01:19:39 [DEBUG] numba.core.ssa:209 — on stmt: $222for_iter.4 = pair_second(value=$222for_iter.2)
2026-06-28 01:19:39 [DEBUG] numba.core.ssa:209 — on stmt: $phi226.2 = $222for_iter.3
2026-06-28 01:19:39 [DEBUG] numba.core.ssa:209 — on stmt: branch $222for_iter.4, 226, 266
2026-06-28 01:19:39 [DEBUG] numba.core.ssa:186 — ==== SSA block rewrite pass on 226
2026-06-28 01:19:39 [DEBUG] numba.core.ssa:207 — Running <numba.core.ssa._FreshVarHandler object at 0x7f8aac397bf0>
2026-06-28 01:19:39 [DEBUG] numba.core.ssa:209 — on stmt: r.1 = $phi226.2
2026-06-28 01:19:39 [DEBUG] numba.core.ssa:209 — on stmt: $236build_tuple.7 = build_tuple(items=[Var(r.1, jit_functions.py:30), Var(stage, jit_functions.py:12)])
2026-06-28 01:19:39 [DEBUG] numba.core.ssa:209 — on stmt: $238binary_subscr.8 = getitem(value=basis_slice, index=$236build_tuple.7, fn=<built-in function getitem>)
2026-06-28 01:19:39 [DEBUG] numba.core.ssa:209 — on stmt: $248build_tuple.12 = build_tuple(items=[Var(r.1, jit_functions.py:30), Var(j, jit_functions.py:28)])
2026-06-28 01:19:39 [DEBUG] numba.core.ssa:209 — on stmt: $250binary_subscr.13 = getitem(value=basis_slice, index=$248build_tuple.12, fn=<built-in function getitem>)
2026-06-28 01:19:39 [DEBUG] numba.core.ssa:209 — on stmt: $binop_mul254.14 = $238binary_subscr.8 * $250binary_subscr.13
2026-06-28 01:19:39 [DEBUG] numba.core.ssa:209 — on stmt: $binop_iadd258.15 = inplace_binop(fn=<built-in function iadd>, immutable_fn=<built-in function add>, lhs=s.6, rhs=$binop_mul254.14, static_lhs=Undefined, static_rhs=Undefined)
2026-06-28 01:19:39 [DEBUG] numba.core.ssa:209 — on stmt: s.4 = $binop_iadd258.15
2026-06-28 01:19:39 [DEBUG] numba.core.ssa:209 — on stmt: jump 222
2026-06-28 01:19:39 [DEBUG] numba.core.ssa:186 — ==== SSA block rewrite pass on 266
2026-06-28 01:19:39 [DEBUG] numba.core.ssa:207 — Running <numba.core.ssa._FreshVarHandler object at 0x7f8aac397bf0>
2026-06-28 01:19:39 [DEBUG] numba.core.ssa:209 — on stmt: dots[j] = s.6
2026-06-28 01:19:39 [DEBUG] numba.core.ssa:209 — on stmt: jump 190
2026-06-28 01:19:39 [DEBUG] numba.core.ssa:186 — ==== SSA block rewrite pass on 280
2026-06-28 01:19:39 [DEBUG] numba.core.ssa:207 — Running <numba.core.ssa._FreshVarHandler object at 0x7f8aac397bf0>
2026-06-28 01:19:39 [DEBUG] numba.core.ssa:209 — on stmt: $const284.3.1 = const(int, 0)
2026-06-28 01:19:39 [DEBUG] numba.core.ssa:209 — on stmt: $286compare_op.4 = stage == $const284.3.1
2026-06-28 01:19:39 [DEBUG] numba.core.ssa:209 — on stmt: $bool290 = global(bool: <class 'bool'>)
2026-06-28 01:19:39 [DEBUG] numba.core.ssa:209 — on stmt: $290pred = call $bool290($286compare_op.4, func=$bool290, args=(Var($286compare_op.4, jit_functions.py:35),), kws=(), vararg=None, varkwarg=None, target=None)
2026-06-28 01:19:39 [DEBUG] numba.core.ssa:209 — on stmt: branch $290pred, 292, 302
2026-06-28 01:19:39 [DEBUG] numba.core.ssa:186 — ==== SSA block rewrite pass on 292
2026-06-28 01:19:39 [DEBUG] numba.core.ssa:207 — Running <numba.core.ssa._FreshVarHandler object at 0x7f8aac397bf0>
2026-06-28 01:19:39 [DEBUG] numba.core.ssa:209 — on stmt: $const294.1.1 = const(int, 0)
2026-06-28 01:19:39 [DEBUG] numba.core.ssa:209 — on stmt: $296binary_subscr.2 = static_getitem(value=dots, index=0, index_var=$const294.1.1, fn=<built-in function getitem>)
2026-06-28 01:19:39 [DEBUG] numba.core.ssa:209 — on stmt: $phi372.0 = $296binary_subscr.2
2026-06-28 01:19:39 [DEBUG] numba.core.ssa:209 — on stmt: jump 372
2026-06-28 01:19:39 [DEBUG] numba.core.ssa:186 — ==== SSA block rewrite pass on 302
2026-06-28 01:19:39 [DEBUG] numba.core.ssa:207 — Running <numba.core.ssa._FreshVarHandler object at 0x7f8aac397bf0>
2026-06-28 01:19:39 [DEBUG] numba.core.ssa:209 — on stmt: $302load_global.0 = global(np: <module 'numpy' from '/home/dj/.local/lib/python3.12/site-packages/numpy/__init__.py'>)
2026-06-28 01:19:39 [DEBUG] numba.core.ssa:209 — on stmt: $312load_attr.2 = getattr(value=$302load_global.0, attr=dot)
2026-06-28 01:19:39 [DEBUG] numba.core.ssa:209 — on stmt: $const334.4.4 = const(NoneType, None)
2026-06-28 01:19:39 [DEBUG] numba.core.ssa:209 — on stmt: $const336.5.4 = const(NoneType, None)
2026-06-28 01:19:39 [DEBUG] numba.core.ssa:209 — on stmt: $338build_slice.6 = global(slice: <class 'slice'>)
2026-06-28 01:19:39 [DEBUG] numba.core.ssa:209 — on stmt: $338build_slice.7 = call $338build_slice.6($const334.4.4, $const336.5.4, func=$338build_slice.6, args=(Var($const334.4.4, jit_functions.py:36), Var($const336.5.4, jit_functions.py:36)), kws=(), vararg=None, varkwarg=None, target=None)
2026-06-28 01:19:39 [DEBUG] numba.core.ssa:209 — on stmt: $342build_tuple.9 = build_tuple(items=[Var($338build_slice.7, jit_functions.py:36), Var(stage, jit_functions.py:12)])
2026-06-28 01:19:39 [DEBUG] numba.core.ssa:209 — on stmt: $344binary_subscr.10 = getitem(value=basis_slice, index=$342build_tuple.9, fn=<built-in function getitem>)
2026-06-28 01:19:39 [DEBUG] numba.core.ssa:209 — on stmt: $const350.12.4 = const(NoneType, None)
2026-06-28 01:19:39 [DEBUG] numba.core.ssa:209 — on stmt: $const352.13.4 = const(NoneType, None)
2026-06-28 01:19:39 [DEBUG] numba.core.ssa:209 — on stmt: $354build_slice.14 = global(slice: <class 'slice'>)
2026-06-28 01:19:39 [DEBUG] numba.core.ssa:209 — on stmt: $354build_slice.15 = call $354build_slice.14($const350.12.4, $const352.13.4, func=$354build_slice.14, args=(Var($const350.12.4, jit_functions.py:36), Var($const352.13.4, jit_functions.py:36)), kws=(), vararg=None, varkwarg=None, target=None)
2026-06-28 01:19:39 [DEBUG] numba.core.ssa:209 — on stmt: $358build_tuple.17 = build_tuple(items=[Var($354build_slice.15, jit_functions.py:36), Var(stage, jit_functions.py:12)])
2026-06-28 01:19:39 [DEBUG] numba.core.ssa:209 — on stmt: $360binary_subscr.18 = getitem(value=basis_slice, index=$358build_tuple.17, fn=<built-in function getitem>)
2026-06-28 01:19:39 [DEBUG] numba.core.ssa:209 — on stmt: $364call.19 = call $312load_attr.2($344binary_subscr.10, $360binary_subscr.18, func=$312load_attr.2, args=[Var($344binary_subscr.10, jit_functions.py:36), Var($360binary_subscr.18, jit_functions.py:36)], kws=(), vararg=None, varkwarg=None, target=None)
2026-06-28 01:19:39 [DEBUG] numba.core.ssa:209 — on stmt: $phi372.0.1 = $364call.19
2026-06-28 01:19:39 [DEBUG] numba.core.ssa:209 — on stmt: jump 372
2026-06-28 01:19:39 [DEBUG] numba.core.ssa:186 — ==== SSA block rewrite pass on 372
2026-06-28 01:19:39 [DEBUG] numba.core.ssa:207 — Running <numba.core.ssa._FreshVarHandler object at 0x7f8aac397bf0>
2026-06-28 01:19:39 [DEBUG] numba.core.ssa:209 — on stmt: $phi372.0.2 = phi(incoming_values=[Var($phi372.0, jit_functions.py:35), Var($phi372.0.1, jit_functions.py:35)], incoming_blocks=[292, 302])
2026-06-28 01:19:39 [DEBUG] numba.core.ssa:209 — on stmt: gs[stage] = $phi372.0.2
2026-06-28 01:19:39 [DEBUG] numba.core.ssa:209 — on stmt: s.1 = const(float, 0.0)
2026-06-28 01:19:39 [DEBUG] numba.core.ssa:209 — on stmt: $384load_global.4 = global(range: <class 'range'>)
2026-06-28 01:19:39 [DEBUG] numba.core.ssa:209 — on stmt: $396call.7 = call $384load_global.4(n, func=$384load_global.4, args=[Var(n, jit_functions.py:18)], kws=(), vararg=None, varkwarg=None, target=None)
2026-06-28 01:19:39 [DEBUG] numba.core.ssa:209 — on stmt: $404get_iter.8 = getiter(value=$396call.7)
2026-06-28 01:19:39 [DEBUG] numba.core.ssa:209 — on stmt: $phi406.0 = $404get_iter.8
2026-06-28 01:19:39 [DEBUG] numba.core.ssa:209 — on stmt: jump 406
2026-06-28 01:19:39 [DEBUG] numba.core.ssa:186 — ==== SSA block rewrite pass on 406
2026-06-28 01:19:39 [DEBUG] numba.core.ssa:207 — Running <numba.core.ssa._FreshVarHandler object at 0x7f8aac397bf0>
2026-06-28 01:19:39 [DEBUG] numba.core.ssa:209 — on stmt: s.1.2 = phi(incoming_values=[Var(s.1.1, jit_functions.py:41), Var(s.1, jit_functions.py:39)], incoming_blocks=[410, 372])
2026-06-28 01:19:39 [DEBUG] numba.core.ssa:209 — on stmt: $406for_iter.1 = iternext(value=$phi406.0)
2026-06-28 01:19:39 [DEBUG] numba.core.ssa:209 — on stmt: $406for_iter.2 = pair_first(value=$406for_iter.1)
2026-06-28 01:19:39 [DEBUG] numba.core.ssa:209 — on stmt: $406for_iter.3 = pair_second(value=$406for_iter.1)
2026-06-28 01:19:39 [DEBUG] numba.core.ssa:209 — on stmt: $phi410.1 = $406for_iter.2
2026-06-28 01:19:39 [DEBUG] numba.core.ssa:209 — on stmt: branch $406for_iter.3, 410, 450
2026-06-28 01:19:39 [DEBUG] numba.core.ssa:186 — ==== SSA block rewrite pass on 410
2026-06-28 01:19:39 [DEBUG] numba.core.ssa:207 — Running <numba.core.ssa._FreshVarHandler object at 0x7f8aac397bf0>
2026-06-28 01:19:39 [DEBUG] numba.core.ssa:209 — on stmt: r.2 = $phi410.1
2026-06-28 01:19:39 [DEBUG] numba.core.ssa:209 — on stmt: $420build_tuple.6 = build_tuple(items=[Var(r.2, jit_functions.py:40), Var(stage, jit_functions.py:12)])
2026-06-28 01:19:39 [DEBUG] numba.core.ssa:209 — on stmt: $422binary_subscr.7 = getitem(value=basis_slice, index=$420build_tuple.6, fn=<built-in function getitem>)
2026-06-28 01:19:39 [DEBUG] numba.core.ssa:209 — on stmt: $432build_tuple.11 = build_tuple(items=[Var(r.2, jit_functions.py:40), Var(stage, jit_functions.py:12)])
2026-06-28 01:19:39 [DEBUG] numba.core.ssa:209 — on stmt: $434binary_subscr.12 = getitem(value=basis_slice, index=$432build_tuple.11, fn=<built-in function getitem>)
2026-06-28 01:19:39 [DEBUG] numba.core.ssa:209 — on stmt: $binop_mul438.13 = $422binary_subscr.7 * $434binary_subscr.12
2026-06-28 01:19:39 [DEBUG] numba.core.ssa:209 — on stmt: $binop_iadd442.14 = inplace_binop(fn=<built-in function iadd>, immutable_fn=<built-in function add>, lhs=s.1.2, rhs=$binop_mul438.13, static_lhs=Undefined, static_rhs=Undefined)
2026-06-28 01:19:39 [DEBUG] numba.core.ssa:209 — on stmt: s.1.1 = $binop_iadd442.14
2026-06-28 01:19:39 [DEBUG] numba.core.ssa:209 — on stmt: jump 406
2026-06-28 01:19:39 [DEBUG] numba.core.ssa:186 — ==== SSA block rewrite pass on 450
2026-06-28 01:19:39 [DEBUG] numba.core.ssa:207 — Running <numba.core.ssa._FreshVarHandler object at 0x7f8aac397bf0>
2026-06-28 01:19:39 [DEBUG] numba.core.ssa:209 — on stmt: gs[stage] = s.1.2
2026-06-28 01:19:39 [DEBUG] numba.core.ssa:209 — on stmt: $462load_global.5 = global(range: <class 'range'>)
2026-06-28 01:19:39 [DEBUG] numba.core.ssa:209 — on stmt: $474call.8 = call $462load_global.5(stage, func=$462load_global.5, args=[Var(stage, jit_functions.py:12)], kws=(), vararg=None, varkwarg=None, target=None)
2026-06-28 01:19:39 [DEBUG] numba.core.ssa:209 — on stmt: $482get_iter.9 = getiter(value=$474call.8)
2026-06-28 01:19:39 [DEBUG] numba.core.ssa:209 — on stmt: $phi484.0 = $482get_iter.9
2026-06-28 01:19:39 [DEBUG] numba.core.ssa:209 — on stmt: jump 484
2026-06-28 01:19:39 [DEBUG] numba.core.ssa:186 — ==== SSA block rewrite pass on 484
2026-06-28 01:19:39 [DEBUG] numba.core.ssa:207 — Running <numba.core.ssa._FreshVarHandler object at 0x7f8aac397bf0>
2026-06-28 01:19:39 [DEBUG] numba.core.ssa:209 — on stmt: $484for_iter.1 = iternext(value=$phi484.0)
2026-06-28 01:19:39 [DEBUG] numba.core.ssa:209 — on stmt: $484for_iter.2 = pair_first(value=$484for_iter.1)
2026-06-28 01:19:39 [DEBUG] numba.core.ssa:209 — on stmt: $484for_iter.3 = pair_second(value=$484for_iter.1)
2026-06-28 01:19:39 [DEBUG] numba.core.ssa:209 — on stmt: $phi488.1 = $484for_iter.2
2026-06-28 01:19:39 [DEBUG] numba.core.ssa:209 — on stmt: branch $484for_iter.3, 488, 678
2026-06-28 01:19:39 [DEBUG] numba.core.ssa:186 — ==== SSA block rewrite pass on 488
2026-06-28 01:19:39 [DEBUG] numba.core.ssa:207 — Running <numba.core.ssa._FreshVarHandler object at 0x7f8aac397bf0>
2026-06-28 01:19:39 [DEBUG] numba.core.ssa:209 — on stmt: j.1 = $phi488.1
2026-06-28 01:19:39 [DEBUG] numba.core.ssa:209 — on stmt: ct = const(float, 0.0)
2026-06-28 01:19:39 [DEBUG] numba.core.ssa:301 — first assign: ct
2026-06-28 01:19:39 [DEBUG] numba.core.ssa:215 — replaced with: ct = const(float, 0.0)
2026-06-28 01:19:39 [DEBUG] numba.core.ssa:209 — on stmt: $494load_global.3 = global(range: <class 'range'>)
2026-06-28 01:19:39 [DEBUG] numba.core.ssa:209 — on stmt: $506call.6 = call $494load_global.3(j.1, func=$494load_global.3, args=[Var(j.1, jit_functions.py:44)], kws=(), vararg=None, varkwarg=None, target=None)
2026-06-28 01:19:39 [DEBUG] numba.core.ssa:209 — on stmt: $514get_iter.7 = getiter(value=$506call.6)
2026-06-28 01:19:39 [DEBUG] numba.core.ssa:209 — on stmt: $phi516.1 = $514get_iter.7
2026-06-28 01:19:39 [DEBUG] numba.core.ssa:209 — on stmt: jump 516
2026-06-28 01:19:39 [DEBUG] numba.core.ssa:186 — ==== SSA block rewrite pass on 516
2026-06-28 01:19:39 [DEBUG] numba.core.ssa:207 — Running <numba.core.ssa._FreshVarHandler object at 0x7f8aac397bf0>
2026-06-28 01:19:39 [DEBUG] numba.core.ssa:209 — on stmt: $516for_iter.2 = iternext(value=$phi516.1)
2026-06-28 01:19:39 [DEBUG] numba.core.ssa:209 — on stmt: $516for_iter.3 = pair_first(value=$516for_iter.2)
2026-06-28 01:19:39 [DEBUG] numba.core.ssa:209 — on stmt: $516for_iter.4 = pair_second(value=$516for_iter.2)
2026-06-28 01:19:39 [DEBUG] numba.core.ssa:209 — on stmt: $phi520.2 = $516for_iter.3
2026-06-28 01:19:39 [DEBUG] numba.core.ssa:209 — on stmt: branch $516for_iter.4, 520, 572
2026-06-28 01:19:39 [DEBUG] numba.core.ssa:186 — ==== SSA block rewrite pass on 520
2026-06-28 01:19:39 [DEBUG] numba.core.ssa:207 — Running <numba.core.ssa._FreshVarHandler object at 0x7f8aac397bf0>
2026-06-28 01:19:39 [DEBUG] numba.core.ssa:209 — on stmt: i = $phi520.2
2026-06-28 01:19:39 [DEBUG] numba.core.ssa:209 — on stmt: $530build_tuple.7 = build_tuple(items=[Var(i, jit_functions.py:47), Var(j.1, jit_functions.py:44)])
2026-06-28 01:19:39 [DEBUG] numba.core.ssa:209 — on stmt: $532binary_subscr.8 = getitem(value=gsc, index=$530build_tuple.7, fn=<built-in function getitem>)
2026-06-28 01:19:39 [DEBUG] numba.core.ssa:209 — on stmt: $542build_tuple.12 = build_tuple(items=[Var(i, jit_functions.py:47), Var(stage, jit_functions.py:12)])
2026-06-28 01:19:39 [DEBUG] numba.core.ssa:209 — on stmt: $544binary_subscr.13 = getitem(value=gsc, index=$542build_tuple.12, fn=<built-in function getitem>)
2026-06-28 01:19:39 [DEBUG] numba.core.ssa:209 — on stmt: $binop_mul548.14 = $532binary_subscr.8 * $544binary_subscr.13
2026-06-28 01:19:39 [DEBUG] numba.core.ssa:209 — on stmt: $556binary_subscr.17 = getitem(value=gs, index=i, fn=<built-in function getitem>)
2026-06-28 01:19:39 [DEBUG] numba.core.ssa:209 — on stmt: $binop_mul560.18 = $binop_mul548.14 * $556binary_subscr.17
2026-06-28 01:19:39 [DEBUG] numba.core.ssa:209 — on stmt: $binop_iadd564.19 = inplace_binop(fn=<built-in function iadd>, immutable_fn=<built-in function add>, lhs=ct, rhs=$binop_mul560.18, static_lhs=Undefined, static_rhs=Undefined)
2026-06-28 01:19:39 [DEBUG] numba.core.ssa:209 — on stmt: ct = $binop_iadd564.19
2026-06-28 01:19:39 [DEBUG] numba.core.ssa:215 — replaced with: ct.1 = $binop_iadd564.19
2026-06-28 01:19:39 [DEBUG] numba.core.ssa:209 — on stmt: jump 516
2026-06-28 01:19:39 [DEBUG] numba.core.ssa:186 — ==== SSA block rewrite pass on 572
2026-06-28 01:19:39 [DEBUG] numba.core.ssa:207 — Running <numba.core.ssa._FreshVarHandler object at 0x7f8aac397bf0>
2026-06-28 01:19:39 [DEBUG] numba.core.ssa:209 — on stmt: $578binary_subscr.5 = getitem(value=dots, index=j.1, fn=<built-in function getitem>)
2026-06-28 01:19:39 [DEBUG] numba.core.ssa:209 — on stmt: $binop_sub584.7 = $578binary_subscr.5 - ct
2026-06-28 01:19:39 [DEBUG] numba.core.ssa:209 — on stmt: $592binary_subscr.10 = getitem(value=gs, index=j.1, fn=<built-in function getitem>)
2026-06-28 01:19:39 [DEBUG] numba.core.ssa:209 — on stmt: $binop_truediv596.11 = $binop_sub584.7 / $592binary_subscr.10
2026-06-28 01:19:39 [DEBUG] numba.core.ssa:209 — on stmt: $606build_tuple.15 = build_tuple(items=[Var(j.1, jit_functions.py:44), Var(stage, jit_functions.py:12)])
2026-06-28 01:19:39 [DEBUG] numba.core.ssa:209 — on stmt: gsc[$606build_tuple.15] = $binop_truediv596.11
2026-06-28 01:19:39 [DEBUG] numba.core.ssa:209 — on stmt: $620binary_subscr.18 = getitem(value=gs, index=stage, fn=<built-in function getitem>)
2026-06-28 01:19:39 [DEBUG] numba.core.ssa:209 — on stmt: $630build_tuple.22 = build_tuple(items=[Var(j.1, jit_functions.py:44), Var(stage, jit_functions.py:12)])
2026-06-28 01:19:39 [DEBUG] numba.core.ssa:209 — on stmt: $632binary_subscr.23 = getitem(value=gsc, index=$630build_tuple.22, fn=<built-in function getitem>)
2026-06-28 01:19:39 [DEBUG] numba.core.ssa:209 — on stmt: $642build_tuple.27 = build_tuple(items=[Var(j.1, jit_functions.py:44), Var(stage, jit_functions.py:12)])
2026-06-28 01:19:39 [DEBUG] numba.core.ssa:209 — on stmt: $644binary_subscr.28 = getitem(value=gsc, index=$642build_tuple.27, fn=<built-in function getitem>)
2026-06-28 01:19:39 [DEBUG] numba.core.ssa:209 — on stmt: $binop_mul648.29 = $632binary_subscr.23 * $644binary_subscr.28
2026-06-28 01:19:39 [DEBUG] numba.core.ssa:209 — on stmt: $656binary_subscr.32 = getitem(value=gs, index=j.1, fn=<built-in function getitem>)
2026-06-28 01:19:39 [DEBUG] numba.core.ssa:209 — on stmt: $binop_mul660.33 = $binop_mul648.29 * $656binary_subscr.32
2026-06-28 01:19:39 [DEBUG] numba.core.ssa:209 — on stmt: $binop_isub664.34 = inplace_binop(fn=<built-in function isub>, immutable_fn=<built-in function sub>, lhs=$620binary_subscr.18, rhs=$binop_mul660.33, static_lhs=Undefined, static_rhs=Undefined)
2026-06-28 01:19:39 [DEBUG] numba.core.ssa:209 — on stmt: gs[stage] = $binop_isub664.34
2026-06-28 01:19:39 [DEBUG] numba.core.ssa:209 — on stmt: jump 484
2026-06-28 01:19:39 [DEBUG] numba.core.ssa:186 — ==== SSA block rewrite pass on 678
2026-06-28 01:19:39 [DEBUG] numba.core.ssa:207 — Running <numba.core.ssa._FreshVarHandler object at 0x7f8aac397bf0>
2026-06-28 01:19:39 [DEBUG] numba.core.ssa:209 — on stmt: $const680.2.5 = const(float, 1.0)
2026-06-28 01:19:39 [DEBUG] numba.core.ssa:209 — on stmt: $688build_tuple.6 = build_tuple(items=[Var(stage, jit_functions.py:12), Var(stage, jit_functions.py:12)])
2026-06-28 01:19:39 [DEBUG] numba.core.ssa:209 — on stmt: gsc[$688build_tuple.6] = $const680.2.5
2026-06-28 01:19:39 [DEBUG] numba.core.ssa:209 — on stmt: $const694.7 = const(NoneType, None)
2026-06-28 01:19:39 [DEBUG] numba.core.ssa:209 — on stmt: $694return_const.8 = cast(value=$const694.7)
2026-06-28 01:19:39 [DEBUG] numba.core.ssa:209 — on stmt: return $694return_const.8
2026-06-28 01:19:39 [DEBUG] numba.core.ssa:69 — Replaced assignments: defaultdict(<class 'list'>,
            {488: [<numba.core.ir.Assign object at 0x7f8aac396540>],
             520: [<numba.core.ir.Assign object at 0x7f8aac3975c0>]})
2026-06-28 01:19:39 [DEBUG] numba.core.ssa:186 — ==== SSA block rewrite pass on 0
2026-06-28 01:19:39 [DEBUG] numba.core.ssa:207 — Running <numba.core.ssa._FixSSAVars object at 0x7f8ab68a92b0>
2026-06-28 01:19:39 [DEBUG] numba.core.ssa:209 — on stmt: basis_slice = arg(0, name=basis_slice)
2026-06-28 01:19:39 [DEBUG] numba.core.ssa:209 — on stmt: gsc = arg(1, name=gsc)
2026-06-28 01:19:39 [DEBUG] numba.core.ssa:209 — on stmt: gs = arg(2, name=gs)
2026-06-28 01:19:39 [DEBUG] numba.core.ssa:209 — on stmt: stage = arg(3, name=stage)
2026-06-28 01:19:39 [DEBUG] numba.core.ssa:209 — on stmt: $6load_attr.1 = getattr(value=basis_slice, attr=shape)
2026-06-28 01:19:39 [DEBUG] numba.core.ssa:209 — on stmt: $const26.2.1 = const(int, 0)
2026-06-28 01:19:39 [DEBUG] numba.core.ssa:209 — on stmt: n = static_getitem(value=$6load_attr.1, index=0, index_var=$const26.2.1, fn=<built-in function getitem>)
2026-06-28 01:19:39 [DEBUG] numba.core.ssa:209 — on stmt: $const36.5.2 = const(int, 1)
2026-06-28 01:19:39 [DEBUG] numba.core.ssa:209 — on stmt: $38compare_op.6 = stage == $const36.5.2
2026-06-28 01:19:39 [DEBUG] numba.core.ssa:209 — on stmt: $bool42 = global(bool: <class 'bool'>)
2026-06-28 01:19:39 [DEBUG] numba.core.ssa:209 — on stmt: $42pred = call $bool42($38compare_op.6, func=$bool42, args=(Var($38compare_op.6, jit_functions.py:20),), kws=(), vararg=None, varkwarg=None, target=None)
2026-06-28 01:19:39 [DEBUG] numba.core.ssa:209 — on stmt: branch $42pred, 44, 126
2026-06-28 01:19:39 [DEBUG] numba.core.ssa:186 — ==== SSA block rewrite pass on 44
2026-06-28 01:19:39 [DEBUG] numba.core.ssa:207 — Running <numba.core.ssa._FixSSAVars object at 0x7f8ab68a92b0>
2026-06-28 01:19:39 [DEBUG] numba.core.ssa:209 — on stmt: s = const(float, 0.0)
2026-06-28 01:19:39 [DEBUG] numba.core.ssa:209 — on stmt: $48load_global.1 = global(range: <class 'range'>)
2026-06-28 01:19:39 [DEBUG] numba.core.ssa:209 — on stmt: $60call.4 = call $48load_global.1(n, func=$48load_global.1, args=[Var(n, jit_functions.py:18)], kws=(), vararg=None, varkwarg=None, target=None)
2026-06-28 01:19:39 [DEBUG] numba.core.ssa:209 — on stmt: $68get_iter.5 = getiter(value=$60call.4)
2026-06-28 01:19:39 [DEBUG] numba.core.ssa:209 — on stmt: $phi70.0 = $68get_iter.5
2026-06-28 01:19:39 [DEBUG] numba.core.ssa:209 — on stmt: jump 70
2026-06-28 01:19:39 [DEBUG] numba.core.ssa:186 — ==== SSA block rewrite pass on 70
2026-06-28 01:19:39 [DEBUG] numba.core.ssa:207 — Running <numba.core.ssa._FixSSAVars object at 0x7f8ab68a92b0>
2026-06-28 01:19:39 [DEBUG] numba.core.ssa:209 — on stmt: s.5 = phi(incoming_values=[Var(s.2, jit_functions.py:23), Var(s, jit_functions.py:21)], incoming_blocks=[74, 44])
2026-06-28 01:19:39 [DEBUG] numba.core.ssa:209 — on stmt: $70for_iter.1 = iternext(value=$phi70.0)
2026-06-28 01:19:39 [DEBUG] numba.core.ssa:209 — on stmt: $70for_iter.2 = pair_first(value=$70for_iter.1)
2026-06-28 01:19:39 [DEBUG] numba.core.ssa:209 — on stmt: $70for_iter.3 = pair_second(value=$70for_iter.1)
2026-06-28 01:19:39 [DEBUG] numba.core.ssa:209 — on stmt: $phi74.1 = $70for_iter.2
2026-06-28 01:19:39 [DEBUG] numba.core.ssa:209 — on stmt: branch $70for_iter.3, 74, 114
2026-06-28 01:19:39 [DEBUG] numba.core.ssa:186 — ==== SSA block rewrite pass on 74
2026-06-28 01:19:39 [DEBUG] numba.core.ssa:207 — Running <numba.core.ssa._FixSSAVars object at 0x7f8ab68a92b0>
2026-06-28 01:19:39 [DEBUG] numba.core.ssa:209 — on stmt: r = $phi74.1
2026-06-28 01:19:39 [DEBUG] numba.core.ssa:209 — on stmt: $const82.5.1 = const(int, 0)
2026-06-28 01:19:39 [DEBUG] numba.core.ssa:209 — on stmt: $84build_tuple.6 = build_tuple(items=[Var(r, jit_functions.py:22), Var($const82.5.1, jit_functions.py:23)])
2026-06-28 01:19:39 [DEBUG] numba.core.ssa:209 — on stmt: $86binary_subscr.7 = getitem(value=basis_slice, index=$84build_tuple.6, fn=<built-in function getitem>)
2026-06-28 01:19:39 [DEBUG] numba.core.ssa:209 — on stmt: $const94.10.1 = const(int, 0)
2026-06-28 01:19:39 [DEBUG] numba.core.ssa:209 — on stmt: $96build_tuple.11 = build_tuple(items=[Var(r, jit_functions.py:22), Var($const94.10.1, jit_functions.py:23)])
2026-06-28 01:19:39 [DEBUG] numba.core.ssa:209 — on stmt: $98binary_subscr.12 = getitem(value=basis_slice, index=$96build_tuple.11, fn=<built-in function getitem>)
2026-06-28 01:19:39 [DEBUG] numba.core.ssa:209 — on stmt: $binop_mul102.13 = $86binary_subscr.7 * $98binary_subscr.12
2026-06-28 01:19:39 [DEBUG] numba.core.ssa:209 — on stmt: $binop_iadd106.14 = inplace_binop(fn=<built-in function iadd>, immutable_fn=<built-in function add>, lhs=s.5, rhs=$binop_mul102.13, static_lhs=Undefined, static_rhs=Undefined)
2026-06-28 01:19:39 [DEBUG] numba.core.ssa:209 — on stmt: s.2 = $binop_iadd106.14
2026-06-28 01:19:39 [DEBUG] numba.core.ssa:209 — on stmt: jump 70
2026-06-28 01:19:39 [DEBUG] numba.core.ssa:186 — ==== SSA block rewrite pass on 114
2026-06-28 01:19:39 [DEBUG] numba.core.ssa:207 — Running <numba.core.ssa._FixSSAVars object at 0x7f8ab68a92b0>
2026-06-28 01:19:39 [DEBUG] numba.core.ssa:209 — on stmt: $const120.4.1 = const(int, 0)
2026-06-28 01:19:39 [DEBUG] numba.core.ssa:209 — on stmt: gs[0] = s.5
2026-06-28 01:19:39 [DEBUG] numba.core.ssa:209 — on stmt: jump 126
2026-06-28 01:19:39 [DEBUG] numba.core.ssa:186 — ==== SSA block rewrite pass on 126
2026-06-28 01:19:39 [DEBUG] numba.core.ssa:207 — Running <numba.core.ssa._FixSSAVars object at 0x7f8ab68a92b0>
2026-06-28 01:19:39 [DEBUG] numba.core.ssa:209 — on stmt: $126load_global.0 = global(np: <module 'numpy' from '/home/dj/.local/lib/python3.12/site-packages/numpy/__init__.py'>)
2026-06-28 01:19:39 [DEBUG] numba.core.ssa:209 — on stmt: $136load_attr.2 = getattr(value=$126load_global.0, attr=zeros)
2026-06-28 01:19:39 [DEBUG] numba.core.ssa:209 — on stmt: dots = call $136load_attr.2(stage, func=$136load_attr.2, args=[Var(stage, jit_functions.py:12)], kws=(), vararg=None, varkwarg=None, target=None)
2026-06-28 01:19:39 [DEBUG] numba.core.ssa:209 — on stmt: $168load_global.5 = global(range: <class 'range'>)
2026-06-28 01:19:39 [DEBUG] numba.core.ssa:209 — on stmt: $180call.8 = call $168load_global.5(stage, func=$168load_global.5, args=[Var(stage, jit_functions.py:12)], kws=(), vararg=None, varkwarg=None, target=None)
2026-06-28 01:19:39 [DEBUG] numba.core.ssa:209 — on stmt: $188get_iter.9 = getiter(value=$180call.8)
2026-06-28 01:19:39 [DEBUG] numba.core.ssa:209 — on stmt: $phi190.0 = $188get_iter.9
2026-06-28 01:19:39 [DEBUG] numba.core.ssa:209 — on stmt: jump 190
2026-06-28 01:19:39 [DEBUG] numba.core.ssa:186 — ==== SSA block rewrite pass on 190
2026-06-28 01:19:39 [DEBUG] numba.core.ssa:207 — Running <numba.core.ssa._FixSSAVars object at 0x7f8ab68a92b0>
2026-06-28 01:19:39 [DEBUG] numba.core.ssa:209 — on stmt: $190for_iter.1 = iternext(value=$phi190.0)
2026-06-28 01:19:39 [DEBUG] numba.core.ssa:209 — on stmt: $190for_iter.2 = pair_first(value=$190for_iter.1)
2026-06-28 01:19:39 [DEBUG] numba.core.ssa:209 — on stmt: $190for_iter.3 = pair_second(value=$190for_iter.1)
2026-06-28 01:19:39 [DEBUG] numba.core.ssa:209 — on stmt: $phi194.1 = $190for_iter.2
2026-06-28 01:19:39 [DEBUG] numba.core.ssa:209 — on stmt: branch $190for_iter.3, 194, 280
2026-06-28 01:19:39 [DEBUG] numba.core.ssa:186 — ==== SSA block rewrite pass on 194
2026-06-28 01:19:39 [DEBUG] numba.core.ssa:207 — Running <numba.core.ssa._FixSSAVars object at 0x7f8ab68a92b0>
2026-06-28 01:19:39 [DEBUG] numba.core.ssa:209 — on stmt: j = $phi194.1
2026-06-28 01:19:39 [DEBUG] numba.core.ssa:209 — on stmt: s.3 = const(float, 0.0)
2026-06-28 01:19:39 [DEBUG] numba.core.ssa:209 — on stmt: $200load_global.3 = global(range: <class 'range'>)
2026-06-28 01:19:39 [DEBUG] numba.core.ssa:209 — on stmt: $212call.6 = call $200load_global.3(n, func=$200load_global.3, args=[Var(n, jit_functions.py:18)], kws=(), vararg=None, varkwarg=None, target=None)
2026-06-28 01:19:39 [DEBUG] numba.core.ssa:209 — on stmt: $220get_iter.7 = getiter(value=$212call.6)
2026-06-28 01:19:39 [DEBUG] numba.core.ssa:209 — on stmt: $phi222.1 = $220get_iter.7
2026-06-28 01:19:39 [DEBUG] numba.core.ssa:209 — on stmt: jump 222
2026-06-28 01:19:39 [DEBUG] numba.core.ssa:186 — ==== SSA block rewrite pass on 222
2026-06-28 01:19:39 [DEBUG] numba.core.ssa:207 — Running <numba.core.ssa._FixSSAVars object at 0x7f8ab68a92b0>
2026-06-28 01:19:39 [DEBUG] numba.core.ssa:209 — on stmt: s.6 = phi(incoming_values=[Var(s.3, jit_functions.py:29), Var(s.4, jit_functions.py:31)], incoming_blocks=[194, 226])
2026-06-28 01:19:39 [DEBUG] numba.core.ssa:209 — on stmt: $222for_iter.2 = iternext(value=$phi222.1)
2026-06-28 01:19:39 [DEBUG] numba.core.ssa:209 — on stmt: $222for_iter.3 = pair_first(value=$222for_iter.2)
2026-06-28 01:19:39 [DEBUG] numba.core.ssa:209 — on stmt: $222for_iter.4 = pair_second(value=$222for_iter.2)
2026-06-28 01:19:39 [DEBUG] numba.core.ssa:209 — on stmt: $phi226.2 = $222for_iter.3
2026-06-28 01:19:39 [DEBUG] numba.core.ssa:209 — on stmt: branch $222for_iter.4, 226, 266
2026-06-28 01:19:39 [DEBUG] numba.core.ssa:186 — ==== SSA block rewrite pass on 226
2026-06-28 01:19:39 [DEBUG] numba.core.ssa:207 — Running <numba.core.ssa._FixSSAVars object at 0x7f8ab68a92b0>
2026-06-28 01:19:39 [DEBUG] numba.core.ssa:209 — on stmt: r.1 = $phi226.2
2026-06-28 01:19:39 [DEBUG] numba.core.ssa:209 — on stmt: $236build_tuple.7 = build_tuple(items=[Var(r.1, jit_functions.py:30), Var(stage, jit_functions.py:12)])
2026-06-28 01:19:39 [DEBUG] numba.core.ssa:209 — on stmt: $238binary_subscr.8 = getitem(value=basis_slice, index=$236build_tuple.7, fn=<built-in function getitem>)
2026-06-28 01:19:39 [DEBUG] numba.core.ssa:209 — on stmt: $248build_tuple.12 = build_tuple(items=[Var(r.1, jit_functions.py:30), Var(j, jit_functions.py:28)])
2026-06-28 01:19:39 [DEBUG] numba.core.ssa:209 — on stmt: $250binary_subscr.13 = getitem(value=basis_slice, index=$248build_tuple.12, fn=<built-in function getitem>)
2026-06-28 01:19:39 [DEBUG] numba.core.ssa:209 — on stmt: $binop_mul254.14 = $238binary_subscr.8 * $250binary_subscr.13
2026-06-28 01:19:39 [DEBUG] numba.core.ssa:209 — on stmt: $binop_iadd258.15 = inplace_binop(fn=<built-in function iadd>, immutable_fn=<built-in function add>, lhs=s.6, rhs=$binop_mul254.14, static_lhs=Undefined, static_rhs=Undefined)
2026-06-28 01:19:39 [DEBUG] numba.core.ssa:209 — on stmt: s.4 = $binop_iadd258.15
2026-06-28 01:19:39 [DEBUG] numba.core.ssa:209 — on stmt: jump 222
2026-06-28 01:19:39 [DEBUG] numba.core.ssa:186 — ==== SSA block rewrite pass on 266
2026-06-28 01:19:39 [DEBUG] numba.core.ssa:207 — Running <numba.core.ssa._FixSSAVars object at 0x7f8ab68a92b0>
2026-06-28 01:19:39 [DEBUG] numba.core.ssa:209 — on stmt: dots[j] = s.6
2026-06-28 01:19:39 [DEBUG] numba.core.ssa:209 — on stmt: jump 190
2026-06-28 01:19:39 [DEBUG] numba.core.ssa:186 — ==== SSA block rewrite pass on 280
2026-06-28 01:19:39 [DEBUG] numba.core.ssa:207 — Running <numba.core.ssa._FixSSAVars object at 0x7f8ab68a92b0>
2026-06-28 01:19:39 [DEBUG] numba.core.ssa:209 — on stmt: $const284.3.1 = const(int, 0)
2026-06-28 01:19:39 [DEBUG] numba.core.ssa:209 — on stmt: $286compare_op.4 = stage == $const284.3.1
2026-06-28 01:19:39 [DEBUG] numba.core.ssa:209 — on stmt: $bool290 = global(bool: <class 'bool'>)
2026-06-28 01:19:39 [DEBUG] numba.core.ssa:209 — on stmt: $290pred = call $bool290($286compare_op.4, func=$bool290, args=(Var($286compare_op.4, jit_functions.py:35),), kws=(), vararg=None, varkwarg=None, target=None)
2026-06-28 01:19:39 [DEBUG] numba.core.ssa:209 — on stmt: branch $290pred, 292, 302
2026-06-28 01:19:39 [DEBUG] numba.core.ssa:186 — ==== SSA block rewrite pass on 292
2026-06-28 01:19:39 [DEBUG] numba.core.ssa:207 — Running <numba.core.ssa._FixSSAVars object at 0x7f8ab68a92b0>
2026-06-28 01:19:39 [DEBUG] numba.core.ssa:209 — on stmt: $const294.1.1 = const(int, 0)
2026-06-28 01:19:39 [DEBUG] numba.core.ssa:209 — on stmt: $296binary_subscr.2 = static_getitem(value=dots, index=0, index_var=$const294.1.1, fn=<built-in function getitem>)
2026-06-28 01:19:39 [DEBUG] numba.core.ssa:209 — on stmt: $phi372.0 = $296binary_subscr.2
2026-06-28 01:19:39 [DEBUG] numba.core.ssa:209 — on stmt: jump 372
2026-06-28 01:19:39 [DEBUG] numba.core.ssa:186 — ==== SSA block rewrite pass on 302
2026-06-28 01:19:39 [DEBUG] numba.core.ssa:207 — Running <numba.core.ssa._FixSSAVars object at 0x7f8ab68a92b0>
2026-06-28 01:19:39 [DEBUG] numba.core.ssa:209 — on stmt: $302load_global.0 = global(np: <module 'numpy' from '/home/dj/.local/lib/python3.12/site-packages/numpy/__init__.py'>)
2026-06-28 01:19:39 [DEBUG] numba.core.ssa:209 — on stmt: $312load_attr.2 = getattr(value=$302load_global.0, attr=dot)
2026-06-28 01:19:39 [DEBUG] numba.core.ssa:209 — on stmt: $const334.4.4 = const(NoneType, None)
2026-06-28 01:19:39 [DEBUG] numba.core.ssa:209 — on stmt: $const336.5.4 = const(NoneType, None)
2026-06-28 01:19:39 [DEBUG] numba.core.ssa:209 — on stmt: $338build_slice.6 = global(slice: <class 'slice'>)
2026-06-28 01:19:39 [DEBUG] numba.core.ssa:209 — on stmt: $338build_slice.7 = call $338build_slice.6($const334.4.4, $const336.5.4, func=$338build_slice.6, args=(Var($const334.4.4, jit_functions.py:36), Var($const336.5.4, jit_functions.py:36)), kws=(), vararg=None, varkwarg=None, target=None)
2026-06-28 01:19:39 [DEBUG] numba.core.ssa:209 — on stmt: $342build_tuple.9 = build_tuple(items=[Var($338build_slice.7, jit_functions.py:36), Var(stage, jit_functions.py:12)])
2026-06-28 01:19:39 [DEBUG] numba.core.ssa:209 — on stmt: $344binary_subscr.10 = getitem(value=basis_slice, index=$342build_tuple.9, fn=<built-in function getitem>)
2026-06-28 01:19:39 [DEBUG] numba.core.ssa:209 — on stmt: $const350.12.4 = const(NoneType, None)
2026-06-28 01:19:39 [DEBUG] numba.core.ssa:209 — on stmt: $const352.13.4 = const(NoneType, None)
2026-06-28 01:19:39 [DEBUG] numba.core.ssa:209 — on stmt: $354build_slice.14 = global(slice: <class 'slice'>)
2026-06-28 01:19:39 [DEBUG] numba.core.ssa:209 — on stmt: $354build_slice.15 = call $354build_slice.14($const350.12.4, $const352.13.4, func=$354build_slice.14, args=(Var($const350.12.4, jit_functions.py:36), Var($const352.13.4, jit_functions.py:36)), kws=(), vararg=None, varkwarg=None, target=None)
2026-06-28 01:19:39 [DEBUG] numba.core.ssa:209 — on stmt: $358build_tuple.17 = build_tuple(items=[Var($354build_slice.15, jit_functions.py:36), Var(stage, jit_functions.py:12)])
2026-06-28 01:19:39 [DEBUG] numba.core.ssa:209 — on stmt: $360binary_subscr.18 = getitem(value=basis_slice, index=$358build_tuple.17, fn=<built-in function getitem>)
2026-06-28 01:19:39 [DEBUG] numba.core.ssa:209 — on stmt: $364call.19 = call $312load_attr.2($344binary_subscr.10, $360binary_subscr.18, func=$312load_attr.2, args=[Var($344binary_subscr.10, jit_functions.py:36), Var($360binary_subscr.18, jit_functions.py:36)], kws=(), vararg=None, varkwarg=None, target=None)
2026-06-28 01:19:39 [DEBUG] numba.core.ssa:209 — on stmt: $phi372.0.1 = $364call.19
2026-06-28 01:19:39 [DEBUG] numba.core.ssa:209 — on stmt: jump 372
2026-06-28 01:19:39 [DEBUG] numba.core.ssa:186 — ==== SSA block rewrite pass on 372
2026-06-28 01:19:39 [DEBUG] numba.core.ssa:207 — Running <numba.core.ssa._FixSSAVars object at 0x7f8ab68a92b0>
2026-06-28 01:19:39 [DEBUG] numba.core.ssa:209 — on stmt: $phi372.0.2 = phi(incoming_values=[Var($phi372.0, jit_functions.py:35), Var($phi372.0.1, jit_functions.py:35)], incoming_blocks=[292, 302])
2026-06-28 01:19:39 [DEBUG] numba.core.ssa:209 — on stmt: gs[stage] = $phi372.0.2
2026-06-28 01:19:39 [DEBUG] numba.core.ssa:209 — on stmt: s.1 = const(float, 0.0)
2026-06-28 01:19:39 [DEBUG] numba.core.ssa:209 — on stmt: $384load_global.4 = global(range: <class 'range'>)
2026-06-28 01:19:39 [DEBUG] numba.core.ssa:209 — on stmt: $396call.7 = call $384load_global.4(n, func=$384load_global.4, args=[Var(n, jit_functions.py:18)], kws=(), vararg=None, varkwarg=None, target=None)
2026-06-28 01:19:39 [DEBUG] numba.core.ssa:209 — on stmt: $404get_iter.8 = getiter(value=$396call.7)
2026-06-28 01:19:39 [DEBUG] numba.core.ssa:209 — on stmt: $phi406.0 = $404get_iter.8
2026-06-28 01:19:39 [DEBUG] numba.core.ssa:209 — on stmt: jump 406
2026-06-28 01:19:39 [DEBUG] numba.core.ssa:186 — ==== SSA block rewrite pass on 406
2026-06-28 01:19:39 [DEBUG] numba.core.ssa:207 — Running <numba.core.ssa._FixSSAVars object at 0x7f8ab68a92b0>
2026-06-28 01:19:39 [DEBUG] numba.core.ssa:209 — on stmt: s.1.2 = phi(incoming_values=[Var(s.1.1, jit_functions.py:41), Var(s.1, jit_functions.py:39)], incoming_blocks=[410, 372])
2026-06-28 01:19:39 [DEBUG] numba.core.ssa:209 — on stmt: $406for_iter.1 = iternext(value=$phi406.0)
2026-06-28 01:19:39 [DEBUG] numba.core.ssa:209 — on stmt: $406for_iter.2 = pair_first(value=$406for_iter.1)
2026-06-28 01:19:39 [DEBUG] numba.core.ssa:209 — on stmt: $406for_iter.3 = pair_second(value=$406for_iter.1)
2026-06-28 01:19:39 [DEBUG] numba.core.ssa:209 — on stmt: $phi410.1 = $406for_iter.2
2026-06-28 01:19:39 [DEBUG] numba.core.ssa:209 — on stmt: branch $406for_iter.3, 410, 450
2026-06-28 01:19:39 [DEBUG] numba.core.ssa:186 — ==== SSA block rewrite pass on 410
2026-06-28 01:19:39 [DEBUG] numba.core.ssa:207 — Running <numba.core.ssa._FixSSAVars object at 0x7f8ab68a92b0>
2026-06-28 01:19:39 [DEBUG] numba.core.ssa:209 — on stmt: r.2 = $phi410.1
2026-06-28 01:19:39 [DEBUG] numba.core.ssa:209 — on stmt: $420build_tuple.6 = build_tuple(items=[Var(r.2, jit_functions.py:40), Var(stage, jit_functions.py:12)])
2026-06-28 01:19:39 [DEBUG] numba.core.ssa:209 — on stmt: $422binary_subscr.7 = getitem(value=basis_slice, index=$420build_tuple.6, fn=<built-in function getitem>)
2026-06-28 01:19:39 [DEBUG] numba.core.ssa:209 — on stmt: $432build_tuple.11 = build_tuple(items=[Var(r.2, jit_functions.py:40), Var(stage, jit_functions.py:12)])
2026-06-28 01:19:39 [DEBUG] numba.core.ssa:209 — on stmt: $434binary_subscr.12 = getitem(value=basis_slice, index=$432build_tuple.11, fn=<built-in function getitem>)
2026-06-28 01:19:39 [DEBUG] numba.core.ssa:209 — on stmt: $binop_mul438.13 = $422binary_subscr.7 * $434binary_subscr.12
2026-06-28 01:19:39 [DEBUG] numba.core.ssa:209 — on stmt: $binop_iadd442.14 = inplace_binop(fn=<built-in function iadd>, immutable_fn=<built-in function add>, lhs=s.1.2, rhs=$binop_mul438.13, static_lhs=Undefined, static_rhs=Undefined)
2026-06-28 01:19:39 [DEBUG] numba.core.ssa:209 — on stmt: s.1.1 = $binop_iadd442.14
2026-06-28 01:19:39 [DEBUG] numba.core.ssa:209 — on stmt: jump 406
2026-06-28 01:19:39 [DEBUG] numba.core.ssa:186 — ==== SSA block rewrite pass on 450
2026-06-28 01:19:39 [DEBUG] numba.core.ssa:207 — Running <numba.core.ssa._FixSSAVars object at 0x7f8ab68a92b0>
2026-06-28 01:19:39 [DEBUG] numba.core.ssa:209 — on stmt: gs[stage] = s.1.2
2026-06-28 01:19:39 [DEBUG] numba.core.ssa:209 — on stmt: $462load_global.5 = global(range: <class 'range'>)
2026-06-28 01:19:39 [DEBUG] numba.core.ssa:209 — on stmt: $474call.8 = call $462load_global.5(stage, func=$462load_global.5, args=[Var(stage, jit_functions.py:12)], kws=(), vararg=None, varkwarg=None, target=None)
2026-06-28 01:19:39 [DEBUG] numba.core.ssa:209 — on stmt: $482get_iter.9 = getiter(value=$474call.8)
2026-06-28 01:19:39 [DEBUG] numba.core.ssa:209 — on stmt: $phi484.0 = $482get_iter.9
2026-06-28 01:19:39 [DEBUG] numba.core.ssa:209 — on stmt: jump 484
2026-06-28 01:19:39 [DEBUG] numba.core.ssa:186 — ==== SSA block rewrite pass on 484
2026-06-28 01:19:39 [DEBUG] numba.core.ssa:207 — Running <numba.core.ssa._FixSSAVars object at 0x7f8ab68a92b0>
2026-06-28 01:19:39 [DEBUG] numba.core.ssa:209 — on stmt: $484for_iter.1 = iternext(value=$phi484.0)
2026-06-28 01:19:39 [DEBUG] numba.core.ssa:209 — on stmt: $484for_iter.2 = pair_first(value=$484for_iter.1)
2026-06-28 01:19:39 [DEBUG] numba.core.ssa:209 — on stmt: $484for_iter.3 = pair_second(value=$484for_iter.1)
2026-06-28 01:19:39 [DEBUG] numba.core.ssa:209 — on stmt: $phi488.1 = $484for_iter.2
2026-06-28 01:19:39 [DEBUG] numba.core.ssa:209 — on stmt: branch $484for_iter.3, 488, 678
2026-06-28 01:19:39 [DEBUG] numba.core.ssa:186 — ==== SSA block rewrite pass on 488
2026-06-28 01:19:39 [DEBUG] numba.core.ssa:207 — Running <numba.core.ssa._FixSSAVars object at 0x7f8ab68a92b0>
2026-06-28 01:19:39 [DEBUG] numba.core.ssa:209 — on stmt: j.1 = $phi488.1
2026-06-28 01:19:39 [DEBUG] numba.core.ssa:209 — on stmt: ct = const(float, 0.0)
2026-06-28 01:19:39 [DEBUG] numba.core.ssa:209 — on stmt: $494load_global.3 = global(range: <class 'range'>)
2026-06-28 01:19:39 [DEBUG] numba.core.ssa:209 — on stmt: $506call.6 = call $494load_global.3(j.1, func=$494load_global.3, args=[Var(j.1, jit_functions.py:44)], kws=(), vararg=None, varkwarg=None, target=None)
2026-06-28 01:19:39 [DEBUG] numba.core.ssa:209 — on stmt: $514get_iter.7 = getiter(value=$506call.6)
2026-06-28 01:19:39 [DEBUG] numba.core.ssa:209 — on stmt: $phi516.1 = $514get_iter.7
2026-06-28 01:19:39 [DEBUG] numba.core.ssa:209 — on stmt: jump 516
2026-06-28 01:19:39 [DEBUG] numba.core.ssa:186 — ==== SSA block rewrite pass on 516
2026-06-28 01:19:39 [DEBUG] numba.core.ssa:207 — Running <numba.core.ssa._FixSSAVars object at 0x7f8ab68a92b0>
2026-06-28 01:19:39 [DEBUG] numba.core.ssa:209 — on stmt: $516for_iter.2 = iternext(value=$phi516.1)
2026-06-28 01:19:39 [DEBUG] numba.core.ssa:209 — on stmt: $516for_iter.3 = pair_first(value=$516for_iter.2)
2026-06-28 01:19:39 [DEBUG] numba.core.ssa:209 — on stmt: $516for_iter.4 = pair_second(value=$516for_iter.2)
2026-06-28 01:19:39 [DEBUG] numba.core.ssa:209 — on stmt: $phi520.2 = $516for_iter.3
2026-06-28 01:19:39 [DEBUG] numba.core.ssa:209 — on stmt: branch $516for_iter.4, 520, 572
2026-06-28 01:19:39 [DEBUG] numba.core.ssa:186 — ==== SSA block rewrite pass on 520
2026-06-28 01:19:39 [DEBUG] numba.core.ssa:207 — Running <numba.core.ssa._FixSSAVars object at 0x7f8ab68a92b0>
2026-06-28 01:19:39 [DEBUG] numba.core.ssa:209 — on stmt: i = $phi520.2
2026-06-28 01:19:39 [DEBUG] numba.core.ssa:209 — on stmt: $530build_tuple.7 = build_tuple(items=[Var(i, jit_functions.py:47), Var(j.1, jit_functions.py:44)])
2026-06-28 01:19:39 [DEBUG] numba.core.ssa:209 — on stmt: $532binary_subscr.8 = getitem(value=gsc, index=$530build_tuple.7, fn=<built-in function getitem>)
2026-06-28 01:19:39 [DEBUG] numba.core.ssa:209 — on stmt: $542build_tuple.12 = build_tuple(items=[Var(i, jit_functions.py:47), Var(stage, jit_functions.py:12)])
2026-06-28 01:19:39 [DEBUG] numba.core.ssa:209 — on stmt: $544binary_subscr.13 = getitem(value=gsc, index=$542build_tuple.12, fn=<built-in function getitem>)
2026-06-28 01:19:39 [DEBUG] numba.core.ssa:209 — on stmt: $binop_mul548.14 = $532binary_subscr.8 * $544binary_subscr.13
2026-06-28 01:19:39 [DEBUG] numba.core.ssa:209 — on stmt: $556binary_subscr.17 = getitem(value=gs, index=i, fn=<built-in function getitem>)
2026-06-28 01:19:39 [DEBUG] numba.core.ssa:209 — on stmt: $binop_mul560.18 = $binop_mul548.14 * $556binary_subscr.17
2026-06-28 01:19:39 [DEBUG] numba.core.ssa:209 — on stmt: $binop_iadd564.19 = inplace_binop(fn=<built-in function iadd>, immutable_fn=<built-in function add>, lhs=ct, rhs=$binop_mul560.18, static_lhs=Undefined, static_rhs=Undefined)
2026-06-28 01:19:39 [DEBUG] numba.core.ssa:385 — find_def var='ct' stmt=$binop_iadd564.19 = inplace_binop(fn=<built-in function iadd>, immutable_fn=<built-in function add>, lhs=ct, rhs=$binop_mul560.18, static_lhs=Undefined, static_rhs=Undefined)
2026-06-28 01:19:39 [DEBUG] numba.core.ssa:416 — find_def_from_top label 520
2026-06-28 01:19:39 [DEBUG] numba.core.ssa:453 — idom 516 from label 520
2026-06-28 01:19:39 [DEBUG] numba.core.ssa:459 — find_def_from_bottom label 516
2026-06-28 01:19:39 [DEBUG] numba.core.ssa:416 — find_def_from_top label 516
2026-06-28 01:19:39 [DEBUG] numba.core.ssa:433 — insert phi node ct.2 = phi(incoming_values=[], incoming_blocks=[]) at 516
2026-06-28 01:19:39 [DEBUG] numba.core.ssa:459 — find_def_from_bottom label 488
2026-06-28 01:19:39 [DEBUG] numba.core.ssa:441 — incoming_def ct = const(float, 0.0)
2026-06-28 01:19:39 [DEBUG] numba.core.ssa:459 — find_def_from_bottom label 520
2026-06-28 01:19:39 [DEBUG] numba.core.ssa:441 — incoming_def ct.1 = $binop_iadd564.19
2026-06-28 01:19:39 [DEBUG] numba.core.ssa:215 — replaced with: $binop_iadd564.19 = inplace_binop(fn=<built-in function iadd>, immutable_fn=<built-in function add>, lhs=ct.2, rhs=$binop_mul560.18, static_lhs=Undefined, static_rhs=Undefined)
2026-06-28 01:19:39 [DEBUG] numba.core.ssa:209 — on stmt: ct.1 = $binop_iadd564.19
2026-06-28 01:19:39 [DEBUG] numba.core.ssa:209 — on stmt: jump 516
2026-06-28 01:19:39 [DEBUG] numba.core.ssa:186 — ==== SSA block rewrite pass on 572
2026-06-28 01:19:39 [DEBUG] numba.core.ssa:207 — Running <numba.core.ssa._FixSSAVars object at 0x7f8ab68a92b0>
2026-06-28 01:19:39 [DEBUG] numba.core.ssa:209 — on stmt: $578binary_subscr.5 = getitem(value=dots, index=j.1, fn=<built-in function getitem>)
2026-06-28 01:19:39 [DEBUG] numba.core.ssa:209 — on stmt: $binop_sub584.7 = $578binary_subscr.5 - ct
2026-06-28 01:19:39 [DEBUG] numba.core.ssa:385 — find_def var='ct' stmt=$binop_sub584.7 = $578binary_subscr.5 - ct
2026-06-28 01:19:39 [DEBUG] numba.core.ssa:416 — find_def_from_top label 572
2026-06-28 01:19:39 [DEBUG] numba.core.ssa:453 — idom 516 from label 572
2026-06-28 01:19:39 [DEBUG] numba.core.ssa:459 — find_def_from_bottom label 516
2026-06-28 01:19:39 [DEBUG] numba.core.ssa:215 — replaced with: $binop_sub584.7 = $578binary_subscr.5 - ct.2
2026-06-28 01:19:39 [DEBUG] numba.core.ssa:209 — on stmt: $592binary_subscr.10 = getitem(value=gs, index=j.1, fn=<built-in function getitem>)
2026-06-28 01:19:39 [DEBUG] numba.core.ssa:209 — on stmt: $binop_truediv596.11 = $binop_sub584.7 / $592binary_subscr.10
2026-06-28 01:19:39 [DEBUG] numba.core.ssa:209 — on stmt: $606build_tuple.15 = build_tuple(items=[Var(j.1, jit_functions.py:44), Var(stage, jit_functions.py:12)])
2026-06-28 01:19:39 [DEBUG] numba.core.ssa:209 — on stmt: gsc[$606build_tuple.15] = $binop_truediv596.11
2026-06-28 01:19:39 [DEBUG] numba.core.ssa:209 — on stmt: $620binary_subscr.18 = getitem(value=gs, index=stage, fn=<built-in function getitem>)
2026-06-28 01:19:39 [DEBUG] numba.core.ssa:209 — on stmt: $630build_tuple.22 = build_tuple(items=[Var(j.1, jit_functions.py:44), Var(stage, jit_functions.py:12)])
2026-06-28 01:19:39 [DEBUG] numba.core.ssa:209 — on stmt: $632binary_subscr.23 = getitem(value=gsc, index=$630build_tuple.22, fn=<built-in function getitem>)
2026-06-28 01:19:39 [DEBUG] numba.core.ssa:209 — on stmt: $642build_tuple.27 = build_tuple(items=[Var(j.1, jit_functions.py:44), Var(stage, jit_functions.py:12)])
2026-06-28 01:19:39 [DEBUG] numba.core.ssa:209 — on stmt: $644binary_subscr.28 = getitem(value=gsc, index=$642build_tuple.27, fn=<built-in function getitem>)
2026-06-28 01:19:39 [DEBUG] numba.core.ssa:209 — on stmt: $binop_mul648.29 = $632binary_subscr.23 * $644binary_subscr.28
2026-06-28 01:19:39 [DEBUG] numba.core.ssa:209 — on stmt: $656binary_subscr.32 = getitem(value=gs, index=j.1, fn=<built-in function getitem>)
2026-06-28 01:19:39 [DEBUG] numba.core.ssa:209 — on stmt: $binop_mul660.33 = $binop_mul648.29 * $656binary_subscr.32
2026-06-28 01:19:39 [DEBUG] numba.core.ssa:209 — on stmt: $binop_isub664.34 = inplace_binop(fn=<built-in function isub>, immutable_fn=<built-in function sub>, lhs=$620binary_subscr.18, rhs=$binop_mul660.33, static_lhs=Undefined, static_rhs=Undefined)
2026-06-28 01:19:39 [DEBUG] numba.core.ssa:209 — on stmt: gs[stage] = $binop_isub664.34
2026-06-28 01:19:39 [DEBUG] numba.core.ssa:209 — on stmt: jump 484
2026-06-28 01:19:39 [DEBUG] numba.core.ssa:186 — ==== SSA block rewrite pass on 678
2026-06-28 01:19:39 [DEBUG] numba.core.ssa:207 — Running <numba.core.ssa._FixSSAVars object at 0x7f8ab68a92b0>
2026-06-28 01:19:39 [DEBUG] numba.core.ssa:209 — on stmt: $const680.2.5 = const(float, 1.0)
2026-06-28 01:19:39 [DEBUG] numba.core.ssa:209 — on stmt: $688build_tuple.6 = build_tuple(items=[Var(stage, jit_functions.py:12), Var(stage, jit_functions.py:12)])
2026-06-28 01:19:39 [DEBUG] numba.core.ssa:209 — on stmt: gsc[$688build_tuple.6] = $const680.2.5
2026-06-28 01:19:39 [DEBUG] numba.core.ssa:209 — on stmt: $const694.7 = const(NoneType, None)
2026-06-28 01:19:39 [DEBUG] numba.core.ssa:209 — on stmt: $694return_const.8 = cast(value=$const694.7)
2026-06-28 01:19:39 [DEBUG] numba.core.ssa:209 — on stmt: return $694return_const.8
2026-06-28 01:19:39 [DEBUG] numba.core.byteflow:81 — bytecode dump:
>          0	NOP(arg=None, lineno=4593)
           2	RESUME(arg=0, lineno=4593)
           4	LOAD_GLOBAL(arg=1, lineno=4594)
          14	LOAD_ATTR(arg=2, lineno=4594)
          34	LOAD_FAST(arg=0, lineno=4594)
          36	LOAD_FAST(arg=1, lineno=4594)
          38	KW_NAMES(arg=1, lineno=4594)
          40	CALL(arg=2, lineno=4594)
          48	STORE_FAST(arg=2, lineno=4594)
          50	LOAD_FAST(arg=2, lineno=4595)
          52	LOAD_ATTR(arg=5, lineno=4595)
          72	CALL(arg=0, lineno=4595)
          80	POP_TOP(arg=None, lineno=4595)
          82	LOAD_FAST(arg=2, lineno=4596)
          84	RETURN_VALUE(arg=None, lineno=4596)
2026-06-28 01:19:39 [DEBUG] numba.core.byteflow:108 — pending: deque([State(pc_initial=0 nstack_initial=0)])
2026-06-28 01:19:39 [DEBUG] numba.core.byteflow:111 — stack: []
2026-06-28 01:19:39 [DEBUG] numba.core.byteflow:112 — state.pc_initial: State(pc_initial=0 nstack_initial=0)
2026-06-28 01:19:39 [DEBUG] numba.core.byteflow:349 — dispatch pc=0, inst=NOP(arg=None, lineno=4593)
2026-06-28 01:19:39 [DEBUG] numba.core.byteflow:350 — stack []
2026-06-28 01:19:39 [DEBUG] numba.core.byteflow:349 — dispatch pc=2, inst=RESUME(arg=0, lineno=4593)
2026-06-28 01:19:39 [DEBUG] numba.core.byteflow:350 — stack []
2026-06-28 01:19:39 [DEBUG] numba.core.byteflow:349 — dispatch pc=4, inst=LOAD_GLOBAL(arg=1, lineno=4594)
2026-06-28 01:19:39 [DEBUG] numba.core.byteflow:350 — stack []
2026-06-28 01:19:39 [DEBUG] numba.core.byteflow:349 — dispatch pc=14, inst=LOAD_ATTR(arg=2, lineno=4594)
2026-06-28 01:19:39 [DEBUG] numba.core.byteflow:350 — stack ['$null$4.1', '$4load_global.0']
2026-06-28 01:19:39 [DEBUG] numba.core.byteflow:349 — dispatch pc=34, inst=LOAD_FAST(arg=0, lineno=4594)
2026-06-28 01:19:39 [DEBUG] numba.core.byteflow:350 — stack ['$null$4.1', '$14load_attr.2']
2026-06-28 01:19:39 [DEBUG] numba.core.byteflow:349 — dispatch pc=36, inst=LOAD_FAST(arg=1, lineno=4594)
2026-06-28 01:19:39 [DEBUG] numba.core.byteflow:350 — stack ['$null$4.1', '$14load_attr.2', '$shape34.3']
2026-06-28 01:19:39 [DEBUG] numba.core.byteflow:349 — dispatch pc=38, inst=KW_NAMES(arg=1, lineno=4594)
2026-06-28 01:19:39 [DEBUG] numba.core.byteflow:350 — stack ['$null$4.1', '$14load_attr.2', '$shape34.3', '$dtype36.4']
2026-06-28 01:19:39 [DEBUG] numba.core.byteflow:349 — dispatch pc=40, inst=CALL(arg=2, lineno=4594)
2026-06-28 01:19:39 [DEBUG] numba.core.byteflow:350 — stack ['$null$4.1', '$14load_attr.2', '$shape34.3', '$dtype36.4']
2026-06-28 01:19:39 [DEBUG] numba.core.byteflow:349 — dispatch pc=48, inst=STORE_FAST(arg=2, lineno=4594)
2026-06-28 01:19:39 [DEBUG] numba.core.byteflow:350 — stack ['$40call.5']
2026-06-28 01:19:39 [DEBUG] numba.core.byteflow:349 — dispatch pc=50, inst=LOAD_FAST(arg=2, lineno=4595)
2026-06-28 01:19:39 [DEBUG] numba.core.byteflow:350 — stack []
2026-06-28 01:19:39 [DEBUG] numba.core.byteflow:349 — dispatch pc=52, inst=LOAD_ATTR(arg=5, lineno=4595)
2026-06-28 01:19:39 [DEBUG] numba.core.byteflow:350 — stack ['$arr50.6']
2026-06-28 01:19:39 [DEBUG] numba.core.byteflow:349 — dispatch pc=72, inst=CALL(arg=0, lineno=4595)
2026-06-28 01:19:39 [DEBUG] numba.core.byteflow:350 — stack ['$null$52.8', '$52load_attr.7']
2026-06-28 01:19:39 [DEBUG] numba.core.byteflow:349 — dispatch pc=80, inst=POP_TOP(arg=None, lineno=4595)
2026-06-28 01:19:39 [DEBUG] numba.core.byteflow:350 — stack ['$72call.9']
2026-06-28 01:19:39 [DEBUG] numba.core.byteflow:349 — dispatch pc=82, inst=LOAD_FAST(arg=2, lineno=4596)
2026-06-28 01:19:39 [DEBUG] numba.core.byteflow:350 — stack []
2026-06-28 01:19:39 [DEBUG] numba.core.byteflow:349 — dispatch pc=84, inst=RETURN_VALUE(arg=None, lineno=4596)
2026-06-28 01:19:39 [DEBUG] numba.core.byteflow:350 — stack ['$arr82.10']
2026-06-28 01:19:39 [DEBUG] numba.core.byteflow:130 — end state. edges=[]
2026-06-28 01:19:39 [DEBUG] numba.core.byteflow:211 — -------------------------Prune PHIs-------------------------
2026-06-28 01:19:39 [DEBUG] numba.core.byteflow:280 — Used_phis: defaultdict(<class 'set'>, {State(pc_initial=0 nstack_initial=0): set()})
2026-06-28 01:19:39 [DEBUG] numba.core.byteflow:237 — defmap: {}
2026-06-28 01:19:39 [DEBUG] numba.core.byteflow:238 — phismap: defaultdict(<class 'set'>, {})
2026-06-28 01:19:39 [DEBUG] numba.core.byteflow:259 — changing phismap: defaultdict(<class 'set'>, {})
2026-06-28 01:19:39 [DEBUG] numba.core.byteflow:268 — keep phismap: {}
2026-06-28 01:19:39 [DEBUG] numba.core.byteflow:274 — new_out: defaultdict(<class 'dict'>, {})
2026-06-28 01:19:39 [DEBUG] numba.core.byteflow:284 — ----------------------DONE Prune PHIs-----------------------
2026-06-28 01:19:39 [DEBUG] numba.core.byteflow:142 — block_infos State(pc_initial=0 nstack_initial=0):
AdaptBlockInfo(insts=((0, {}), (2, {}), (4, {'idx': 0, 'res': '$4load_global.0'}), (14, {'item': '$4load_global.0', 'res': '$14load_attr.2'}), (34, {'res': '$shape34.3'}), (36, {'res': '$dtype36.4'}), (40, {'func': '$14load_attr.2', 'args': ['$shape34.3', '$dtype36.4'], 'kw_names': 1, 'res': '$40call.5'}), (48, {'value': '$40call.5'}), (50, {'res': '$arr50.6'}), (52, {'item': '$arr50.6', 'res': '$52load_attr.7'}), (72, {'func': '$52load_attr.7', 'args': [], 'kw_names': None, 'res': '$72call.9'}), (82, {'res': '$arr82.10'}), (84, {'retval': '$arr82.10', 'castval': '$84return_value.11'})), outgoing_phis={}, blockstack=(), active_try_block=None, outgoing_edgepushed={})
2026-06-28 01:19:39 [DEBUG] numba.core.interpreter:1420 — label 0:
    shape = arg(0, name=shape)               ['shape']
    dtype = arg(1, name=dtype)               ['dtype']
    $4load_global.0 = global(np: <module 'numpy' from '/home/dj/.local/lib/python3.12/site-packages/numpy/__init__.py'>) ['$4load_global.0']
    $14load_attr.2 = getattr(value=$4load_global.0, attr=empty) ['$14load_attr.2', '$4load_global.0']
    arr = call $14load_attr.2(shape, func=$14load_attr.2, args=[Var(shape, arrayobj.py:4593)], kws=[('dtype', Var(dtype, arrayobj.py:4593))], vararg=None, varkwarg=None, target=None) ['$14load_attr.2', 'arr', 'dtype', 'shape']
    $52load_attr.7 = getattr(value=arr, attr=_zero_fill) ['$52load_attr.7', 'arr']
    $72call.9 = call $52load_attr.7(func=$52load_attr.7, args=[], kws=(), vararg=None, varkwarg=None, target=None) ['$52load_attr.7', '$72call.9']
    $84return_value.11 = cast(value=arr)     ['$84return_value.11', 'arr']
    return $84return_value.11                ['$84return_value.11']

2026-06-28 01:19:39 [DEBUG] numba.core.ssa:177 — ==== SSA block analysis pass on 0
2026-06-28 01:19:39 [DEBUG] numba.core.ssa:207 — Running <numba.core.ssa._GatherDefsHandler object at 0x7f8aac208530>
2026-06-28 01:19:39 [DEBUG] numba.core.ssa:209 — on stmt: shape = arg(0, name=shape)
2026-06-28 01:19:39 [DEBUG] numba.core.ssa:209 — on stmt: dtype = arg(1, name=dtype)
2026-06-28 01:19:39 [DEBUG] numba.core.ssa:209 — on stmt: $4load_global.0 = global(np: <module 'numpy' from '/home/dj/.local/lib/python3.12/site-packages/numpy/__init__.py'>)
2026-06-28 01:19:39 [DEBUG] numba.core.ssa:209 — on stmt: $14load_attr.2 = getattr(value=$4load_global.0, attr=empty)
2026-06-28 01:19:39 [DEBUG] numba.core.ssa:209 — on stmt: arr = call $14load_attr.2(shape, func=$14load_attr.2, args=[Var(shape, arrayobj.py:4593)], kws=[('dtype', Var(dtype, arrayobj.py:4593))], vararg=None, varkwarg=None, target=None)
2026-06-28 01:19:39 [DEBUG] numba.core.ssa:209 — on stmt: $52load_attr.7 = getattr(value=arr, attr=_zero_fill)
2026-06-28 01:19:39 [DEBUG] numba.core.ssa:209 — on stmt: $72call.9 = call $52load_attr.7(func=$52load_attr.7, args=[], kws=(), vararg=None, varkwarg=None, target=None)
2026-06-28 01:19:39 [DEBUG] numba.core.ssa:209 — on stmt: $84return_value.11 = cast(value=arr)
2026-06-28 01:19:39 [DEBUG] numba.core.ssa:209 — on stmt: return $84return_value.11
2026-06-28 01:19:39 [DEBUG] numba.core.ssa:156 — defs defaultdict(<class 'list'>,
            {'$14load_attr.2': [(<numba.core.ir.Assign object at 0x7f8aac1e7440>,
                                 0)],
             '$4load_global.0': [(<numba.core.ir.Assign object at 0x7f8aac1e72f0>,
                                  0)],
             '$52load_attr.7': [(<numba.core.ir.Assign object at 0x7f8aac1e7ad0>,
                                 0)],
             '$72call.9': [(<numba.core.ir.Assign object at 0x7f8aac1e7c80>,
                            0)],
             '$84return_value.11': [(<numba.core.ir.Assign object at 0x7f8aac1e7e90>,
                                     0)],
             'arr': [(<numba.core.ir.Assign object at 0x7f8aac1e77d0>, 0)],
             'dtype': [(<numba.core.ir.Assign object at 0x7f8aac1e71a0>, 0)],
             'shape': [(<numba.core.ir.Assign object at 0x7f8aac1e70b0>, 0)]})
2026-06-28 01:19:39 [DEBUG] numba.core.ssa:171 — SSA violators <numba.core.utils.OrderedSet object at 0x7f8aac208530>
2026-06-28 01:19:39 [DEBUG] numba.core.byteflow:81 — bytecode dump:
>          0	NOP(arg=None, lineno=4525)
           2	COPY_FREE_VARS(arg=1, lineno=4525)
           4	RESUME(arg=0, lineno=4525)
           6	LOAD_GLOBAL(arg=1, lineno=4526)
          16	LOAD_FAST(arg=0, lineno=4526)
          18	LOAD_FAST(arg=1, lineno=4526)
          20	LOAD_DEREF(arg=2, lineno=4526)
          22	CALL(arg=3, lineno=4526)
          30	RETURN_VALUE(arg=None, lineno=4526)
2026-06-28 01:19:39 [DEBUG] numba.core.byteflow:108 — pending: deque([State(pc_initial=0 nstack_initial=0)])
2026-06-28 01:19:39 [DEBUG] numba.core.byteflow:111 — stack: []
2026-06-28 01:19:39 [DEBUG] numba.core.byteflow:112 — state.pc_initial: State(pc_initial=0 nstack_initial=0)
2026-06-28 01:19:39 [DEBUG] numba.core.byteflow:349 — dispatch pc=0, inst=NOP(arg=None, lineno=4525)
2026-06-28 01:19:39 [DEBUG] numba.core.byteflow:350 — stack []
2026-06-28 01:19:39 [DEBUG] numba.core.byteflow:349 — dispatch pc=2, inst=COPY_FREE_VARS(arg=1, lineno=4525)
2026-06-28 01:19:39 [DEBUG] numba.core.byteflow:350 — stack []
2026-06-28 01:19:39 [DEBUG] numba.core.byteflow:349 — dispatch pc=4, inst=RESUME(arg=0, lineno=4525)
2026-06-28 01:19:39 [DEBUG] numba.core.byteflow:350 — stack []
2026-06-28 01:19:39 [DEBUG] numba.core.byteflow:349 — dispatch pc=6, inst=LOAD_GLOBAL(arg=1, lineno=4526)
2026-06-28 01:19:39 [DEBUG] numba.core.byteflow:350 — stack []
2026-06-28 01:19:39 [DEBUG] numba.core.byteflow:349 — dispatch pc=16, inst=LOAD_FAST(arg=0, lineno=4526)
2026-06-28 01:19:39 [DEBUG] numba.core.byteflow:350 — stack ['$null$6.1', '$6load_global.0']
2026-06-28 01:19:39 [DEBUG] numba.core.byteflow:349 — dispatch pc=18, inst=LOAD_FAST(arg=1, lineno=4526)
2026-06-28 01:19:39 [DEBUG] numba.core.byteflow:350 — stack ['$null$6.1', '$6load_global.0', '$shape16.2']
2026-06-28 01:19:39 [DEBUG] numba.core.byteflow:349 — dispatch pc=20, inst=LOAD_DEREF(arg=2, lineno=4526)
2026-06-28 01:19:39 [DEBUG] numba.core.byteflow:350 — stack ['$null$6.1', '$6load_global.0', '$shape16.2', '$dtype18.3']
2026-06-28 01:19:39 [DEBUG] numba.core.byteflow:349 — dispatch pc=22, inst=CALL(arg=3, lineno=4526)
2026-06-28 01:19:39 [DEBUG] numba.core.byteflow:350 — stack ['$null$6.1', '$6load_global.0', '$shape16.2', '$dtype18.3', '$20load_deref.4']
2026-06-28 01:19:39 [DEBUG] numba.core.byteflow:349 — dispatch pc=30, inst=RETURN_VALUE(arg=None, lineno=4526)
2026-06-28 01:19:39 [DEBUG] numba.core.byteflow:350 — stack ['$22call.5']
2026-06-28 01:19:39 [DEBUG] numba.core.byteflow:130 — end state. edges=[]
2026-06-28 01:19:39 [DEBUG] numba.core.byteflow:211 — -------------------------Prune PHIs-------------------------
2026-06-28 01:19:39 [DEBUG] numba.core.byteflow:280 — Used_phis: defaultdict(<class 'set'>, {State(pc_initial=0 nstack_initial=0): set()})
2026-06-28 01:19:39 [DEBUG] numba.core.byteflow:237 — defmap: {}
2026-06-28 01:19:39 [DEBUG] numba.core.byteflow:238 — phismap: defaultdict(<class 'set'>, {})
2026-06-28 01:19:39 [DEBUG] numba.core.byteflow:259 — changing phismap: defaultdict(<class 'set'>, {})
2026-06-28 01:19:39 [DEBUG] numba.core.byteflow:268 — keep phismap: {}
2026-06-28 01:19:39 [DEBUG] numba.core.byteflow:274 — new_out: defaultdict(<class 'dict'>, {})
2026-06-28 01:19:39 [DEBUG] numba.core.byteflow:284 — ----------------------DONE Prune PHIs-----------------------
2026-06-28 01:19:39 [DEBUG] numba.core.byteflow:142 — block_infos State(pc_initial=0 nstack_initial=0):
AdaptBlockInfo(insts=((0, {}), (2, {}), (4, {}), (6, {'idx': 0, 'res': '$6load_global.0'}), (16, {'res': '$shape16.2'}), (18, {'res': '$dtype18.3'}), (20, {'res': '$20load_deref.4'}), (22, {'func': '$6load_global.0', 'args': ['$shape16.2', '$dtype18.3', '$20load_deref.4'], 'kw_names': None, 'res': '$22call.5'}), (30, {'retval': '$22call.5', 'castval': '$30return_value.6'})), outgoing_phis={}, blockstack=(), active_try_block=None, outgoing_edgepushed={})
2026-06-28 01:19:39 [DEBUG] numba.core.interpreter:1420 — label 0:
    shape = arg(0, name=shape)               ['shape']
    dtype = arg(1, name=dtype)               ['dtype']
    $6load_global.0 = global(numpy_empty_nd: <intrinsic numpy_empty_nd>) ['$6load_global.0']
    $20load_deref.4 = freevar(retty: array(float64, 1d, C)) ['$20load_deref.4']
    $22call.5 = call $6load_global.0(shape, dtype, $20load_deref.4, func=$6load_global.0, args=[Var(shape, arrayobj.py:4525), Var(dtype, arrayobj.py:4525), Var($20load_deref.4, arrayobj.py:4526)], kws=(), vararg=None, varkwarg=None, target=None) ['$20load_deref.4', '$22call.5', '$6load_global.0', 'dtype', 'shape']
    $30return_value.6 = cast(value=$22call.5) ['$22call.5', '$30return_value.6']
    return $30return_value.6                 ['$30return_value.6']

2026-06-28 01:19:39 [DEBUG] numba.core.ssa:177 — ==== SSA block analysis pass on 0
2026-06-28 01:19:39 [DEBUG] numba.core.ssa:207 — Running <numba.core.ssa._GatherDefsHandler object at 0x7f8aac1e6570>
2026-06-28 01:19:39 [DEBUG] numba.core.ssa:209 — on stmt: shape = arg(0, name=shape)
2026-06-28 01:19:39 [DEBUG] numba.core.ssa:209 — on stmt: dtype = arg(1, name=dtype)
2026-06-28 01:19:39 [DEBUG] numba.core.ssa:209 — on stmt: $6load_global.0 = global(numpy_empty_nd: <intrinsic numpy_empty_nd>)
2026-06-28 01:19:39 [DEBUG] numba.core.ssa:209 — on stmt: $20load_deref.4 = freevar(retty: array(float64, 1d, C))
2026-06-28 01:19:39 [DEBUG] numba.core.ssa:209 — on stmt: $22call.5 = call $6load_global.0(shape, dtype, $20load_deref.4, func=$6load_global.0, args=[Var(shape, arrayobj.py:4525), Var(dtype, arrayobj.py:4525), Var($20load_deref.4, arrayobj.py:4526)], kws=(), vararg=None, varkwarg=None, target=None)
2026-06-28 01:19:39 [DEBUG] numba.core.ssa:209 — on stmt: $30return_value.6 = cast(value=$22call.5)
2026-06-28 01:19:39 [DEBUG] numba.core.ssa:209 — on stmt: return $30return_value.6
2026-06-28 01:19:39 [DEBUG] numba.core.ssa:156 — defs defaultdict(<class 'list'>,
            {'$20load_deref.4': [(<numba.core.ir.Assign object at 0x7f8aac2086e0>,
                                  0)],
             '$22call.5': [(<numba.core.ir.Assign object at 0x7f8aac209f40>,
                            0)],
             '$30return_value.6': [(<numba.core.ir.Assign object at 0x7f8aac20a060>,
                                    0)],
             '$6load_global.0': [(<numba.core.ir.Assign object at 0x7f8aac208aa0>,
                                  0)],
             'dtype': [(<numba.core.ir.Assign object at 0x7f8aac209010>, 0)],
             'shape': [(<numba.core.ir.Assign object at 0x7f8aac209100>, 0)]})
2026-06-28 01:19:39 [DEBUG] numba.core.ssa:171 — SSA violators <numba.core.utils.OrderedSet object at 0x7f8aac1e6570>
2026-06-28 01:19:39 [DEBUG] numba.core.byteflow:81 — bytecode dump:
>          0	NOP(arg=None, lineno=4401)
           2	RESUME(arg=0, lineno=4401)
           4	LOAD_FAST(arg=0, lineno=4404)
           6	LOAD_ATTR(arg=1, lineno=4404)
          26	LOAD_FAST(arg=1, lineno=4404)
          28	LOAD_FAST(arg=2, lineno=4404)
          30	CALL(arg=2, lineno=4404)
          38	RETURN_VALUE(arg=None, lineno=4404)
2026-06-28 01:19:39 [DEBUG] numba.core.byteflow:108 — pending: deque([State(pc_initial=0 nstack_initial=0)])
2026-06-28 01:19:39 [DEBUG] numba.core.byteflow:111 — stack: []
2026-06-28 01:19:39 [DEBUG] numba.core.byteflow:112 — state.pc_initial: State(pc_initial=0 nstack_initial=0)
2026-06-28 01:19:39 [DEBUG] numba.core.byteflow:349 — dispatch pc=0, inst=NOP(arg=None, lineno=4401)
2026-06-28 01:19:39 [DEBUG] numba.core.byteflow:350 — stack []
2026-06-28 01:19:39 [DEBUG] numba.core.byteflow:349 — dispatch pc=2, inst=RESUME(arg=0, lineno=4401)
2026-06-28 01:19:39 [DEBUG] numba.core.byteflow:350 — stack []
2026-06-28 01:19:39 [DEBUG] numba.core.byteflow:349 — dispatch pc=4, inst=LOAD_FAST(arg=0, lineno=4404)
2026-06-28 01:19:39 [DEBUG] numba.core.byteflow:350 — stack []
2026-06-28 01:19:39 [DEBUG] numba.core.byteflow:349 — dispatch pc=6, inst=LOAD_ATTR(arg=1, lineno=4404)
2026-06-28 01:19:39 [DEBUG] numba.core.byteflow:350 — stack ['$arrtype4.0']
2026-06-28 01:19:39 [DEBUG] numba.core.byteflow:349 — dispatch pc=26, inst=LOAD_FAST(arg=1, lineno=4404)
2026-06-28 01:19:39 [DEBUG] numba.core.byteflow:350 — stack ['$null$6.2', '$6load_attr.1']
2026-06-28 01:19:39 [DEBUG] numba.core.byteflow:349 — dispatch pc=28, inst=LOAD_FAST(arg=2, lineno=4404)
2026-06-28 01:19:39 [DEBUG] numba.core.byteflow:350 — stack ['$null$6.2', '$6load_attr.1', '$size26.3']
2026-06-28 01:19:39 [DEBUG] numba.core.byteflow:349 — dispatch pc=30, inst=CALL(arg=2, lineno=4404)
2026-06-28 01:19:39 [DEBUG] numba.core.byteflow:350 — stack ['$null$6.2', '$6load_attr.1', '$size26.3', '$align28.4']
2026-06-28 01:19:39 [DEBUG] numba.core.byteflow:349 — dispatch pc=38, inst=RETURN_VALUE(arg=None, lineno=4404)
2026-06-28 01:19:39 [DEBUG] numba.core.byteflow:350 — stack ['$30call.5']
2026-06-28 01:19:39 [DEBUG] numba.core.byteflow:130 — end state. edges=[]
2026-06-28 01:19:39 [DEBUG] numba.core.byteflow:211 — -------------------------Prune PHIs-------------------------
2026-06-28 01:19:39 [DEBUG] numba.core.byteflow:280 — Used_phis: defaultdict(<class 'set'>, {State(pc_initial=0 nstack_initial=0): set()})
2026-06-28 01:19:39 [DEBUG] numba.core.byteflow:237 — defmap: {}
2026-06-28 01:19:39 [DEBUG] numba.core.byteflow:238 — phismap: defaultdict(<class 'set'>, {})
2026-06-28 01:19:39 [DEBUG] numba.core.byteflow:259 — changing phismap: defaultdict(<class 'set'>, {})
2026-06-28 01:19:39 [DEBUG] numba.core.byteflow:268 — keep phismap: {}
2026-06-28 01:19:39 [DEBUG] numba.core.byteflow:274 — new_out: defaultdict(<class 'dict'>, {})
2026-06-28 01:19:39 [DEBUG] numba.core.byteflow:284 — ----------------------DONE Prune PHIs-----------------------
2026-06-28 01:19:39 [DEBUG] numba.core.byteflow:142 — block_infos State(pc_initial=0 nstack_initial=0):
AdaptBlockInfo(insts=((0, {}), (2, {}), (4, {'res': '$arrtype4.0'}), (6, {'item': '$arrtype4.0', 'res': '$6load_attr.1'}), (26, {'res': '$size26.3'}), (28, {'res': '$align28.4'}), (30, {'func': '$6load_attr.1', 'args': ['$size26.3', '$align28.4'], 'kw_names': None, 'res': '$30call.5'}), (38, {'retval': '$30call.5', 'castval': '$38return_value.6'})), outgoing_phis={}, blockstack=(), active_try_block=None, outgoing_edgepushed={})
2026-06-28 01:19:39 [DEBUG] numba.core.interpreter:1420 — label 0:
    arrtype = arg(0, name=arrtype)           ['arrtype']
    size = arg(1, name=size)                 ['size']
    align = arg(2, name=align)               ['align']
    $6load_attr.1 = getattr(value=arrtype, attr=_allocate) ['$6load_attr.1', 'arrtype']
    $30call.5 = call $6load_attr.1(size, align, func=$6load_attr.1, args=[Var(size, arrayobj.py:4401), Var(align, arrayobj.py:4401)], kws=(), vararg=None, varkwarg=None, target=None) ['$30call.5', '$6load_attr.1', 'align', 'size']
    $38return_value.6 = cast(value=$30call.5) ['$30call.5', '$38return_value.6']
    return $38return_value.6                 ['$38return_value.6']

2026-06-28 01:19:39 [DEBUG] numba.core.ssa:177 — ==== SSA block analysis pass on 0
2026-06-28 01:19:39 [DEBUG] numba.core.ssa:207 — Running <numba.core.ssa._GatherDefsHandler object at 0x7f8aac0d9310>
2026-06-28 01:19:39 [DEBUG] numba.core.ssa:209 — on stmt: arrtype = arg(0, name=arrtype)
2026-06-28 01:19:39 [DEBUG] numba.core.ssa:209 — on stmt: size = arg(1, name=size)
2026-06-28 01:19:39 [DEBUG] numba.core.ssa:209 — on stmt: align = arg(2, name=align)
2026-06-28 01:19:39 [DEBUG] numba.core.ssa:209 — on stmt: $6load_attr.1 = getattr(value=arrtype, attr=_allocate)
2026-06-28 01:19:39 [DEBUG] numba.core.ssa:209 — on stmt: $30call.5 = call $6load_attr.1(size, align, func=$6load_attr.1, args=[Var(size, arrayobj.py:4401), Var(align, arrayobj.py:4401)], kws=(), vararg=None, varkwarg=None, target=None)
2026-06-28 01:19:39 [DEBUG] numba.core.ssa:209 — on stmt: $38return_value.6 = cast(value=$30call.5)
2026-06-28 01:19:39 [DEBUG] numba.core.ssa:209 — on stmt: return $38return_value.6
2026-06-28 01:19:39 [DEBUG] numba.core.ssa:156 — defs defaultdict(<class 'list'>,
            {'$30call.5': [(<numba.core.ir.Assign object at 0x7f8aac2c18e0>,
                            0)],
             '$38return_value.6': [(<numba.core.ir.Assign object at 0x7f8aac0d8110>,
                                    0)],
             '$6load_attr.1': [(<numba.core.ir.Assign object at 0x7f8aac2c36e0>,
                                0)],
             'align': [(<numba.core.ir.Assign object at 0x7f8aac2c3320>, 0)],
             'arrtype': [(<numba.core.ir.Assign object at 0x7f8aac2c3d70>, 0)],
             'size': [(<numba.core.ir.Assign object at 0x7f8aac2c3350>, 0)]})
2026-06-28 01:19:39 [DEBUG] numba.core.ssa:171 — SSA violators <numba.core.utils.OrderedSet object at 0x7f8aac0d9310>
2026-06-28 01:19:39 [DEBUG] numba.core.byteflow:81 — bytecode dump:
>          0	NOP(arg=None, lineno=4396)
           2	RESUME(arg=0, lineno=4396)
           4	LOAD_GLOBAL(arg=1, lineno=4397)
          14	LOAD_FAST(arg=1, lineno=4397)
          16	LOAD_FAST(arg=2, lineno=4397)
          18	CALL(arg=2, lineno=4397)
          26	RETURN_VALUE(arg=None, lineno=4397)
2026-06-28 01:19:39 [DEBUG] numba.core.byteflow:108 — pending: deque([State(pc_initial=0 nstack_initial=0)])
2026-06-28 01:19:39 [DEBUG] numba.core.byteflow:111 — stack: []
2026-06-28 01:19:39 [DEBUG] numba.core.byteflow:112 — state.pc_initial: State(pc_initial=0 nstack_initial=0)
2026-06-28 01:19:39 [DEBUG] numba.core.byteflow:349 — dispatch pc=0, inst=NOP(arg=None, lineno=4396)
2026-06-28 01:19:39 [DEBUG] numba.core.byteflow:350 — stack []
2026-06-28 01:19:39 [DEBUG] numba.core.byteflow:349 — dispatch pc=2, inst=RESUME(arg=0, lineno=4396)
2026-06-28 01:19:39 [DEBUG] numba.core.byteflow:350 — stack []
2026-06-28 01:19:39 [DEBUG] numba.core.byteflow:349 — dispatch pc=4, inst=LOAD_GLOBAL(arg=1, lineno=4397)
2026-06-28 01:19:39 [DEBUG] numba.core.byteflow:350 — stack []
2026-06-28 01:19:39 [DEBUG] numba.core.byteflow:349 — dispatch pc=14, inst=LOAD_FAST(arg=1, lineno=4397)
2026-06-28 01:19:39 [DEBUG] numba.core.byteflow:350 — stack ['$null$4.1', '$4load_global.0']
2026-06-28 01:19:39 [DEBUG] numba.core.byteflow:349 — dispatch pc=16, inst=LOAD_FAST(arg=2, lineno=4397)
2026-06-28 01:19:39 [DEBUG] numba.core.byteflow:350 — stack ['$null$4.1', '$4load_global.0', '$allocsize14.2']
2026-06-28 01:19:39 [DEBUG] numba.core.byteflow:349 — dispatch pc=18, inst=CALL(arg=2, lineno=4397)
2026-06-28 01:19:39 [DEBUG] numba.core.byteflow:350 — stack ['$null$4.1', '$4load_global.0', '$allocsize14.2', '$align16.3']
2026-06-28 01:19:39 [DEBUG] numba.core.byteflow:349 — dispatch pc=26, inst=RETURN_VALUE(arg=None, lineno=4397)
2026-06-28 01:19:39 [DEBUG] numba.core.byteflow:350 — stack ['$18call.4']
2026-06-28 01:19:39 [DEBUG] numba.core.byteflow:130 — end state. edges=[]
2026-06-28 01:19:39 [DEBUG] numba.core.byteflow:211 — -------------------------Prune PHIs-------------------------
2026-06-28 01:19:39 [DEBUG] numba.core.byteflow:280 — Used_phis: defaultdict(<class 'set'>, {State(pc_initial=0 nstack_initial=0): set()})
2026-06-28 01:19:39 [DEBUG] numba.core.byteflow:237 — defmap: {}
2026-06-28 01:19:39 [DEBUG] numba.core.byteflow:238 — phismap: defaultdict(<class 'set'>, {})
2026-06-28 01:19:39 [DEBUG] numba.core.byteflow:259 — changing phismap: defaultdict(<class 'set'>, {})
2026-06-28 01:19:39 [DEBUG] numba.core.byteflow:268 — keep phismap: {}
2026-06-28 01:19:39 [DEBUG] numba.core.byteflow:274 — new_out: defaultdict(<class 'dict'>, {})
2026-06-28 01:19:39 [DEBUG] numba.core.byteflow:284 — ----------------------DONE Prune PHIs-----------------------
2026-06-28 01:19:39 [DEBUG] numba.core.byteflow:142 — block_infos State(pc_initial=0 nstack_initial=0):
AdaptBlockInfo(insts=((0, {}), (2, {}), (4, {'idx': 0, 'res': '$4load_global.0'}), (14, {'res': '$allocsize14.2'}), (16, {'res': '$align16.3'}), (18, {'func': '$4load_global.0', 'args': ['$allocsize14.2', '$align16.3'], 'kw_names': None, 'res': '$18call.4'}), (26, {'retval': '$18call.4', 'castval': '$26return_value.5'})), outgoing_phis={}, blockstack=(), active_try_block=None, outgoing_edgepushed={})
2026-06-28 01:19:39 [DEBUG] numba.core.interpreter:1420 — label 0:
    cls = arg(0, name=cls)                   ['cls']
    allocsize = arg(1, name=allocsize)       ['allocsize']
    align = arg(2, name=align)               ['align']
    $4load_global.0 = global(intrin_alloc: <intrinsic intrin_alloc>) ['$4load_global.0']
    $18call.4 = call $4load_global.0(allocsize, align, func=$4load_global.0, args=[Var(allocsize, arrayobj.py:4396), Var(align, arrayobj.py:4396)], kws=(), vararg=None, varkwarg=None, target=None) ['$18call.4', '$4load_global.0', 'align', 'allocsize']
    $26return_value.5 = cast(value=$18call.4) ['$18call.4', '$26return_value.5']
    return $26return_value.5                 ['$26return_value.5']

2026-06-28 01:19:39 [DEBUG] numba.core.ssa:177 — ==== SSA block analysis pass on 0
2026-06-28 01:19:39 [DEBUG] numba.core.ssa:207 — Running <numba.core.ssa._GatherDefsHandler object at 0x7f8aac0db320>
2026-06-28 01:19:39 [DEBUG] numba.core.ssa:209 — on stmt: cls = arg(0, name=cls)
2026-06-28 01:19:39 [DEBUG] numba.core.ssa:209 — on stmt: allocsize = arg(1, name=allocsize)
2026-06-28 01:19:39 [DEBUG] numba.core.ssa:209 — on stmt: align = arg(2, name=align)
2026-06-28 01:19:39 [DEBUG] numba.core.ssa:209 — on stmt: $4load_global.0 = global(intrin_alloc: <intrinsic intrin_alloc>)
2026-06-28 01:19:39 [DEBUG] numba.core.ssa:209 — on stmt: $18call.4 = call $4load_global.0(allocsize, align, func=$4load_global.0, args=[Var(allocsize, arrayobj.py:4396), Var(align, arrayobj.py:4396)], kws=(), vararg=None, varkwarg=None, target=None)
2026-06-28 01:19:39 [DEBUG] numba.core.ssa:209 — on stmt: $26return_value.5 = cast(value=$18call.4)
2026-06-28 01:19:39 [DEBUG] numba.core.ssa:209 — on stmt: return $26return_value.5
2026-06-28 01:19:39 [DEBUG] numba.core.ssa:156 — defs defaultdict(<class 'list'>,
            {'$18call.4': [(<numba.core.ir.Assign object at 0x7f8aac0dad20>,
                            0)],
             '$26return_value.5': [(<numba.core.ir.Assign object at 0x7f8aac0dae40>,
                                    0)],
             '$4load_global.0': [(<numba.core.ir.Assign object at 0x7f8aac0da990>,
                                  0)],
             'align': [(<numba.core.ir.Assign object at 0x7f8aac0da840>, 0)],
             'allocsize': [(<numba.core.ir.Assign object at 0x7f8aac0da750>,
                            0)],
             'cls': [(<numba.core.ir.Assign object at 0x7f8aac0da660>, 0)]})
2026-06-28 01:19:39 [DEBUG] numba.core.ssa:171 — SSA violators <numba.core.utils.OrderedSet object at 0x7f8aac0db320>
2026-06-28 01:19:39 [DEBUG] numba.core.byteflow:81 — bytecode dump:
>          0	NOP(arg=None, lineno=4584)
           2	RESUME(arg=0, lineno=4584)
           4	LOAD_GLOBAL(arg=1, lineno=4585)
          14	LOAD_FAST(arg=0, lineno=4585)
          16	CALL(arg=1, lineno=4585)
          24	POP_TOP(arg=None, lineno=4585)
          26	RETURN_CONST(arg=0, lineno=4585)
2026-06-28 01:19:39 [DEBUG] numba.core.byteflow:108 — pending: deque([State(pc_initial=0 nstack_initial=0)])
2026-06-28 01:19:39 [DEBUG] numba.core.byteflow:111 — stack: []
2026-06-28 01:19:39 [DEBUG] numba.core.byteflow:112 — state.pc_initial: State(pc_initial=0 nstack_initial=0)
2026-06-28 01:19:39 [DEBUG] numba.core.byteflow:349 — dispatch pc=0, inst=NOP(arg=None, lineno=4584)
2026-06-28 01:19:39 [DEBUG] numba.core.byteflow:350 — stack []
2026-06-28 01:19:39 [DEBUG] numba.core.byteflow:349 — dispatch pc=2, inst=RESUME(arg=0, lineno=4584)
2026-06-28 01:19:39 [DEBUG] numba.core.byteflow:350 — stack []
2026-06-28 01:19:39 [DEBUG] numba.core.byteflow:349 — dispatch pc=4, inst=LOAD_GLOBAL(arg=1, lineno=4585)
2026-06-28 01:19:39 [DEBUG] numba.core.byteflow:350 — stack []
2026-06-28 01:19:39 [DEBUG] numba.core.byteflow:349 — dispatch pc=14, inst=LOAD_FAST(arg=0, lineno=4585)
2026-06-28 01:19:39 [DEBUG] numba.core.byteflow:350 — stack ['$null$4.1', '$4load_global.0']
2026-06-28 01:19:39 [DEBUG] numba.core.byteflow:349 — dispatch pc=16, inst=CALL(arg=1, lineno=4585)
2026-06-28 01:19:39 [DEBUG] numba.core.byteflow:350 — stack ['$null$4.1', '$4load_global.0', '$self14.2']
2026-06-28 01:19:39 [DEBUG] numba.core.byteflow:349 — dispatch pc=24, inst=POP_TOP(arg=None, lineno=4585)
2026-06-28 01:19:39 [DEBUG] numba.core.byteflow:350 — stack ['$16call.3']
2026-06-28 01:19:39 [DEBUG] numba.core.byteflow:349 — dispatch pc=26, inst=RETURN_CONST(arg=0, lineno=4585)
2026-06-28 01:19:39 [DEBUG] numba.core.byteflow:350 — stack []
2026-06-28 01:19:39 [DEBUG] numba.core.byteflow:130 — end state. edges=[]
2026-06-28 01:19:39 [DEBUG] numba.core.byteflow:211 — -------------------------Prune PHIs-------------------------
2026-06-28 01:19:39 [DEBUG] numba.core.byteflow:280 — Used_phis: defaultdict(<class 'set'>, {State(pc_initial=0 nstack_initial=0): set()})
2026-06-28 01:19:39 [DEBUG] numba.core.byteflow:237 — defmap: {}
2026-06-28 01:19:39 [DEBUG] numba.core.byteflow:238 — phismap: defaultdict(<class 'set'>, {})
2026-06-28 01:19:39 [DEBUG] numba.core.byteflow:259 — changing phismap: defaultdict(<class 'set'>, {})
2026-06-28 01:19:39 [DEBUG] numba.core.byteflow:268 — keep phismap: {}
2026-06-28 01:19:39 [DEBUG] numba.core.byteflow:274 — new_out: defaultdict(<class 'dict'>, {})
2026-06-28 01:19:39 [DEBUG] numba.core.byteflow:284 — ----------------------DONE Prune PHIs-----------------------
2026-06-28 01:19:39 [DEBUG] numba.core.byteflow:142 — block_infos State(pc_initial=0 nstack_initial=0):
AdaptBlockInfo(insts=((0, {}), (2, {}), (4, {'idx': 0, 'res': '$4load_global.0'}), (14, {'res': '$self14.2'}), (16, {'func': '$4load_global.0', 'args': ['$self14.2'], 'kw_names': None, 'res': '$16call.3'}), (26, {'retval': '$const26.4', 'castval': '$26return_const.5'})), outgoing_phis={}, blockstack=(), active_try_block=None, outgoing_edgepushed={})
2026-06-28 01:19:39 [DEBUG] numba.core.interpreter:1420 — label 0:
    self = arg(0, name=self)                 ['self']
    $4load_global.0 = global(_zero_fill_array_method: <intrinsic _zero_fill_array_method>) ['$4load_global.0']
    $16call.3 = call $4load_global.0(self, func=$4load_global.0, args=[Var(self, arrayobj.py:4584)], kws=(), vararg=None, varkwarg=None, target=None) ['$16call.3', '$4load_global.0', 'self']
    $const26.4 = const(NoneType, None)       ['$const26.4']
    $26return_const.5 = cast(value=$const26.4) ['$26return_const.5', '$const26.4']
    return $26return_const.5                 ['$26return_const.5']

2026-06-28 01:19:39 [DEBUG] numba.core.ssa:177 — ==== SSA block analysis pass on 0
2026-06-28 01:19:39 [DEBUG] numba.core.ssa:207 — Running <numba.core.ssa._GatherDefsHandler object at 0x7f8aac15f3b0>
2026-06-28 01:19:39 [DEBUG] numba.core.ssa:209 — on stmt: self = arg(0, name=self)
2026-06-28 01:19:39 [DEBUG] numba.core.ssa:209 — on stmt: $4load_global.0 = global(_zero_fill_array_method: <intrinsic _zero_fill_array_method>)
2026-06-28 01:19:39 [DEBUG] numba.core.ssa:209 — on stmt: $16call.3 = call $4load_global.0(self, func=$4load_global.0, args=[Var(self, arrayobj.py:4584)], kws=(), vararg=None, varkwarg=None, target=None)
2026-06-28 01:19:39 [DEBUG] numba.core.ssa:209 — on stmt: $const26.4 = const(NoneType, None)
2026-06-28 01:19:39 [DEBUG] numba.core.ssa:209 — on stmt: $26return_const.5 = cast(value=$const26.4)
2026-06-28 01:19:39 [DEBUG] numba.core.ssa:209 — on stmt: return $26return_const.5
2026-06-28 01:19:39 [DEBUG] numba.core.ssa:156 — defs defaultdict(<class 'list'>,
            {'$16call.3': [(<numba.core.ir.Assign object at 0x7f8aac15fec0>,
                            0)],
             '$26return_const.5': [(<numba.core.ir.Assign object at 0x7f8aac174110>,
                                    0)],
             '$4load_global.0': [(<numba.core.ir.Assign object at 0x7f8aac15fc20>,
                                  0)],
             '$const26.4': [(<numba.core.ir.Assign object at 0x7f8aac15ffb0>,
                             0)],
             'self': [(<numba.core.ir.Assign object at 0x7f8aac15fad0>, 0)]})
2026-06-28 01:19:39 [DEBUG] numba.core.ssa:171 — SSA violators <numba.core.utils.OrderedSet object at 0x7f8aac15f3b0>
2026-06-28 01:19:40 [DEBUG] numba.core.byteflow:81 — bytecode dump:
>          0	NOP(arg=None, lineno=582)
           2	COPY_FREE_VARS(arg=1, lineno=582)
           4	RESUME(arg=0, lineno=582)
           6	PUSH_NULL(arg=None, lineno=582)
           8	LOAD_DEREF(arg=2, lineno=582)
          10	LOAD_FAST(arg=0, lineno=582)
          12	LOAD_FAST(arg=1, lineno=582)
          14	CALL(arg=2, lineno=582)
          22	RETURN_VALUE(arg=None, lineno=582)
2026-06-28 01:19:40 [DEBUG] numba.core.byteflow:108 — pending: deque([State(pc_initial=0 nstack_initial=0)])
2026-06-28 01:19:40 [DEBUG] numba.core.byteflow:111 — stack: []
2026-06-28 01:19:40 [DEBUG] numba.core.byteflow:112 — state.pc_initial: State(pc_initial=0 nstack_initial=0)
2026-06-28 01:19:40 [DEBUG] numba.core.byteflow:349 — dispatch pc=0, inst=NOP(arg=None, lineno=582)
2026-06-28 01:19:40 [DEBUG] numba.core.byteflow:350 — stack []
2026-06-28 01:19:40 [DEBUG] numba.core.byteflow:349 — dispatch pc=2, inst=COPY_FREE_VARS(arg=1, lineno=582)
2026-06-28 01:19:40 [DEBUG] numba.core.byteflow:350 — stack []
2026-06-28 01:19:40 [DEBUG] numba.core.byteflow:349 — dispatch pc=4, inst=RESUME(arg=0, lineno=582)
2026-06-28 01:19:40 [DEBUG] numba.core.byteflow:350 — stack []
2026-06-28 01:19:40 [DEBUG] numba.core.byteflow:349 — dispatch pc=6, inst=PUSH_NULL(arg=None, lineno=582)
2026-06-28 01:19:40 [DEBUG] numba.core.byteflow:350 — stack []
2026-06-28 01:19:40 [DEBUG] numba.core.byteflow:349 — dispatch pc=8, inst=LOAD_DEREF(arg=2, lineno=582)
2026-06-28 01:19:40 [DEBUG] numba.core.byteflow:350 — stack ['$null$6.0']
2026-06-28 01:19:40 [DEBUG] numba.core.byteflow:349 — dispatch pc=10, inst=LOAD_FAST(arg=0, lineno=582)
2026-06-28 01:19:40 [DEBUG] numba.core.byteflow:350 — stack ['$null$6.0', '$8load_deref.1']
2026-06-28 01:19:40 [DEBUG] numba.core.byteflow:349 — dispatch pc=12, inst=LOAD_FAST(arg=1, lineno=582)
2026-06-28 01:19:40 [DEBUG] numba.core.byteflow:350 — stack ['$null$6.0', '$8load_deref.1', '$a10.2']
2026-06-28 01:19:40 [DEBUG] numba.core.byteflow:349 — dispatch pc=14, inst=CALL(arg=2, lineno=582)
2026-06-28 01:19:40 [DEBUG] numba.core.byteflow:350 — stack ['$null$6.0', '$8load_deref.1', '$a10.2', '$b12.3']
2026-06-28 01:19:40 [DEBUG] numba.core.byteflow:349 — dispatch pc=22, inst=RETURN_VALUE(arg=None, lineno=582)
2026-06-28 01:19:40 [DEBUG] numba.core.byteflow:350 — stack ['$14call.4']
2026-06-28 01:19:40 [DEBUG] numba.core.byteflow:130 — end state. edges=[]
2026-06-28 01:19:40 [DEBUG] numba.core.byteflow:211 — -------------------------Prune PHIs-------------------------
2026-06-28 01:19:40 [DEBUG] numba.core.byteflow:280 — Used_phis: defaultdict(<class 'set'>, {State(pc_initial=0 nstack_initial=0): set()})
2026-06-28 01:19:40 [DEBUG] numba.core.byteflow:237 — defmap: {}
2026-06-28 01:19:40 [DEBUG] numba.core.byteflow:238 — phismap: defaultdict(<class 'set'>, {})
2026-06-28 01:19:40 [DEBUG] numba.core.byteflow:259 — changing phismap: defaultdict(<class 'set'>, {})
2026-06-28 01:19:40 [DEBUG] numba.core.byteflow:268 — keep phismap: {}
2026-06-28 01:19:40 [DEBUG] numba.core.byteflow:274 — new_out: defaultdict(<class 'dict'>, {})
2026-06-28 01:19:40 [DEBUG] numba.core.byteflow:284 — ----------------------DONE Prune PHIs-----------------------
2026-06-28 01:19:40 [DEBUG] numba.core.byteflow:142 — block_infos State(pc_initial=0 nstack_initial=0):
AdaptBlockInfo(insts=((0, {}), (2, {}), (4, {}), (6, {}), (8, {'res': '$8load_deref.1'}), (10, {'res': '$a10.2'}), (12, {'res': '$b12.3'}), (14, {'func': '$8load_deref.1', 'args': ['$a10.2', '$b12.3'], 'kw_names': None, 'res': '$14call.4'}), (22, {'retval': '$14call.4', 'castval': '$22return_value.5'})), outgoing_phis={}, blockstack=(), active_try_block=None, outgoing_edgepushed={})
2026-06-28 01:19:40 [DEBUG] numba.core.interpreter:1420 — label 0:
    a = arg(0, name=a)                       ['a']
    b = arg(1, name=b)                       ['b']
    $8load_deref.1 = freevar(_impl: <intrinsic _impl>) ['$8load_deref.1']
    $14call.4 = call $8load_deref.1(a, b, func=$8load_deref.1, args=[Var(a, linalg.py:582), Var(b, linalg.py:582)], kws=(), vararg=None, varkwarg=None, target=None) ['$14call.4', '$8load_deref.1', 'a', 'b']
    $22return_value.5 = cast(value=$14call.4) ['$14call.4', '$22return_value.5']
    return $22return_value.5                 ['$22return_value.5']

2026-06-28 01:19:40 [DEBUG] numba.core.ssa:177 — ==== SSA block analysis pass on 0
2026-06-28 01:19:40 [DEBUG] numba.core.ssa:207 — Running <numba.core.ssa._GatherDefsHandler object at 0x7f8a916fa5d0>
2026-06-28 01:19:40 [DEBUG] numba.core.ssa:209 — on stmt: a = arg(0, name=a)
2026-06-28 01:19:40 [DEBUG] numba.core.ssa:209 — on stmt: b = arg(1, name=b)
2026-06-28 01:19:40 [DEBUG] numba.core.ssa:209 — on stmt: $8load_deref.1 = freevar(_impl: <intrinsic _impl>)
2026-06-28 01:19:40 [DEBUG] numba.core.ssa:209 — on stmt: $14call.4 = call $8load_deref.1(a, b, func=$8load_deref.1, args=[Var(a, linalg.py:582), Var(b, linalg.py:582)], kws=(), vararg=None, varkwarg=None, target=None)
2026-06-28 01:19:40 [DEBUG] numba.core.ssa:209 — on stmt: $22return_value.5 = cast(value=$14call.4)
2026-06-28 01:19:40 [DEBUG] numba.core.ssa:209 — on stmt: return $22return_value.5
2026-06-28 01:19:40 [DEBUG] numba.core.ssa:156 — defs defaultdict(<class 'list'>,
            {'$14call.4': [(<numba.core.ir.Assign object at 0x7f8a916fa060>,
                            0)],
             '$22return_value.5': [(<numba.core.ir.Assign object at 0x7f8a916fa180>,
                                    0)],
             '$8load_deref.1': [(<numba.core.ir.Assign object at 0x7f8a916f9cd0>,
                                 0)],
             'a': [(<numba.core.ir.Assign object at 0x7f8a916f9a90>, 0)],
             'b': [(<numba.core.ir.Assign object at 0x7f8a916f9b80>, 0)]})
2026-06-28 01:19:40 [DEBUG] numba.core.ssa:171 — SSA violators <numba.core.utils.OrderedSet object at 0x7f8a916fa5d0>
2026-06-28 01:19:40 [DEBUG] numba.core.byteflow:81 — bytecode dump:
>          0	NOP(arg=None, lineno=509)
           2	RESUME(arg=0, lineno=509)
           4	LOAD_FAST(arg=0, lineno=510)
           6	LOAD_ATTR(arg=0, lineno=510)
          26	UNPACK_SEQUENCE(arg=1, lineno=510)
          30	STORE_FAST(arg=2, lineno=510)
          32	LOAD_FAST(arg=1, lineno=511)
          34	LOAD_ATTR(arg=0, lineno=511)
          54	UNPACK_SEQUENCE(arg=1, lineno=511)
          58	STORE_FAST(arg=3, lineno=511)
          60	LOAD_FAST(arg=2, lineno=512)
          62	LOAD_FAST(arg=3, lineno=512)
          64	COMPARE_OP(arg=55, lineno=512)
          68	POP_JUMP_IF_FALSE(arg=11, lineno=512)
          70	LOAD_GLOBAL(arg=3, lineno=513)
          80	LOAD_CONST(arg=1, lineno=513)
          82	CALL(arg=1, lineno=513)
          90	RAISE_VARARGS(arg=1, lineno=513)
>         92	RETURN_CONST(arg=0, lineno=512)
2026-06-28 01:19:40 [DEBUG] numba.core.byteflow:108 — pending: deque([State(pc_initial=0 nstack_initial=0)])
2026-06-28 01:19:40 [DEBUG] numba.core.byteflow:111 — stack: []
2026-06-28 01:19:40 [DEBUG] numba.core.byteflow:112 — state.pc_initial: State(pc_initial=0 nstack_initial=0)
2026-06-28 01:19:40 [DEBUG] numba.core.byteflow:349 — dispatch pc=0, inst=NOP(arg=None, lineno=509)
2026-06-28 01:19:40 [DEBUG] numba.core.byteflow:350 — stack []
2026-06-28 01:19:40 [DEBUG] numba.core.byteflow:349 — dispatch pc=2, inst=RESUME(arg=0, lineno=509)
2026-06-28 01:19:40 [DEBUG] numba.core.byteflow:350 — stack []
2026-06-28 01:19:40 [DEBUG] numba.core.byteflow:349 — dispatch pc=4, inst=LOAD_FAST(arg=0, lineno=510)
2026-06-28 01:19:40 [DEBUG] numba.core.byteflow:350 — stack []
2026-06-28 01:19:40 [DEBUG] numba.core.byteflow:349 — dispatch pc=6, inst=LOAD_ATTR(arg=0, lineno=510)
2026-06-28 01:19:40 [DEBUG] numba.core.byteflow:350 — stack ['$a4.0']
2026-06-28 01:19:40 [DEBUG] numba.core.byteflow:349 — dispatch pc=26, inst=UNPACK_SEQUENCE(arg=1, lineno=510)
2026-06-28 01:19:40 [DEBUG] numba.core.byteflow:350 — stack ['$6load_attr.1']
2026-06-28 01:19:40 [DEBUG] numba.core.byteflow:349 — dispatch pc=30, inst=STORE_FAST(arg=2, lineno=510)
2026-06-28 01:19:40 [DEBUG] numba.core.byteflow:350 — stack ['$26unpack_sequence.2']
2026-06-28 01:19:40 [DEBUG] numba.core.byteflow:349 — dispatch pc=32, inst=LOAD_FAST(arg=1, lineno=511)
2026-06-28 01:19:40 [DEBUG] numba.core.byteflow:350 — stack []
2026-06-28 01:19:40 [DEBUG] numba.core.byteflow:349 — dispatch pc=34, inst=LOAD_ATTR(arg=0, lineno=511)
2026-06-28 01:19:40 [DEBUG] numba.core.byteflow:350 — stack ['$b32.4']
2026-06-28 01:19:40 [DEBUG] numba.core.byteflow:349 — dispatch pc=54, inst=UNPACK_SEQUENCE(arg=1, lineno=511)
2026-06-28 01:19:40 [DEBUG] numba.core.byteflow:350 — stack ['$34load_attr.5']
2026-06-28 01:19:40 [DEBUG] numba.core.byteflow:349 — dispatch pc=58, inst=STORE_FAST(arg=3, lineno=511)
2026-06-28 01:19:40 [DEBUG] numba.core.byteflow:350 — stack ['$54unpack_sequence.6']
2026-06-28 01:19:40 [DEBUG] numba.core.byteflow:349 — dispatch pc=60, inst=LOAD_FAST(arg=2, lineno=512)
2026-06-28 01:19:40 [DEBUG] numba.core.byteflow:350 — stack []
2026-06-28 01:19:40 [DEBUG] numba.core.byteflow:349 — dispatch pc=62, inst=LOAD_FAST(arg=3, lineno=512)
2026-06-28 01:19:40 [DEBUG] numba.core.byteflow:350 — stack ['$m60.8']
2026-06-28 01:19:40 [DEBUG] numba.core.byteflow:349 — dispatch pc=64, inst=COMPARE_OP(arg=55, lineno=512)
2026-06-28 01:19:40 [DEBUG] numba.core.byteflow:350 — stack ['$m60.8', '$n62.9']
2026-06-28 01:19:40 [DEBUG] numba.core.byteflow:349 — dispatch pc=68, inst=POP_JUMP_IF_FALSE(arg=11, lineno=512)
2026-06-28 01:19:40 [DEBUG] numba.core.byteflow:350 — stack ['$64compare_op.10']
2026-06-28 01:19:40 [DEBUG] numba.core.byteflow:130 — end state. edges=[Edge(pc=70, stack=(), blockstack=(), npush=0), Edge(pc=92, stack=(), blockstack=(), npush=0)]
2026-06-28 01:19:40 [DEBUG] numba.core.byteflow:108 — pending: deque([State(pc_initial=70 nstack_initial=0), State(pc_initial=92 nstack_initial=0)])
2026-06-28 01:19:40 [DEBUG] numba.core.byteflow:111 — stack: []
2026-06-28 01:19:40 [DEBUG] numba.core.byteflow:112 — state.pc_initial: State(pc_initial=70 nstack_initial=0)
2026-06-28 01:19:40 [DEBUG] numba.core.byteflow:349 — dispatch pc=70, inst=LOAD_GLOBAL(arg=3, lineno=513)
2026-06-28 01:19:40 [DEBUG] numba.core.byteflow:350 — stack []
2026-06-28 01:19:40 [DEBUG] numba.core.byteflow:349 — dispatch pc=80, inst=LOAD_CONST(arg=1, lineno=513)
2026-06-28 01:19:40 [DEBUG] numba.core.byteflow:350 — stack ['$null$70.1', '$70load_global.0']
2026-06-28 01:19:40 [DEBUG] numba.core.byteflow:349 — dispatch pc=82, inst=CALL(arg=1, lineno=513)
2026-06-28 01:19:40 [DEBUG] numba.core.byteflow:350 — stack ['$null$70.1', '$70load_global.0', '$const80.2.1']
2026-06-28 01:19:40 [DEBUG] numba.core.byteflow:349 — dispatch pc=90, inst=RAISE_VARARGS(arg=1, lineno=513)
2026-06-28 01:19:40 [DEBUG] numba.core.byteflow:350 — stack ['$82call.3']
2026-06-28 01:19:40 [DEBUG] numba.core.byteflow:130 — end state. edges=[]
2026-06-28 01:19:40 [DEBUG] numba.core.byteflow:108 — pending: deque([State(pc_initial=92 nstack_initial=0)])
2026-06-28 01:19:40 [DEBUG] numba.core.byteflow:111 — stack: []
2026-06-28 01:19:40 [DEBUG] numba.core.byteflow:112 — state.pc_initial: State(pc_initial=92 nstack_initial=0)
2026-06-28 01:19:40 [DEBUG] numba.core.byteflow:349 — dispatch pc=92, inst=RETURN_CONST(arg=0, lineno=512)
2026-06-28 01:19:40 [DEBUG] numba.core.byteflow:350 — stack []
2026-06-28 01:19:40 [DEBUG] numba.core.byteflow:130 — end state. edges=[]
2026-06-28 01:19:40 [DEBUG] numba.core.byteflow:211 — -------------------------Prune PHIs-------------------------
2026-06-28 01:19:40 [DEBUG] numba.core.byteflow:280 — Used_phis: defaultdict(<class 'set'>,
            {State(pc_initial=0 nstack_initial=0): set(),
             State(pc_initial=70 nstack_initial=0): set(),
             State(pc_initial=92 nstack_initial=0): set()})
2026-06-28 01:19:40 [DEBUG] numba.core.byteflow:237 — defmap: {}
2026-06-28 01:19:40 [DEBUG] numba.core.byteflow:238 — phismap: defaultdict(<class 'set'>, {})
2026-06-28 01:19:40 [DEBUG] numba.core.byteflow:259 — changing phismap: defaultdict(<class 'set'>, {})
2026-06-28 01:19:40 [DEBUG] numba.core.byteflow:268 — keep phismap: {}
2026-06-28 01:19:40 [DEBUG] numba.core.byteflow:274 — new_out: defaultdict(<class 'dict'>, {})
2026-06-28 01:19:40 [DEBUG] numba.core.byteflow:284 — ----------------------DONE Prune PHIs-----------------------
2026-06-28 01:19:40 [DEBUG] numba.core.byteflow:142 — block_infos State(pc_initial=0 nstack_initial=0):
AdaptBlockInfo(insts=((0, {}), (2, {}), (4, {'res': '$a4.0'}), (6, {'item': '$a4.0', 'res': '$6load_attr.1'}), (26, {'iterable': '$6load_attr.1', 'stores': ['$26unpack_sequence.2'], 'tupleobj': '$26unpack_sequence.3'}), (30, {'value': '$26unpack_sequence.2'}), (32, {'res': '$b32.4'}), (34, {'item': '$b32.4', 'res': '$34load_attr.5'}), (54, {'iterable': '$34load_attr.5', 'stores': ['$54unpack_sequence.6'], 'tupleobj': '$54unpack_sequence.7'}), (58, {'value': '$54unpack_sequence.6'}), (60, {'res': '$m60.8'}), (62, {'res': '$n62.9'}), (64, {'lhs': '$m60.8', 'rhs': '$n62.9', 'res': '$64compare_op.10'}), (68, {'pred': '$64compare_op.10'})), outgoing_phis={}, blockstack=(), active_try_block=None, outgoing_edgepushed={70: (), 92: ()})
2026-06-28 01:19:40 [DEBUG] numba.core.byteflow:142 — block_infos State(pc_initial=70 nstack_initial=0):
AdaptBlockInfo(insts=((70, {'idx': 1, 'res': '$70load_global.0'}), (80, {'res': '$const80.2.1'}), (82, {'func': '$70load_global.0', 'args': ['$const80.2.1'], 'kw_names': None, 'res': '$82call.3'}), (90, {'exc': '$82call.3'})), outgoing_phis={}, blockstack=(), active_try_block=None, outgoing_edgepushed={})
2026-06-28 01:19:40 [DEBUG] numba.core.byteflow:142 — block_infos State(pc_initial=92 nstack_initial=0):
AdaptBlockInfo(insts=((92, {'retval': '$const92.0', 'castval': '$92return_const.1'}),), outgoing_phis={}, blockstack=(), active_try_block=None, outgoing_edgepushed={})
2026-06-28 01:19:40 [DEBUG] numba.core.interpreter:1420 — label 0:
    a = arg(0, name=a)                       ['a']
    b = arg(1, name=b)                       ['b']
    $6load_attr.1 = getattr(value=a, attr=shape) ['$6load_attr.1', 'a']
    $26unpack_sequence.3 = exhaust_iter(value=$6load_attr.1, count=1) ['$26unpack_sequence.3', '$6load_attr.1']
    m = static_getitem(value=$26unpack_sequence.3, index=0, index_var=None, fn=<built-in function getitem>) ['$26unpack_sequence.3', 'm']
    $34load_attr.5 = getattr(value=b, attr=shape) ['$34load_attr.5', 'b']
    $54unpack_sequence.7 = exhaust_iter(value=$34load_attr.5, count=1) ['$34load_attr.5', '$54unpack_sequence.7']
    n = static_getitem(value=$54unpack_sequence.7, index=0, index_var=None, fn=<built-in function getitem>) ['$54unpack_sequence.7', 'n']
    $64compare_op.10 = m != n                ['$64compare_op.10', 'm', 'n']
    $bool68 = global(bool: <class 'bool'>)   ['$bool68']
    $68pred = call $bool68($64compare_op.10, func=$bool68, args=(Var($64compare_op.10, linalg.py:512),), kws=(), vararg=None, varkwarg=None, target=None) ['$64compare_op.10', '$68pred', '$bool68']
    branch $68pred, 70, 92                   ['$68pred']
label 70:
    $70load_global.0 = global(ValueError: <class 'ValueError'>) ['$70load_global.0']
    $const80.2.1 = const(str, incompatible array sizes for np.dot(a, b) (vector * vector)) ['$const80.2.1']
    $82call.3 = call $70load_global.0($const80.2.1, func=$70load_global.0, args=[Var($const80.2.1, linalg.py:513)], kws=(), vararg=None, varkwarg=None, target=None) ['$70load_global.0', '$82call.3', '$const80.2.1']
    raise $82call.3                          ['$82call.3']
label 92:
    $const92.0 = const(NoneType, None)       ['$const92.0']
    $92return_const.1 = cast(value=$const92.0) ['$92return_const.1', '$const92.0']
    return $92return_const.1                 ['$92return_const.1']

2026-06-28 01:19:40 [DEBUG] numba.core.ssa:177 — ==== SSA block analysis pass on 0
2026-06-28 01:19:40 [DEBUG] numba.core.ssa:207 — Running <numba.core.ssa._GatherDefsHandler object at 0x7f8aac1b7890>
2026-06-28 01:19:40 [DEBUG] numba.core.ssa:209 — on stmt: a = arg(0, name=a)
2026-06-28 01:19:40 [DEBUG] numba.core.ssa:209 — on stmt: b = arg(1, name=b)
2026-06-28 01:19:40 [DEBUG] numba.core.ssa:209 — on stmt: $6load_attr.1 = getattr(value=a, attr=shape)
2026-06-28 01:19:40 [DEBUG] numba.core.ssa:209 — on stmt: $26unpack_sequence.3 = exhaust_iter(value=$6load_attr.1, count=1)
2026-06-28 01:19:40 [DEBUG] numba.core.ssa:209 — on stmt: m = static_getitem(value=$26unpack_sequence.3, index=0, index_var=None, fn=<built-in function getitem>)
2026-06-28 01:19:40 [DEBUG] numba.core.ssa:209 — on stmt: $34load_attr.5 = getattr(value=b, attr=shape)
2026-06-28 01:19:40 [DEBUG] numba.core.ssa:209 — on stmt: $54unpack_sequence.7 = exhaust_iter(value=$34load_attr.5, count=1)
2026-06-28 01:19:40 [DEBUG] numba.core.ssa:209 — on stmt: n = static_getitem(value=$54unpack_sequence.7, index=0, index_var=None, fn=<built-in function getitem>)
2026-06-28 01:19:40 [DEBUG] numba.core.ssa:209 — on stmt: $64compare_op.10 = m != n
2026-06-28 01:19:40 [DEBUG] numba.core.ssa:209 — on stmt: $bool68 = global(bool: <class 'bool'>)
2026-06-28 01:19:40 [DEBUG] numba.core.ssa:209 — on stmt: $68pred = call $bool68($64compare_op.10, func=$bool68, args=(Var($64compare_op.10, linalg.py:512),), kws=(), vararg=None, varkwarg=None, target=None)
2026-06-28 01:19:40 [DEBUG] numba.core.ssa:209 — on stmt: branch $68pred, 70, 92
2026-06-28 01:19:40 [DEBUG] numba.core.ssa:177 — ==== SSA block analysis pass on 70
2026-06-28 01:19:40 [DEBUG] numba.core.ssa:207 — Running <numba.core.ssa._GatherDefsHandler object at 0x7f8aac1b7890>
2026-06-28 01:19:40 [DEBUG] numba.core.ssa:209 — on stmt: $70load_global.0 = global(ValueError: <class 'ValueError'>)
2026-06-28 01:19:40 [DEBUG] numba.core.ssa:209 — on stmt: $const80.2.1 = const(str, incompatible array sizes for np.dot(a, b) (vector * vector))
2026-06-28 01:19:40 [DEBUG] numba.core.ssa:209 — on stmt: $82call.3 = call $70load_global.0($const80.2.1, func=$70load_global.0, args=[Var($const80.2.1, linalg.py:513)], kws=(), vararg=None, varkwarg=None, target=None)
2026-06-28 01:19:40 [DEBUG] numba.core.ssa:209 — on stmt: <static> raise <class 'ValueError'>('incompatible array sizes for np.dot(a, b) (vector * vector)')
2026-06-28 01:19:40 [DEBUG] numba.core.ssa:177 — ==== SSA block analysis pass on 92
2026-06-28 01:19:40 [DEBUG] numba.core.ssa:207 — Running <numba.core.ssa._GatherDefsHandler object at 0x7f8aac1b7890>
2026-06-28 01:19:40 [DEBUG] numba.core.ssa:209 — on stmt: $const92.0 = const(NoneType, None)
2026-06-28 01:19:40 [DEBUG] numba.core.ssa:209 — on stmt: $92return_const.1 = cast(value=$const92.0)
2026-06-28 01:19:40 [DEBUG] numba.core.ssa:209 — on stmt: return $92return_const.1
2026-06-28 01:19:40 [DEBUG] numba.core.ssa:156 — defs defaultdict(<class 'list'>,
            {'$26unpack_sequence.3': [(<numba.core.ir.Assign object at 0x7f8aac1b6330>,
                                       0)],
             '$34load_attr.5': [(<numba.core.ir.Assign object at 0x7f8aac1b6060>,
                                 0)],
             '$54unpack_sequence.7': [(<numba.core.ir.Assign object at 0x7f8aac1b5820>,
                                       0)],
             '$64compare_op.10': [(<numba.core.ir.Assign object at 0x7f8aac1b53a0>,
                                   0)],
             '$68pred': [(<numba.core.ir.Assign object at 0x7f8aac1b52b0>, 0)],
             '$6load_attr.1': [(<numba.core.ir.Assign object at 0x7f8aac1b7c80>,
                                0)],
             '$70load_global.0': [(<numba.core.ir.Assign object at 0x7f8aac1b5cd0>,
                                   70)],
             '$82call.3': [(<numba.core.ir.Assign object at 0x7f8aac1b4f80>,
                            70)],
             '$92return_const.1': [(<numba.core.ir.Assign object at 0x7f8aac1b4710>,
                                    92)],
             '$bool68': [(<numba.core.ir.Assign object at 0x7f8aac1b4ec0>, 0)],
             '$const80.2.1': [(<numba.core.ir.Assign object at 0x7f8aac1b50a0>,
                               70)],
             '$const92.0': [(<numba.core.ir.Assign object at 0x7f8aac1b48f0>,
                             92)],
             'a': [(<numba.core.ir.Assign object at 0x7f8aac1b7f80>, 0)],
             'b': [(<numba.core.ir.Assign object at 0x7f8aac1b4c80>, 0)],
             'm': [(<numba.core.ir.Assign object at 0x7f8aac1b65a0>, 0)],
             'n': [(<numba.core.ir.Assign object at 0x7f8aac1b5af0>, 0)]})
2026-06-28 01:19:40 [DEBUG] numba.core.ssa:171 — SSA violators <numba.core.utils.OrderedSet object at 0x7f8aac171730>
2026-06-28 01:19:40 [DEBUG] numba.core.byteflow:81 — bytecode dump:
>          0	NOP(arg=None, lineno=309)
           2	COPY_FREE_VARS(arg=1, lineno=309)
           4	RESUME(arg=0, lineno=309)
           6	LOAD_FAST(arg=0, lineno=310)
           8	LOAD_DEREF(arg=1, lineno=310)
          10	COMPARE_OP(arg=68, lineno=310)
          14	POP_JUMP_IF_FALSE(arg=11, lineno=310)
          16	LOAD_GLOBAL(arg=1, lineno=311)
          26	LOAD_CONST(arg=1, lineno=311)
          28	CALL(arg=1, lineno=311)
          36	RAISE_VARARGS(arg=1, lineno=311)
>         38	RETURN_CONST(arg=0, lineno=310)
2026-06-28 01:19:40 [DEBUG] numba.core.byteflow:108 — pending: deque([State(pc_initial=0 nstack_initial=0)])
2026-06-28 01:19:40 [DEBUG] numba.core.byteflow:111 — stack: []
2026-06-28 01:19:40 [DEBUG] numba.core.byteflow:112 — state.pc_initial: State(pc_initial=0 nstack_initial=0)
2026-06-28 01:19:40 [DEBUG] numba.core.byteflow:349 — dispatch pc=0, inst=NOP(arg=None, lineno=309)
2026-06-28 01:19:40 [DEBUG] numba.core.byteflow:350 — stack []
2026-06-28 01:19:40 [DEBUG] numba.core.byteflow:349 — dispatch pc=2, inst=COPY_FREE_VARS(arg=1, lineno=309)
2026-06-28 01:19:40 [DEBUG] numba.core.byteflow:350 — stack []
2026-06-28 01:19:40 [DEBUG] numba.core.byteflow:349 — dispatch pc=4, inst=RESUME(arg=0, lineno=309)
2026-06-28 01:19:40 [DEBUG] numba.core.byteflow:350 — stack []
2026-06-28 01:19:40 [DEBUG] numba.core.byteflow:349 — dispatch pc=6, inst=LOAD_FAST(arg=0, lineno=310)
2026-06-28 01:19:40 [DEBUG] numba.core.byteflow:350 — stack []
2026-06-28 01:19:40 [DEBUG] numba.core.byteflow:349 — dispatch pc=8, inst=LOAD_DEREF(arg=1, lineno=310)
2026-06-28 01:19:40 [DEBUG] numba.core.byteflow:350 — stack ['$n6.0']
2026-06-28 01:19:40 [DEBUG] numba.core.byteflow:349 — dispatch pc=10, inst=COMPARE_OP(arg=68, lineno=310)
2026-06-28 01:19:40 [DEBUG] numba.core.byteflow:350 — stack ['$n6.0', '$8load_deref.1']
2026-06-28 01:19:40 [DEBUG] numba.core.byteflow:349 — dispatch pc=14, inst=POP_JUMP_IF_FALSE(arg=11, lineno=310)
2026-06-28 01:19:40 [DEBUG] numba.core.byteflow:350 — stack ['$10compare_op.2']
2026-06-28 01:19:40 [DEBUG] numba.core.byteflow:130 — end state. edges=[Edge(pc=16, stack=(), blockstack=(), npush=0), Edge(pc=38, stack=(), blockstack=(), npush=0)]
2026-06-28 01:19:40 [DEBUG] numba.core.byteflow:108 — pending: deque([State(pc_initial=16 nstack_initial=0), State(pc_initial=38 nstack_initial=0)])
2026-06-28 01:19:40 [DEBUG] numba.core.byteflow:111 — stack: []
2026-06-28 01:19:40 [DEBUG] numba.core.byteflow:112 — state.pc_initial: State(pc_initial=16 nstack_initial=0)
2026-06-28 01:19:40 [DEBUG] numba.core.byteflow:349 — dispatch pc=16, inst=LOAD_GLOBAL(arg=1, lineno=311)
2026-06-28 01:19:40 [DEBUG] numba.core.byteflow:350 — stack []
2026-06-28 01:19:40 [DEBUG] numba.core.byteflow:349 — dispatch pc=26, inst=LOAD_CONST(arg=1, lineno=311)
2026-06-28 01:19:40 [DEBUG] numba.core.byteflow:350 — stack ['$null$16.1', '$16load_global.0']
2026-06-28 01:19:40 [DEBUG] numba.core.byteflow:349 — dispatch pc=28, inst=CALL(arg=1, lineno=311)
2026-06-28 01:19:40 [DEBUG] numba.core.byteflow:350 — stack ['$null$16.1', '$16load_global.0', '$const26.2.1']
2026-06-28 01:19:40 [DEBUG] numba.core.byteflow:349 — dispatch pc=36, inst=RAISE_VARARGS(arg=1, lineno=311)
2026-06-28 01:19:40 [DEBUG] numba.core.byteflow:350 — stack ['$28call.3']
2026-06-28 01:19:40 [DEBUG] numba.core.byteflow:130 — end state. edges=[]
2026-06-28 01:19:40 [DEBUG] numba.core.byteflow:108 — pending: deque([State(pc_initial=38 nstack_initial=0)])
2026-06-28 01:19:40 [DEBUG] numba.core.byteflow:111 — stack: []
2026-06-28 01:19:40 [DEBUG] numba.core.byteflow:112 — state.pc_initial: State(pc_initial=38 nstack_initial=0)
2026-06-28 01:19:40 [DEBUG] numba.core.byteflow:349 — dispatch pc=38, inst=RETURN_CONST(arg=0, lineno=310)
2026-06-28 01:19:40 [DEBUG] numba.core.byteflow:350 — stack []
2026-06-28 01:19:40 [DEBUG] numba.core.byteflow:130 — end state. edges=[]
2026-06-28 01:19:40 [DEBUG] numba.core.byteflow:211 — -------------------------Prune PHIs-------------------------
2026-06-28 01:19:40 [DEBUG] numba.core.byteflow:280 — Used_phis: defaultdict(<class 'set'>,
            {State(pc_initial=0 nstack_initial=0): set(),
             State(pc_initial=16 nstack_initial=0): set(),
             State(pc_initial=38 nstack_initial=0): set()})
2026-06-28 01:19:40 [DEBUG] numba.core.byteflow:237 — defmap: {}
2026-06-28 01:19:40 [DEBUG] numba.core.byteflow:238 — phismap: defaultdict(<class 'set'>, {})
2026-06-28 01:19:40 [DEBUG] numba.core.byteflow:259 — changing phismap: defaultdict(<class 'set'>, {})
2026-06-28 01:19:40 [DEBUG] numba.core.byteflow:268 — keep phismap: {}
2026-06-28 01:19:40 [DEBUG] numba.core.byteflow:274 — new_out: defaultdict(<class 'dict'>, {})
2026-06-28 01:19:40 [DEBUG] numba.core.byteflow:284 — ----------------------DONE Prune PHIs-----------------------
2026-06-28 01:19:40 [DEBUG] numba.core.byteflow:142 — block_infos State(pc_initial=0 nstack_initial=0):
AdaptBlockInfo(insts=((0, {}), (2, {}), (4, {}), (6, {'res': '$n6.0'}), (8, {'res': '$8load_deref.1'}), (10, {'lhs': '$n6.0', 'rhs': '$8load_deref.1', 'res': '$10compare_op.2'}), (14, {'pred': '$10compare_op.2'})), outgoing_phis={}, blockstack=(), active_try_block=None, outgoing_edgepushed={16: (), 38: ()})
2026-06-28 01:19:40 [DEBUG] numba.core.byteflow:142 — block_infos State(pc_initial=16 nstack_initial=0):
AdaptBlockInfo(insts=((16, {'idx': 0, 'res': '$16load_global.0'}), (26, {'res': '$const26.2.1'}), (28, {'func': '$16load_global.0', 'args': ['$const26.2.1'], 'kw_names': None, 'res': '$28call.3'}), (36, {'exc': '$28call.3'})), outgoing_phis={}, blockstack=(), active_try_block=None, outgoing_edgepushed={})
2026-06-28 01:19:40 [DEBUG] numba.core.byteflow:142 — block_infos State(pc_initial=38 nstack_initial=0):
AdaptBlockInfo(insts=((38, {'retval': '$const38.0', 'castval': '$38return_const.1'}),), outgoing_phis={}, blockstack=(), active_try_block=None, outgoing_edgepushed={})
2026-06-28 01:19:40 [DEBUG] numba.core.interpreter:1420 — label 0:
    n = arg(0, name=n)                       ['n']
    $8load_deref.1 = freevar(_maxint: 2147483647) ['$8load_deref.1']
    $10compare_op.2 = n > $8load_deref.1     ['$10compare_op.2', '$8load_deref.1', 'n']
    $bool14 = global(bool: <class 'bool'>)   ['$bool14']
    $14pred = call $bool14($10compare_op.2, func=$bool14, args=(Var($10compare_op.2, linalg.py:310),), kws=(), vararg=None, varkwarg=None, target=None) ['$10compare_op.2', '$14pred', '$bool14']
    branch $14pred, 16, 38                   ['$14pred']
label 16:
    $16load_global.0 = global(OverflowError: <class 'OverflowError'>) ['$16load_global.0']
    $const26.2.1 = const(str, array size too large to fit in C int) ['$const26.2.1']
    $28call.3 = call $16load_global.0($const26.2.1, func=$16load_global.0, args=[Var($const26.2.1, linalg.py:311)], kws=(), vararg=None, varkwarg=None, target=None) ['$16load_global.0', '$28call.3', '$const26.2.1']
    raise $28call.3                          ['$28call.3']
label 38:
    $const38.0 = const(NoneType, None)       ['$const38.0']
    $38return_const.1 = cast(value=$const38.0) ['$38return_const.1', '$const38.0']
    return $38return_const.1                 ['$38return_const.1']

2026-06-28 01:19:40 [DEBUG] numba.core.ssa:177 — ==== SSA block analysis pass on 0
2026-06-28 01:19:40 [DEBUG] numba.core.ssa:207 — Running <numba.core.ssa._GatherDefsHandler object at 0x7f8aac188920>
2026-06-28 01:19:40 [DEBUG] numba.core.ssa:209 — on stmt: n = arg(0, name=n)
2026-06-28 01:19:40 [DEBUG] numba.core.ssa:209 — on stmt: $8load_deref.1 = freevar(_maxint: 2147483647)
2026-06-28 01:19:40 [DEBUG] numba.core.ssa:209 — on stmt: $10compare_op.2 = n > $8load_deref.1
2026-06-28 01:19:40 [DEBUG] numba.core.ssa:209 — on stmt: $bool14 = global(bool: <class 'bool'>)
2026-06-28 01:19:40 [DEBUG] numba.core.ssa:209 — on stmt: $14pred = call $bool14($10compare_op.2, func=$bool14, args=(Var($10compare_op.2, linalg.py:310),), kws=(), vararg=None, varkwarg=None, target=None)
2026-06-28 01:19:40 [DEBUG] numba.core.ssa:209 — on stmt: branch $14pred, 16, 38
2026-06-28 01:19:40 [DEBUG] numba.core.ssa:177 — ==== SSA block analysis pass on 16
2026-06-28 01:19:40 [DEBUG] numba.core.ssa:207 — Running <numba.core.ssa._GatherDefsHandler object at 0x7f8aac188920>
2026-06-28 01:19:40 [DEBUG] numba.core.ssa:209 — on stmt: $16load_global.0 = global(OverflowError: <class 'OverflowError'>)
2026-06-28 01:19:40 [DEBUG] numba.core.ssa:209 — on stmt: $const26.2.1 = const(str, array size too large to fit in C int)
2026-06-28 01:19:40 [DEBUG] numba.core.ssa:209 — on stmt: $28call.3 = call $16load_global.0($const26.2.1, func=$16load_global.0, args=[Var($const26.2.1, linalg.py:311)], kws=(), vararg=None, varkwarg=None, target=None)
2026-06-28 01:19:40 [DEBUG] numba.core.ssa:209 — on stmt: <static> raise <class 'OverflowError'>('array size too large to fit in C int')
2026-06-28 01:19:40 [DEBUG] numba.core.ssa:177 — ==== SSA block analysis pass on 38
2026-06-28 01:19:40 [DEBUG] numba.core.ssa:207 — Running <numba.core.ssa._GatherDefsHandler object at 0x7f8aac188920>
2026-06-28 01:19:40 [DEBUG] numba.core.ssa:209 — on stmt: $const38.0 = const(NoneType, None)
2026-06-28 01:19:40 [DEBUG] numba.core.ssa:209 — on stmt: $38return_const.1 = cast(value=$const38.0)
2026-06-28 01:19:40 [DEBUG] numba.core.ssa:209 — on stmt: return $38return_const.1
2026-06-28 01:19:40 [DEBUG] numba.core.ssa:156 — defs defaultdict(<class 'list'>,
            {'$10compare_op.2': [(<numba.core.ir.Assign object at 0x7f8aac189850>,
                                  0)],
             '$14pred': [(<numba.core.ir.Assign object at 0x7f8aac189520>, 0)],
             '$16load_global.0': [(<numba.core.ir.Assign object at 0x7f8aac1899d0>,
                                   16)],
             '$28call.3': [(<numba.core.ir.Assign object at 0x7f8aac1891f0>,
                            16)],
             '$38return_const.1': [(<numba.core.ir.Assign object at 0x7f8aac188bf0>,
                                    38)],
             '$8load_deref.1': [(<numba.core.ir.Assign object at 0x7f8aac189fd0>,
                                 0)],
             '$bool14': [(<numba.core.ir.Assign object at 0x7f8aac189790>, 0)],
             '$const26.2.1': [(<numba.core.ir.Assign object at 0x7f8aac189490>,
                               16)],
             '$const38.0': [(<numba.core.ir.Assign object at 0x7f8aac1890d0>,
                             38)],
             'n': [(<numba.core.ir.Assign object at 0x7f8aac18b4d0>, 0)]})
2026-06-28 01:19:40 [DEBUG] numba.core.ssa:171 — SSA violators <numba.core.utils.OrderedSet object at 0x7f8aac188920>
2026-06-28 01:19:41 [DEBUG] numba.core.byteflow:81 — bytecode dump:
>          0	NOP(arg=None, lineno=56)
           2	RESUME(arg=0, lineno=56)
           4	LOAD_CONST(arg=1, lineno=62)
           6	STORE_FAST(arg=6, lineno=62)
           8	LOAD_CONST(arg=2, lineno=63)
          10	STORE_FAST(arg=7, lineno=63)
          12	LOAD_GLOBAL(arg=1, lineno=65)
          22	LOAD_FAST(arg=4, lineno=65)
          24	LOAD_CONST(arg=3, lineno=65)
          26	BINARY_OP(arg=10, lineno=65)
          30	LOAD_CONST(arg=4, lineno=65)
          32	LOAD_CONST(arg=4, lineno=65)
          34	CALL(arg=3, lineno=65)
          42	GET_ITER(arg=None, lineno=65)
>         44	FOR_ITER(arg=152, lineno=65)
          48	STORE_FAST(arg=8, lineno=65)
          50	LOAD_GLOBAL(arg=3, lineno=66)
          60	LOAD_FAST(arg=0, lineno=66)
          62	LOAD_FAST(arg=8, lineno=66)
          64	BINARY_SUBSCR(arg=None, lineno=66)
          68	CALL(arg=1, lineno=66)
          76	LOAD_FAST(arg=6, lineno=66)
          78	COMPARE_OP(arg=68, lineno=66)
          82	POP_JUMP_IF_TRUE(arg=1, lineno=66)
          84	JUMP_BACKWARD(arg=21, lineno=66)
>         86	LOAD_GLOBAL(arg=5, lineno=67)
          96	LOAD_FAST(arg=0, lineno=67)
          98	LOAD_FAST(arg=8, lineno=67)
         100	BINARY_SUBSCR(arg=None, lineno=67)
         104	CALL(arg=1, lineno=67)
         112	STORE_FAST(arg=9, lineno=67)
         114	LOAD_GLOBAL(arg=3, lineno=68)
         124	LOAD_FAST(arg=9, lineno=68)
         126	CALL(arg=1, lineno=68)
         134	LOAD_FAST(arg=5, lineno=68)
         136	COMPARE_OP(arg=68, lineno=68)
         140	POP_JUMP_IF_FALSE(arg=2, lineno=68)
         142	LOAD_CONST(arg=5, lineno=69)
         144	STORE_FAST(arg=7, lineno=69)
>        146	LOAD_GLOBAL(arg=1, lineno=72)
         156	LOAD_FAST(arg=8, lineno=72)
         158	CALL(arg=1, lineno=72)
         166	GET_ITER(arg=None, lineno=72)
>        168	FOR_ITER(arg=23, lineno=72)
         172	STORE_FAST(arg=10, lineno=72)
         174	LOAD_FAST(arg=0, lineno=73)
         176	LOAD_FAST(arg=10, lineno=73)
         178	COPY(arg=2, lineno=73)
         180	COPY(arg=2, lineno=73)
         182	BINARY_SUBSCR(arg=None, lineno=73)
         186	LOAD_FAST(arg=9, lineno=73)
         188	LOAD_FAST(arg=1, lineno=73)
         190	LOAD_FAST(arg=10, lineno=73)
         192	LOAD_FAST(arg=8, lineno=73)
         194	BUILD_TUPLE(arg=2, lineno=73)
         196	BINARY_SUBSCR(arg=None, lineno=73)
         200	BINARY_OP(arg=5, lineno=73)
         204	BINARY_OP(arg=23, lineno=73)
         208	SWAP(arg=3, lineno=73)
         210	SWAP(arg=2, lineno=73)
         212	STORE_SUBSCR(arg=None, lineno=73)
         216	JUMP_BACKWARD(arg=25, lineno=73)
>        218	END_FOR(arg=None, lineno=72)
         220	LOAD_FAST(arg=0, lineno=74)
         222	LOAD_FAST(arg=8, lineno=74)
         224	COPY(arg=2, lineno=74)
         226	COPY(arg=2, lineno=74)
         228	BINARY_SUBSCR(arg=None, lineno=74)
         232	LOAD_FAST(arg=9, lineno=74)
         234	BINARY_OP(arg=23, lineno=74)
         238	SWAP(arg=3, lineno=74)
         240	SWAP(arg=2, lineno=74)
         242	STORE_SUBSCR(arg=None, lineno=74)
         246	LOAD_FAST(arg=2, lineno=77)
         248	LOAD_ATTR(arg=6, lineno=77)
         268	LOAD_CONST(arg=6, lineno=77)
         270	BINARY_SUBSCR(arg=None, lineno=77)
         274	STORE_FAST(arg=11, lineno=77)
         276	LOAD_GLOBAL(arg=1, lineno=78)
         286	LOAD_FAST(arg=11, lineno=78)
         288	CALL(arg=1, lineno=78)
         296	GET_ITER(arg=None, lineno=78)
>        298	FOR_ITER(arg=23, lineno=78)
         302	STORE_FAST(arg=12, lineno=78)
         304	LOAD_FAST(arg=2, lineno=79)
         306	LOAD_FAST(arg=12, lineno=79)
         308	COPY(arg=2, lineno=79)
         310	COPY(arg=2, lineno=79)
         312	BINARY_SUBSCR(arg=None, lineno=79)
         316	LOAD_FAST(arg=9, lineno=79)
         318	LOAD_FAST(arg=3, lineno=79)
         320	LOAD_FAST(arg=12, lineno=79)
         322	LOAD_FAST(arg=8, lineno=79)
         324	BUILD_TUPLE(arg=2, lineno=79)
         326	BINARY_SUBSCR(arg=None, lineno=79)
         330	BINARY_OP(arg=5, lineno=79)
         334	BINARY_OP(arg=23, lineno=79)
         338	SWAP(arg=3, lineno=79)
         340	SWAP(arg=2, lineno=79)
         342	STORE_SUBSCR(arg=None, lineno=79)
         346	JUMP_BACKWARD(arg=25, lineno=79)
>        348	END_FOR(arg=None, lineno=78)
         350	JUMP_BACKWARD(arg=154, lineno=78)
>        352	END_FOR(arg=None, lineno=65)
         354	LOAD_FAST(arg=7, lineno=81)
         356	RETURN_VALUE(arg=None, lineno=81)
2026-06-28 01:19:41 [DEBUG] numba.core.byteflow:108 — pending: deque([State(pc_initial=0 nstack_initial=0)])
2026-06-28 01:19:41 [DEBUG] numba.core.byteflow:111 — stack: []
2026-06-28 01:19:41 [DEBUG] numba.core.byteflow:112 — state.pc_initial: State(pc_initial=0 nstack_initial=0)
2026-06-28 01:19:41 [DEBUG] numba.core.byteflow:349 — dispatch pc=0, inst=NOP(arg=None, lineno=56)
2026-06-28 01:19:41 [DEBUG] numba.core.byteflow:350 — stack []
2026-06-28 01:19:41 [DEBUG] numba.core.byteflow:349 — dispatch pc=2, inst=RESUME(arg=0, lineno=56)
2026-06-28 01:19:41 [DEBUG] numba.core.byteflow:350 — stack []
2026-06-28 01:19:41 [DEBUG] numba.core.byteflow:349 — dispatch pc=4, inst=LOAD_CONST(arg=1, lineno=62)
2026-06-28 01:19:41 [DEBUG] numba.core.byteflow:350 — stack []
2026-06-28 01:19:41 [DEBUG] numba.core.byteflow:349 — dispatch pc=6, inst=STORE_FAST(arg=6, lineno=62)
2026-06-28 01:19:41 [DEBUG] numba.core.byteflow:350 — stack ['$const4.0.1']
2026-06-28 01:19:41 [DEBUG] numba.core.byteflow:349 — dispatch pc=8, inst=LOAD_CONST(arg=2, lineno=63)
2026-06-28 01:19:41 [DEBUG] numba.core.byteflow:350 — stack []
2026-06-28 01:19:41 [DEBUG] numba.core.byteflow:349 — dispatch pc=10, inst=STORE_FAST(arg=7, lineno=63)
2026-06-28 01:19:41 [DEBUG] numba.core.byteflow:350 — stack ['$const8.1.2']
2026-06-28 01:19:41 [DEBUG] numba.core.byteflow:349 — dispatch pc=12, inst=LOAD_GLOBAL(arg=1, lineno=65)
2026-06-28 01:19:41 [DEBUG] numba.core.byteflow:350 — stack []
2026-06-28 01:19:41 [DEBUG] numba.core.byteflow:349 — dispatch pc=22, inst=LOAD_FAST(arg=4, lineno=65)
2026-06-28 01:19:41 [DEBUG] numba.core.byteflow:350 — stack ['$null$12.3', '$12load_global.2']
2026-06-28 01:19:41 [DEBUG] numba.core.byteflow:349 — dispatch pc=24, inst=LOAD_CONST(arg=3, lineno=65)
2026-06-28 01:19:41 [DEBUG] numba.core.byteflow:350 — stack ['$null$12.3', '$12load_global.2', '$stage22.4']
2026-06-28 01:19:41 [DEBUG] numba.core.byteflow:349 — dispatch pc=26, inst=BINARY_OP(arg=10, lineno=65)
2026-06-28 01:19:41 [DEBUG] numba.core.byteflow:350 — stack ['$null$12.3', '$12load_global.2', '$stage22.4', '$const24.5.3']
2026-06-28 01:19:41 [DEBUG] numba.core.byteflow:349 — dispatch pc=30, inst=LOAD_CONST(arg=4, lineno=65)
2026-06-28 01:19:41 [DEBUG] numba.core.byteflow:350 — stack ['$null$12.3', '$12load_global.2', '$binop_sub26.6']
2026-06-28 01:19:41 [DEBUG] numba.core.byteflow:349 — dispatch pc=32, inst=LOAD_CONST(arg=4, lineno=65)
2026-06-28 01:19:41 [DEBUG] numba.core.byteflow:350 — stack ['$null$12.3', '$12load_global.2', '$binop_sub26.6', '$const30.7.4']
2026-06-28 01:19:41 [DEBUG] numba.core.byteflow:349 — dispatch pc=34, inst=CALL(arg=3, lineno=65)
2026-06-28 01:19:41 [DEBUG] numba.core.byteflow:350 — stack ['$null$12.3', '$12load_global.2', '$binop_sub26.6', '$const30.7.4', '$const32.8.4']
2026-06-28 01:19:41 [DEBUG] numba.core.byteflow:349 — dispatch pc=42, inst=GET_ITER(arg=None, lineno=65)
2026-06-28 01:19:41 [DEBUG] numba.core.byteflow:350 — stack ['$34call.9']
2026-06-28 01:19:41 [DEBUG] numba.core.byteflow:130 — end state. edges=[Edge(pc=44, stack=('$42get_iter.10',), blockstack=(), npush=0)]
2026-06-28 01:19:41 [DEBUG] numba.core.byteflow:108 — pending: deque([State(pc_initial=44 nstack_initial=1)])
2026-06-28 01:19:41 [DEBUG] numba.core.byteflow:111 — stack: ['$phi44.0']
2026-06-28 01:19:41 [DEBUG] numba.core.byteflow:112 — state.pc_initial: State(pc_initial=44 nstack_initial=1)
2026-06-28 01:19:41 [DEBUG] numba.core.byteflow:349 — dispatch pc=44, inst=FOR_ITER(arg=152, lineno=65)
2026-06-28 01:19:41 [DEBUG] numba.core.byteflow:350 — stack ['$phi44.0']
2026-06-28 01:19:41 [DEBUG] numba.core.byteflow:130 — end state. edges=[Edge(pc=352, stack=('$phi44.0', '$44for_iter.2'), blockstack=(), npush=0), Edge(pc=48, stack=('$phi44.0', '$44for_iter.2'), blockstack=(), npush=0)]
2026-06-28 01:19:41 [DEBUG] numba.core.byteflow:108 — pending: deque([State(pc_initial=352 nstack_initial=2), State(pc_initial=48 nstack_initial=2)])
2026-06-28 01:19:41 [DEBUG] numba.core.byteflow:111 — stack: ['$phi352.0', '$phi352.1']
2026-06-28 01:19:41 [DEBUG] numba.core.byteflow:112 — state.pc_initial: State(pc_initial=352 nstack_initial=2)
2026-06-28 01:19:41 [DEBUG] numba.core.byteflow:349 — dispatch pc=352, inst=END_FOR(arg=None, lineno=65)
2026-06-28 01:19:41 [DEBUG] numba.core.byteflow:350 — stack ['$phi352.0', '$phi352.1']
2026-06-28 01:19:41 [DEBUG] numba.core.byteflow:349 — dispatch pc=354, inst=LOAD_FAST(arg=7, lineno=81)
2026-06-28 01:19:41 [DEBUG] numba.core.byteflow:350 — stack []
2026-06-28 01:19:41 [DEBUG] numba.core.byteflow:349 — dispatch pc=356, inst=RETURN_VALUE(arg=None, lineno=81)
2026-06-28 01:19:41 [DEBUG] numba.core.byteflow:350 — stack ['$f_c354.2']
2026-06-28 01:19:41 [DEBUG] numba.core.byteflow:130 — end state. edges=[]
2026-06-28 01:19:41 [DEBUG] numba.core.byteflow:108 — pending: deque([State(pc_initial=48 nstack_initial=2)])
2026-06-28 01:19:41 [DEBUG] numba.core.byteflow:111 — stack: ['$phi48.0', '$phi48.1']
2026-06-28 01:19:41 [DEBUG] numba.core.byteflow:112 — state.pc_initial: State(pc_initial=48 nstack_initial=2)
2026-06-28 01:19:41 [DEBUG] numba.core.byteflow:349 — dispatch pc=48, inst=STORE_FAST(arg=8, lineno=65)
2026-06-28 01:19:41 [DEBUG] numba.core.byteflow:350 — stack ['$phi48.0', '$phi48.1']
2026-06-28 01:19:41 [DEBUG] numba.core.byteflow:349 — dispatch pc=50, inst=LOAD_GLOBAL(arg=3, lineno=66)
2026-06-28 01:19:41 [DEBUG] numba.core.byteflow:350 — stack ['$phi48.0']
2026-06-28 01:19:41 [DEBUG] numba.core.byteflow:349 — dispatch pc=60, inst=LOAD_FAST(arg=0, lineno=66)
2026-06-28 01:19:41 [DEBUG] numba.core.byteflow:350 — stack ['$phi48.0', '$null$50.3', '$50load_global.2']
2026-06-28 01:19:41 [DEBUG] numba.core.byteflow:349 — dispatch pc=62, inst=LOAD_FAST(arg=8, lineno=66)
2026-06-28 01:19:41 [DEBUG] numba.core.byteflow:350 — stack ['$phi48.0', '$null$50.3', '$50load_global.2', '$gsc_col60.4']
2026-06-28 01:19:41 [DEBUG] numba.core.byteflow:349 — dispatch pc=64, inst=BINARY_SUBSCR(arg=None, lineno=66)
2026-06-28 01:19:41 [DEBUG] numba.core.byteflow:350 — stack ['$phi48.0', '$null$50.3', '$50load_global.2', '$gsc_col60.4', '$i62.5']
2026-06-28 01:19:41 [DEBUG] numba.core.byteflow:349 — dispatch pc=68, inst=CALL(arg=1, lineno=66)
2026-06-28 01:19:41 [DEBUG] numba.core.byteflow:350 — stack ['$phi48.0', '$null$50.3', '$50load_global.2', '$64binary_subscr.6']
2026-06-28 01:19:41 [DEBUG] numba.core.byteflow:349 — dispatch pc=76, inst=LOAD_FAST(arg=6, lineno=66)
2026-06-28 01:19:41 [DEBUG] numba.core.byteflow:350 — stack ['$phi48.0', '$68call.7']
2026-06-28 01:19:41 [DEBUG] numba.core.byteflow:349 — dispatch pc=78, inst=COMPARE_OP(arg=68, lineno=66)
2026-06-28 01:19:41 [DEBUG] numba.core.byteflow:350 — stack ['$phi48.0', '$68call.7', '$threshold76.8']
2026-06-28 01:19:41 [DEBUG] numba.core.byteflow:349 — dispatch pc=82, inst=POP_JUMP_IF_TRUE(arg=1, lineno=66)
2026-06-28 01:19:41 [DEBUG] numba.core.byteflow:350 — stack ['$phi48.0', '$78compare_op.9']
2026-06-28 01:19:41 [DEBUG] numba.core.byteflow:130 — end state. edges=[Edge(pc=84, stack=('$phi48.0',), blockstack=(), npush=0), Edge(pc=86, stack=('$phi48.0',), blockstack=(), npush=0)]
2026-06-28 01:19:41 [DEBUG] numba.core.byteflow:108 — pending: deque([State(pc_initial=84 nstack_initial=1), State(pc_initial=86 nstack_initial=1)])
2026-06-28 01:19:41 [DEBUG] numba.core.byteflow:111 — stack: ['$phi84.0']
2026-06-28 01:19:41 [DEBUG] numba.core.byteflow:112 — state.pc_initial: State(pc_initial=84 nstack_initial=1)
2026-06-28 01:19:41 [DEBUG] numba.core.byteflow:349 — dispatch pc=84, inst=JUMP_BACKWARD(arg=21, lineno=66)
2026-06-28 01:19:41 [DEBUG] numba.core.byteflow:350 — stack ['$phi84.0']
2026-06-28 01:19:41 [DEBUG] numba.core.byteflow:130 — end state. edges=[Edge(pc=44, stack=('$phi84.0',), blockstack=(), npush=0)]
2026-06-28 01:19:41 [DEBUG] numba.core.byteflow:108 — pending: deque([State(pc_initial=86 nstack_initial=1), State(pc_initial=44 nstack_initial=1)])
2026-06-28 01:19:41 [DEBUG] numba.core.byteflow:111 — stack: ['$phi86.0']
2026-06-28 01:19:41 [DEBUG] numba.core.byteflow:112 — state.pc_initial: State(pc_initial=86 nstack_initial=1)
2026-06-28 01:19:41 [DEBUG] numba.core.byteflow:349 — dispatch pc=86, inst=LOAD_GLOBAL(arg=5, lineno=67)
2026-06-28 01:19:41 [DEBUG] numba.core.byteflow:350 — stack ['$phi86.0']
2026-06-28 01:19:41 [DEBUG] numba.core.byteflow:349 — dispatch pc=96, inst=LOAD_FAST(arg=0, lineno=67)
2026-06-28 01:19:41 [DEBUG] numba.core.byteflow:350 — stack ['$phi86.0', '$null$86.2', '$86load_global.1']
2026-06-28 01:19:41 [DEBUG] numba.core.byteflow:349 — dispatch pc=98, inst=LOAD_FAST(arg=8, lineno=67)
2026-06-28 01:19:41 [DEBUG] numba.core.byteflow:350 — stack ['$phi86.0', '$null$86.2', '$86load_global.1', '$gsc_col96.3']
2026-06-28 01:19:41 [DEBUG] numba.core.byteflow:349 — dispatch pc=100, inst=BINARY_SUBSCR(arg=None, lineno=67)
2026-06-28 01:19:41 [DEBUG] numba.core.byteflow:350 — stack ['$phi86.0', '$null$86.2', '$86load_global.1', '$gsc_col96.3', '$i98.4']
2026-06-28 01:19:41 [DEBUG] numba.core.byteflow:349 — dispatch pc=104, inst=CALL(arg=1, lineno=67)
2026-06-28 01:19:41 [DEBUG] numba.core.byteflow:350 — stack ['$phi86.0', '$null$86.2', '$86load_global.1', '$100binary_subscr.5']
2026-06-28 01:19:41 [DEBUG] numba.core.byteflow:349 — dispatch pc=112, inst=STORE_FAST(arg=9, lineno=67)
2026-06-28 01:19:41 [DEBUG] numba.core.byteflow:350 — stack ['$phi86.0', '$104call.6']
2026-06-28 01:19:41 [DEBUG] numba.core.byteflow:349 — dispatch pc=114, inst=LOAD_GLOBAL(arg=3, lineno=68)
2026-06-28 01:19:41 [DEBUG] numba.core.byteflow:350 — stack ['$phi86.0']
2026-06-28 01:19:41 [DEBUG] numba.core.byteflow:349 — dispatch pc=124, inst=LOAD_FAST(arg=9, lineno=68)
2026-06-28 01:19:41 [DEBUG] numba.core.byteflow:350 — stack ['$phi86.0', '$null$114.8', '$114load_global.7']
2026-06-28 01:19:41 [DEBUG] numba.core.byteflow:349 — dispatch pc=126, inst=CALL(arg=1, lineno=68)
2026-06-28 01:19:41 [DEBUG] numba.core.byteflow:350 — stack ['$phi86.0', '$null$114.8', '$114load_global.7', '$mu124.9']
2026-06-28 01:19:41 [DEBUG] numba.core.byteflow:349 — dispatch pc=134, inst=LOAD_FAST(arg=5, lineno=68)
2026-06-28 01:19:41 [DEBUG] numba.core.byteflow:350 — stack ['$phi86.0', '$126call.10']
2026-06-28 01:19:41 [DEBUG] numba.core.byteflow:349 — dispatch pc=136, inst=COMPARE_OP(arg=68, lineno=68)
2026-06-28 01:19:41 [DEBUG] numba.core.byteflow:350 — stack ['$phi86.0', '$126call.10', '$tau_limit134.11']
2026-06-28 01:19:41 [DEBUG] numba.core.byteflow:349 — dispatch pc=140, inst=POP_JUMP_IF_FALSE(arg=2, lineno=68)
2026-06-28 01:19:41 [DEBUG] numba.core.byteflow:350 — stack ['$phi86.0', '$136compare_op.12']
2026-06-28 01:19:41 [DEBUG] numba.core.byteflow:130 — end state. edges=[Edge(pc=142, stack=('$phi86.0',), blockstack=(), npush=0), Edge(pc=146, stack=('$phi86.0',), blockstack=(), npush=0)]
2026-06-28 01:19:41 [DEBUG] numba.core.byteflow:108 — pending: deque([State(pc_initial=44 nstack_initial=1), State(pc_initial=142 nstack_initial=1), State(pc_initial=146 nstack_initial=1)])
2026-06-28 01:19:41 [DEBUG] numba.core.byteflow:108 — pending: deque([State(pc_initial=142 nstack_initial=1), State(pc_initial=146 nstack_initial=1)])
2026-06-28 01:19:41 [DEBUG] numba.core.byteflow:111 — stack: ['$phi142.0']
2026-06-28 01:19:41 [DEBUG] numba.core.byteflow:112 — state.pc_initial: State(pc_initial=142 nstack_initial=1)
2026-06-28 01:19:41 [DEBUG] numba.core.byteflow:349 — dispatch pc=142, inst=LOAD_CONST(arg=5, lineno=69)
2026-06-28 01:19:41 [DEBUG] numba.core.byteflow:350 — stack ['$phi142.0']
2026-06-28 01:19:41 [DEBUG] numba.core.byteflow:349 — dispatch pc=144, inst=STORE_FAST(arg=7, lineno=69)
2026-06-28 01:19:41 [DEBUG] numba.core.byteflow:350 — stack ['$phi142.0', '$const142.1.5']
2026-06-28 01:19:41 [DEBUG] numba.core.byteflow:130 — end state. edges=[Edge(pc=146, stack=('$phi142.0',), blockstack=(), npush=0)]
2026-06-28 01:19:41 [DEBUG] numba.core.byteflow:108 — pending: deque([State(pc_initial=146 nstack_initial=1), State(pc_initial=146 nstack_initial=1)])
2026-06-28 01:19:41 [DEBUG] numba.core.byteflow:111 — stack: ['$phi146.0']
2026-06-28 01:19:41 [DEBUG] numba.core.byteflow:112 — state.pc_initial: State(pc_initial=146 nstack_initial=1)
2026-06-28 01:19:41 [DEBUG] numba.core.byteflow:349 — dispatch pc=146, inst=LOAD_GLOBAL(arg=1, lineno=72)
2026-06-28 01:19:41 [DEBUG] numba.core.byteflow:350 — stack ['$phi146.0']
2026-06-28 01:19:41 [DEBUG] numba.core.byteflow:349 — dispatch pc=156, inst=LOAD_FAST(arg=8, lineno=72)
2026-06-28 01:19:41 [DEBUG] numba.core.byteflow:350 — stack ['$phi146.0', '$null$146.2', '$146load_global.1']
2026-06-28 01:19:41 [DEBUG] numba.core.byteflow:349 — dispatch pc=158, inst=CALL(arg=1, lineno=72)
2026-06-28 01:19:41 [DEBUG] numba.core.byteflow:350 — stack ['$phi146.0', '$null$146.2', '$146load_global.1', '$i156.3']
2026-06-28 01:19:41 [DEBUG] numba.core.byteflow:349 — dispatch pc=166, inst=GET_ITER(arg=None, lineno=72)
2026-06-28 01:19:41 [DEBUG] numba.core.byteflow:350 — stack ['$phi146.0', '$158call.4']
2026-06-28 01:19:41 [DEBUG] numba.core.byteflow:130 — end state. edges=[Edge(pc=168, stack=('$phi146.0', '$166get_iter.5'), blockstack=(), npush=0)]
2026-06-28 01:19:41 [DEBUG] numba.core.byteflow:108 — pending: deque([State(pc_initial=146 nstack_initial=1), State(pc_initial=168 nstack_initial=2)])
2026-06-28 01:19:41 [DEBUG] numba.core.byteflow:108 — pending: deque([State(pc_initial=168 nstack_initial=2)])
2026-06-28 01:19:41 [DEBUG] numba.core.byteflow:111 — stack: ['$phi168.0', '$phi168.1']
2026-06-28 01:19:41 [DEBUG] numba.core.byteflow:112 — state.pc_initial: State(pc_initial=168 nstack_initial=2)
2026-06-28 01:19:41 [DEBUG] numba.core.byteflow:349 — dispatch pc=168, inst=FOR_ITER(arg=23, lineno=72)
2026-06-28 01:19:41 [DEBUG] numba.core.byteflow:350 — stack ['$phi168.0', '$phi168.1']
2026-06-28 01:19:41 [DEBUG] numba.core.byteflow:130 — end state. edges=[Edge(pc=218, stack=('$phi168.0', '$phi168.1', '$168for_iter.3'), blockstack=(), npush=0), Edge(pc=172, stack=('$phi168.0', '$phi168.1', '$168for_iter.3'), blockstack=(), npush=0)]
2026-06-28 01:19:41 [DEBUG] numba.core.byteflow:108 — pending: deque([State(pc_initial=218 nstack_initial=3), State(pc_initial=172 nstack_initial=3)])
2026-06-28 01:19:41 [DEBUG] numba.core.byteflow:111 — stack: ['$phi218.0', '$phi218.1', '$phi218.2']
2026-06-28 01:19:41 [DEBUG] numba.core.byteflow:112 — state.pc_initial: State(pc_initial=218 nstack_initial=3)
2026-06-28 01:19:41 [DEBUG] numba.core.byteflow:349 — dispatch pc=218, inst=END_FOR(arg=None, lineno=72)
2026-06-28 01:19:41 [DEBUG] numba.core.byteflow:350 — stack ['$phi218.0', '$phi218.1', '$phi218.2']
2026-06-28 01:19:41 [DEBUG] numba.core.byteflow:349 — dispatch pc=220, inst=LOAD_FAST(arg=0, lineno=74)
2026-06-28 01:19:41 [DEBUG] numba.core.byteflow:350 — stack ['$phi218.0']
2026-06-28 01:19:41 [DEBUG] numba.core.byteflow:349 — dispatch pc=222, inst=LOAD_FAST(arg=8, lineno=74)
2026-06-28 01:19:41 [DEBUG] numba.core.byteflow:350 — stack ['$phi218.0', '$gsc_col220.3']
2026-06-28 01:19:41 [DEBUG] numba.core.byteflow:349 — dispatch pc=224, inst=COPY(arg=2, lineno=74)
2026-06-28 01:19:41 [DEBUG] numba.core.byteflow:350 — stack ['$phi218.0', '$gsc_col220.3', '$i222.4']
2026-06-28 01:19:41 [DEBUG] numba.core.byteflow:349 — dispatch pc=226, inst=COPY(arg=2, lineno=74)
2026-06-28 01:19:41 [DEBUG] numba.core.byteflow:350 — stack ['$phi218.0', '$gsc_col220.3', '$i222.4', '$gsc_col220.3']
2026-06-28 01:19:41 [DEBUG] numba.core.byteflow:349 — dispatch pc=228, inst=BINARY_SUBSCR(arg=None, lineno=74)
2026-06-28 01:19:41 [DEBUG] numba.core.byteflow:350 — stack ['$phi218.0', '$gsc_col220.3', '$i222.4', '$gsc_col220.3', '$i222.4']
2026-06-28 01:19:41 [DEBUG] numba.core.byteflow:349 — dispatch pc=232, inst=LOAD_FAST(arg=9, lineno=74)
2026-06-28 01:19:41 [DEBUG] numba.core.byteflow:350 — stack ['$phi218.0', '$gsc_col220.3', '$i222.4', '$228binary_subscr.5']
2026-06-28 01:19:41 [DEBUG] numba.core.byteflow:349 — dispatch pc=234, inst=BINARY_OP(arg=23, lineno=74)
2026-06-28 01:19:41 [DEBUG] numba.core.byteflow:350 — stack ['$phi218.0', '$gsc_col220.3', '$i222.4', '$228binary_subscr.5', '$mu232.6']
2026-06-28 01:19:41 [DEBUG] numba.core.byteflow:349 — dispatch pc=238, inst=SWAP(arg=3, lineno=74)
2026-06-28 01:19:41 [DEBUG] numba.core.byteflow:350 — stack ['$phi218.0', '$gsc_col220.3', '$i222.4', '$binop_isub234.7']
2026-06-28 01:19:41 [DEBUG] numba.core.byteflow:349 — dispatch pc=240, inst=SWAP(arg=2, lineno=74)
2026-06-28 01:19:41 [DEBUG] numba.core.byteflow:350 — stack ['$phi218.0', '$binop_isub234.7', '$i222.4', '$gsc_col220.3']
2026-06-28 01:19:41 [DEBUG] numba.core.byteflow:349 — dispatch pc=242, inst=STORE_SUBSCR(arg=None, lineno=74)
2026-06-28 01:19:41 [DEBUG] numba.core.byteflow:350 — stack ['$phi218.0', '$binop_isub234.7', '$gsc_col220.3', '$i222.4']
2026-06-28 01:19:41 [DEBUG] numba.core.byteflow:349 — dispatch pc=246, inst=LOAD_FAST(arg=2, lineno=77)
2026-06-28 01:19:41 [DEBUG] numba.core.byteflow:350 — stack ['$phi218.0']
2026-06-28 01:19:41 [DEBUG] numba.core.byteflow:349 — dispatch pc=248, inst=LOAD_ATTR(arg=6, lineno=77)
2026-06-28 01:19:41 [DEBUG] numba.core.byteflow:350 — stack ['$phi218.0', '$basis_col246.8']
2026-06-28 01:19:41 [DEBUG] numba.core.byteflow:349 — dispatch pc=268, inst=LOAD_CONST(arg=6, lineno=77)
2026-06-28 01:19:41 [DEBUG] numba.core.byteflow:350 — stack ['$phi218.0', '$248load_attr.9']
2026-06-28 01:19:41 [DEBUG] numba.core.byteflow:349 — dispatch pc=270, inst=BINARY_SUBSCR(arg=None, lineno=77)
2026-06-28 01:19:41 [DEBUG] numba.core.byteflow:350 — stack ['$phi218.0', '$248load_attr.9', '$const268.10.6']
2026-06-28 01:19:41 [DEBUG] numba.core.byteflow:349 — dispatch pc=274, inst=STORE_FAST(arg=11, lineno=77)
2026-06-28 01:19:41 [DEBUG] numba.core.byteflow:350 — stack ['$phi218.0', '$270binary_subscr.11']
2026-06-28 01:19:41 [DEBUG] numba.core.byteflow:349 — dispatch pc=276, inst=LOAD_GLOBAL(arg=1, lineno=78)
2026-06-28 01:19:41 [DEBUG] numba.core.byteflow:350 — stack ['$phi218.0']
2026-06-28 01:19:41 [DEBUG] numba.core.byteflow:349 — dispatch pc=286, inst=LOAD_FAST(arg=11, lineno=78)
2026-06-28 01:19:41 [DEBUG] numba.core.byteflow:350 — stack ['$phi218.0', '$null$276.13', '$276load_global.12']
2026-06-28 01:19:41 [DEBUG] numba.core.byteflow:349 — dispatch pc=288, inst=CALL(arg=1, lineno=78)
2026-06-28 01:19:41 [DEBUG] numba.core.byteflow:350 — stack ['$phi218.0', '$null$276.13', '$276load_global.12', '$n286.14']
2026-06-28 01:19:41 [DEBUG] numba.core.byteflow:349 — dispatch pc=296, inst=GET_ITER(arg=None, lineno=78)
2026-06-28 01:19:41 [DEBUG] numba.core.byteflow:350 — stack ['$phi218.0', '$288call.15']
2026-06-28 01:19:41 [DEBUG] numba.core.byteflow:130 — end state. edges=[Edge(pc=298, stack=('$phi218.0', '$296get_iter.16'), blockstack=(), npush=0)]
2026-06-28 01:19:41 [DEBUG] numba.core.byteflow:108 — pending: deque([State(pc_initial=172 nstack_initial=3), State(pc_initial=298 nstack_initial=2)])
2026-06-28 01:19:41 [DEBUG] numba.core.byteflow:111 — stack: ['$phi172.0', '$phi172.1', '$phi172.2']
2026-06-28 01:19:41 [DEBUG] numba.core.byteflow:112 — state.pc_initial: State(pc_initial=172 nstack_initial=3)
2026-06-28 01:19:41 [DEBUG] numba.core.byteflow:349 — dispatch pc=172, inst=STORE_FAST(arg=10, lineno=72)
2026-06-28 01:19:41 [DEBUG] numba.core.byteflow:350 — stack ['$phi172.0', '$phi172.1', '$phi172.2']
2026-06-28 01:19:41 [DEBUG] numba.core.byteflow:349 — dispatch pc=174, inst=LOAD_FAST(arg=0, lineno=73)
2026-06-28 01:19:41 [DEBUG] numba.core.byteflow:350 — stack ['$phi172.0', '$phi172.1']
2026-06-28 01:19:41 [DEBUG] numba.core.byteflow:349 — dispatch pc=176, inst=LOAD_FAST(arg=10, lineno=73)
2026-06-28 01:19:41 [DEBUG] numba.core.byteflow:350 — stack ['$phi172.0', '$phi172.1', '$gsc_col174.3']
2026-06-28 01:19:41 [DEBUG] numba.core.byteflow:349 — dispatch pc=178, inst=COPY(arg=2, lineno=73)
2026-06-28 01:19:41 [DEBUG] numba.core.byteflow:350 — stack ['$phi172.0', '$phi172.1', '$gsc_col174.3', '$k176.4']
2026-06-28 01:19:41 [DEBUG] numba.core.byteflow:349 — dispatch pc=180, inst=COPY(arg=2, lineno=73)
2026-06-28 01:19:41 [DEBUG] numba.core.byteflow:350 — stack ['$phi172.0', '$phi172.1', '$gsc_col174.3', '$k176.4', '$gsc_col174.3']
2026-06-28 01:19:41 [DEBUG] numba.core.byteflow:349 — dispatch pc=182, inst=BINARY_SUBSCR(arg=None, lineno=73)
2026-06-28 01:19:41 [DEBUG] numba.core.byteflow:350 — stack ['$phi172.0', '$phi172.1', '$gsc_col174.3', '$k176.4', '$gsc_col174.3', '$k176.4']
2026-06-28 01:19:41 [DEBUG] numba.core.byteflow:349 — dispatch pc=186, inst=LOAD_FAST(arg=9, lineno=73)
2026-06-28 01:19:41 [DEBUG] numba.core.byteflow:350 — stack ['$phi172.0', '$phi172.1', '$gsc_col174.3', '$k176.4', '$182binary_subscr.5']
2026-06-28 01:19:41 [DEBUG] numba.core.byteflow:349 — dispatch pc=188, inst=LOAD_FAST(arg=1, lineno=73)
2026-06-28 01:19:41 [DEBUG] numba.core.byteflow:350 — stack ['$phi172.0', '$phi172.1', '$gsc_col174.3', '$k176.4', '$182binary_subscr.5', '$mu186.6']
2026-06-28 01:19:41 [DEBUG] numba.core.byteflow:349 — dispatch pc=190, inst=LOAD_FAST(arg=10, lineno=73)
2026-06-28 01:19:41 [DEBUG] numba.core.byteflow:350 — stack ['$phi172.0', '$phi172.1', '$gsc_col174.3', '$k176.4', '$182binary_subscr.5', '$mu186.6', '$gsc_mat188.7']
2026-06-28 01:19:41 [DEBUG] numba.core.byteflow:349 — dispatch pc=192, inst=LOAD_FAST(arg=8, lineno=73)
2026-06-28 01:19:41 [DEBUG] numba.core.byteflow:350 — stack ['$phi172.0', '$phi172.1', '$gsc_col174.3', '$k176.4', '$182binary_subscr.5', '$mu186.6', '$gsc_mat188.7', '$k190.8']
2026-06-28 01:19:41 [DEBUG] numba.core.byteflow:349 — dispatch pc=194, inst=BUILD_TUPLE(arg=2, lineno=73)
2026-06-28 01:19:41 [DEBUG] numba.core.byteflow:350 — stack ['$phi172.0', '$phi172.1', '$gsc_col174.3', '$k176.4', '$182binary_subscr.5', '$mu186.6', '$gsc_mat188.7', '$k190.8', '$i192.9']
2026-06-28 01:19:41 [DEBUG] numba.core.byteflow:349 — dispatch pc=196, inst=BINARY_SUBSCR(arg=None, lineno=73)
2026-06-28 01:19:41 [DEBUG] numba.core.byteflow:350 — stack ['$phi172.0', '$phi172.1', '$gsc_col174.3', '$k176.4', '$182binary_subscr.5', '$mu186.6', '$gsc_mat188.7', '$194build_tuple.10']
2026-06-28 01:19:41 [DEBUG] numba.core.byteflow:349 — dispatch pc=200, inst=BINARY_OP(arg=5, lineno=73)
2026-06-28 01:19:41 [DEBUG] numba.core.byteflow:350 — stack ['$phi172.0', '$phi172.1', '$gsc_col174.3', '$k176.4', '$182binary_subscr.5', '$mu186.6', '$196binary_subscr.11']
2026-06-28 01:19:41 [DEBUG] numba.core.byteflow:349 — dispatch pc=204, inst=BINARY_OP(arg=23, lineno=73)
2026-06-28 01:19:41 [DEBUG] numba.core.byteflow:350 — stack ['$phi172.0', '$phi172.1', '$gsc_col174.3', '$k176.4', '$182binary_subscr.5', '$binop_mul200.12']
2026-06-28 01:19:41 [DEBUG] numba.core.byteflow:349 — dispatch pc=208, inst=SWAP(arg=3, lineno=73)
2026-06-28 01:19:41 [DEBUG] numba.core.byteflow:350 — stack ['$phi172.0', '$phi172.1', '$gsc_col174.3', '$k176.4', '$binop_isub204.13']
2026-06-28 01:19:41 [DEBUG] numba.core.byteflow:349 — dispatch pc=210, inst=SWAP(arg=2, lineno=73)
2026-06-28 01:19:41 [DEBUG] numba.core.byteflow:350 — stack ['$phi172.0', '$phi172.1', '$binop_isub204.13', '$k176.4', '$gsc_col174.3']
2026-06-28 01:19:41 [DEBUG] numba.core.byteflow:349 — dispatch pc=212, inst=STORE_SUBSCR(arg=None, lineno=73)
2026-06-28 01:19:41 [DEBUG] numba.core.byteflow:350 — stack ['$phi172.0', '$phi172.1', '$binop_isub204.13', '$gsc_col174.3', '$k176.4']
2026-06-28 01:19:41 [DEBUG] numba.core.byteflow:349 — dispatch pc=216, inst=JUMP_BACKWARD(arg=25, lineno=73)
2026-06-28 01:19:41 [DEBUG] numba.core.byteflow:350 — stack ['$phi172.0', '$phi172.1']
2026-06-28 01:19:41 [DEBUG] numba.core.byteflow:130 — end state. edges=[Edge(pc=168, stack=('$phi172.0', '$phi172.1'), blockstack=(), npush=0)]
2026-06-28 01:19:41 [DEBUG] numba.core.byteflow:108 — pending: deque([State(pc_initial=298 nstack_initial=2), State(pc_initial=168 nstack_initial=2)])
2026-06-28 01:19:41 [DEBUG] numba.core.byteflow:111 — stack: ['$phi298.0', '$phi298.1']
2026-06-28 01:19:41 [DEBUG] numba.core.byteflow:112 — state.pc_initial: State(pc_initial=298 nstack_initial=2)
2026-06-28 01:19:41 [DEBUG] numba.core.byteflow:349 — dispatch pc=298, inst=FOR_ITER(arg=23, lineno=78)
2026-06-28 01:19:41 [DEBUG] numba.core.byteflow:350 — stack ['$phi298.0', '$phi298.1']
2026-06-28 01:19:41 [DEBUG] numba.core.byteflow:130 — end state. edges=[Edge(pc=348, stack=('$phi298.0', '$phi298.1', '$298for_iter.3'), blockstack=(), npush=0), Edge(pc=302, stack=('$phi298.0', '$phi298.1', '$298for_iter.3'), blockstack=(), npush=0)]
2026-06-28 01:19:41 [DEBUG] numba.core.byteflow:108 — pending: deque([State(pc_initial=168 nstack_initial=2), State(pc_initial=348 nstack_initial=3), State(pc_initial=302 nstack_initial=3)])
2026-06-28 01:19:41 [DEBUG] numba.core.byteflow:108 — pending: deque([State(pc_initial=348 nstack_initial=3), State(pc_initial=302 nstack_initial=3)])
2026-06-28 01:19:41 [DEBUG] numba.core.byteflow:111 — stack: ['$phi348.0', '$phi348.1', '$phi348.2']
2026-06-28 01:19:41 [DEBUG] numba.core.byteflow:112 — state.pc_initial: State(pc_initial=348 nstack_initial=3)
2026-06-28 01:19:41 [DEBUG] numba.core.byteflow:349 — dispatch pc=348, inst=END_FOR(arg=None, lineno=78)
2026-06-28 01:19:41 [DEBUG] numba.core.byteflow:350 — stack ['$phi348.0', '$phi348.1', '$phi348.2']
2026-06-28 01:19:41 [DEBUG] numba.core.byteflow:349 — dispatch pc=350, inst=JUMP_BACKWARD(arg=154, lineno=78)
2026-06-28 01:19:41 [DEBUG] numba.core.byteflow:350 — stack ['$phi348.0']
2026-06-28 01:19:41 [DEBUG] numba.core.byteflow:130 — end state. edges=[Edge(pc=44, stack=('$phi348.0',), blockstack=(), npush=0)]
2026-06-28 01:19:41 [DEBUG] numba.core.byteflow:108 — pending: deque([State(pc_initial=302 nstack_initial=3), State(pc_initial=44 nstack_initial=1)])
2026-06-28 01:19:41 [DEBUG] numba.core.byteflow:111 — stack: ['$phi302.0', '$phi302.1', '$phi302.2']
2026-06-28 01:19:41 [DEBUG] numba.core.byteflow:112 — state.pc_initial: State(pc_initial=302 nstack_initial=3)
2026-06-28 01:19:41 [DEBUG] numba.core.byteflow:349 — dispatch pc=302, inst=STORE_FAST(arg=12, lineno=78)
2026-06-28 01:19:41 [DEBUG] numba.core.byteflow:350 — stack ['$phi302.0', '$phi302.1', '$phi302.2']
2026-06-28 01:19:41 [DEBUG] numba.core.byteflow:349 — dispatch pc=304, inst=LOAD_FAST(arg=2, lineno=79)
2026-06-28 01:19:41 [DEBUG] numba.core.byteflow:350 — stack ['$phi302.0', '$phi302.1']
2026-06-28 01:19:41 [DEBUG] numba.core.byteflow:349 — dispatch pc=306, inst=LOAD_FAST(arg=12, lineno=79)
2026-06-28 01:19:41 [DEBUG] numba.core.byteflow:350 — stack ['$phi302.0', '$phi302.1', '$basis_col304.3']
2026-06-28 01:19:41 [DEBUG] numba.core.byteflow:349 — dispatch pc=308, inst=COPY(arg=2, lineno=79)
2026-06-28 01:19:41 [DEBUG] numba.core.byteflow:350 — stack ['$phi302.0', '$phi302.1', '$basis_col304.3', '$r306.4']
2026-06-28 01:19:41 [DEBUG] numba.core.byteflow:349 — dispatch pc=310, inst=COPY(arg=2, lineno=79)
2026-06-28 01:19:41 [DEBUG] numba.core.byteflow:350 — stack ['$phi302.0', '$phi302.1', '$basis_col304.3', '$r306.4', '$basis_col304.3']
2026-06-28 01:19:41 [DEBUG] numba.core.byteflow:349 — dispatch pc=312, inst=BINARY_SUBSCR(arg=None, lineno=79)
2026-06-28 01:19:41 [DEBUG] numba.core.byteflow:350 — stack ['$phi302.0', '$phi302.1', '$basis_col304.3', '$r306.4', '$basis_col304.3', '$r306.4']
2026-06-28 01:19:41 [DEBUG] numba.core.byteflow:349 — dispatch pc=316, inst=LOAD_FAST(arg=9, lineno=79)
2026-06-28 01:19:41 [DEBUG] numba.core.byteflow:350 — stack ['$phi302.0', '$phi302.1', '$basis_col304.3', '$r306.4', '$312binary_subscr.5']
2026-06-28 01:19:41 [DEBUG] numba.core.byteflow:349 — dispatch pc=318, inst=LOAD_FAST(arg=3, lineno=79)
2026-06-28 01:19:41 [DEBUG] numba.core.byteflow:350 — stack ['$phi302.0', '$phi302.1', '$basis_col304.3', '$r306.4', '$312binary_subscr.5', '$mu316.6']
2026-06-28 01:19:41 [DEBUG] numba.core.byteflow:349 — dispatch pc=320, inst=LOAD_FAST(arg=12, lineno=79)
2026-06-28 01:19:41 [DEBUG] numba.core.byteflow:350 — stack ['$phi302.0', '$phi302.1', '$basis_col304.3', '$r306.4', '$312binary_subscr.5', '$mu316.6', '$basis_mat318.7']
2026-06-28 01:19:41 [DEBUG] numba.core.byteflow:349 — dispatch pc=322, inst=LOAD_FAST(arg=8, lineno=79)
2026-06-28 01:19:41 [DEBUG] numba.core.byteflow:350 — stack ['$phi302.0', '$phi302.1', '$basis_col304.3', '$r306.4', '$312binary_subscr.5', '$mu316.6', '$basis_mat318.7', '$r320.8']
2026-06-28 01:19:41 [DEBUG] numba.core.byteflow:349 — dispatch pc=324, inst=BUILD_TUPLE(arg=2, lineno=79)
2026-06-28 01:19:41 [DEBUG] numba.core.byteflow:350 — stack ['$phi302.0', '$phi302.1', '$basis_col304.3', '$r306.4', '$312binary_subscr.5', '$mu316.6', '$basis_mat318.7', '$r320.8', '$i322.9']
2026-06-28 01:19:41 [DEBUG] numba.core.byteflow:349 — dispatch pc=326, inst=BINARY_SUBSCR(arg=None, lineno=79)
2026-06-28 01:19:41 [DEBUG] numba.core.byteflow:350 — stack ['$phi302.0', '$phi302.1', '$basis_col304.3', '$r306.4', '$312binary_subscr.5', '$mu316.6', '$basis_mat318.7', '$324build_tuple.10']
2026-06-28 01:19:41 [DEBUG] numba.core.byteflow:349 — dispatch pc=330, inst=BINARY_OP(arg=5, lineno=79)
2026-06-28 01:19:41 [DEBUG] numba.core.byteflow:350 — stack ['$phi302.0', '$phi302.1', '$basis_col304.3', '$r306.4', '$312binary_subscr.5', '$mu316.6', '$326binary_subscr.11']
2026-06-28 01:19:41 [DEBUG] numba.core.byteflow:349 — dispatch pc=334, inst=BINARY_OP(arg=23, lineno=79)
2026-06-28 01:19:41 [DEBUG] numba.core.byteflow:350 — stack ['$phi302.0', '$phi302.1', '$basis_col304.3', '$r306.4', '$312binary_subscr.5', '$binop_mul330.12']
2026-06-28 01:19:41 [DEBUG] numba.core.byteflow:349 — dispatch pc=338, inst=SWAP(arg=3, lineno=79)
2026-06-28 01:19:41 [DEBUG] numba.core.byteflow:350 — stack ['$phi302.0', '$phi302.1', '$basis_col304.3', '$r306.4', '$binop_isub334.13']
2026-06-28 01:19:41 [DEBUG] numba.core.byteflow:349 — dispatch pc=340, inst=SWAP(arg=2, lineno=79)
2026-06-28 01:19:41 [DEBUG] numba.core.byteflow:350 — stack ['$phi302.0', '$phi302.1', '$binop_isub334.13', '$r306.4', '$basis_col304.3']
2026-06-28 01:19:41 [DEBUG] numba.core.byteflow:349 — dispatch pc=342, inst=STORE_SUBSCR(arg=None, lineno=79)
2026-06-28 01:19:41 [DEBUG] numba.core.byteflow:350 — stack ['$phi302.0', '$phi302.1', '$binop_isub334.13', '$basis_col304.3', '$r306.4']
2026-06-28 01:19:41 [DEBUG] numba.core.byteflow:349 — dispatch pc=346, inst=JUMP_BACKWARD(arg=25, lineno=79)
2026-06-28 01:19:41 [DEBUG] numba.core.byteflow:350 — stack ['$phi302.0', '$phi302.1']
2026-06-28 01:19:41 [DEBUG] numba.core.byteflow:130 — end state. edges=[Edge(pc=298, stack=('$phi302.0', '$phi302.1'), blockstack=(), npush=0)]
2026-06-28 01:19:41 [DEBUG] numba.core.byteflow:108 — pending: deque([State(pc_initial=44 nstack_initial=1), State(pc_initial=298 nstack_initial=2)])
2026-06-28 01:19:41 [DEBUG] numba.core.byteflow:108 — pending: deque([State(pc_initial=298 nstack_initial=2)])
2026-06-28 01:19:41 [DEBUG] numba.core.byteflow:211 — -------------------------Prune PHIs-------------------------
2026-06-28 01:19:41 [DEBUG] numba.core.byteflow:280 — Used_phis: defaultdict(<class 'set'>,
            {State(pc_initial=0 nstack_initial=0): set(),
             State(pc_initial=44 nstack_initial=1): {'$phi44.0'},
             State(pc_initial=48 nstack_initial=2): {'$phi48.1'},
             State(pc_initial=84 nstack_initial=1): set(),
             State(pc_initial=86 nstack_initial=1): set(),
             State(pc_initial=142 nstack_initial=1): set(),
             State(pc_initial=146 nstack_initial=1): set(),
             State(pc_initial=168 nstack_initial=2): {'$phi168.1'},
             State(pc_initial=172 nstack_initial=3): {'$phi172.2'},
             State(pc_initial=218 nstack_initial=3): set(),
             State(pc_initial=298 nstack_initial=2): {'$phi298.1'},
             State(pc_initial=302 nstack_initial=3): {'$phi302.2'},
             State(pc_initial=348 nstack_initial=3): set(),
             State(pc_initial=352 nstack_initial=2): set()})
2026-06-28 01:19:41 [DEBUG] numba.core.byteflow:237 — defmap: {'$phi168.1': State(pc_initial=146 nstack_initial=1),
 '$phi172.2': State(pc_initial=168 nstack_initial=2),
 '$phi218.2': State(pc_initial=168 nstack_initial=2),
 '$phi298.1': State(pc_initial=218 nstack_initial=3),
 '$phi302.2': State(pc_initial=298 nstack_initial=2),
 '$phi348.2': State(pc_initial=298 nstack_initial=2),
 '$phi352.1': State(pc_initial=44 nstack_initial=1),
 '$phi44.0': State(pc_initial=0 nstack_initial=0),
 '$phi48.1': State(pc_initial=44 nstack_initial=1)}
2026-06-28 01:19:41 [DEBUG] numba.core.byteflow:238 — phismap: defaultdict(<class 'set'>,
            {'$phi142.0': {('$phi86.0', State(pc_initial=86 nstack_initial=1))},
             '$phi146.0': {('$phi142.0',
                            State(pc_initial=142 nstack_initial=1)),
                           ('$phi86.0', State(pc_initial=86 nstack_initial=1))},
             '$phi168.0': {('$phi146.0',
                            State(pc_initial=146 nstack_initial=1)),
                           ('$phi172.0',
                            State(pc_initial=172 nstack_initial=3))},
             '$phi168.1': {('$166get_iter.5',
                            State(pc_initial=146 nstack_initial=1)),
                           ('$phi172.1',
                            State(pc_initial=172 nstack_initial=3))},
             '$phi172.0': {('$phi168.0',
                            State(pc_initial=168 nstack_initial=2))},
             '$phi172.1': {('$phi168.1',
                            State(pc_initial=168 nstack_initial=2))},
             '$phi172.2': {('$168for_iter.3',
                            State(pc_initial=168 nstack_initial=2))},
             '$phi218.0': {('$phi168.0',
                            State(pc_initial=168 nstack_initial=2))},
             '$phi218.1': {('$phi168.1',
                            State(pc_initial=168 nstack_initial=2))},
             '$phi218.2': {('$168for_iter.3',
                            State(pc_initial=168 nstack_initial=2))},
             '$phi298.0': {('$phi218.0',
                            State(pc_initial=218 nstack_initial=3)),
                           ('$phi302.0',
                            State(pc_initial=302 nstack_initial=3))},
             '$phi298.1': {('$296get_iter.16',
                            State(pc_initial=218 nstack_initial=3)),
                           ('$phi302.1',
                            State(pc_initial=302 nstack_initial=3))},
             '$phi302.0': {('$phi298.0',
                            State(pc_initial=298 nstack_initial=2))},
             '$phi302.1': {('$phi298.1',
                            State(pc_initial=298 nstack_initial=2))},
             '$phi302.2': {('$298for_iter.3',
                            State(pc_initial=298 nstack_initial=2))},
             '$phi348.0': {('$phi298.0',
                            State(pc_initial=298 nstack_initial=2))},
             '$phi348.1': {('$phi298.1',
                            State(pc_initial=298 nstack_initial=2))},
             '$phi348.2': {('$298for_iter.3',
                            State(pc_initial=298 nstack_initial=2))},
             '$phi352.0': {('$phi44.0', State(pc_initial=44 nstack_initial=1))},
             '$phi352.1': {('$44for_iter.2',
                            State(pc_initial=44 nstack_initial=1))},
             '$phi44.0': {('$42get_iter.10',
                           State(pc_initial=0 nstack_initial=0)),
                          ('$phi348.0', State(pc_initial=348 nstack_initial=3)),
                          ('$phi84.0', State(pc_initial=84 nstack_initial=1))},
             '$phi48.0': {('$phi44.0', State(pc_initial=44 nstack_initial=1))},
             '$phi48.1': {('$44for_iter.2',
                           State(pc_initial=44 nstack_initial=1))},
             '$phi84.0': {('$phi48.0', State(pc_initial=48 nstack_initial=2))},
             '$phi86.0': {('$phi48.0', State(pc_initial=48 nstack_initial=2))}})
2026-06-28 01:19:41 [DEBUG] numba.core.byteflow:259 — changing phismap: defaultdict(<class 'set'>,
            {'$phi142.0': {('$phi48.0', State(pc_initial=48 nstack_initial=2))},
             '$phi146.0': {('$phi48.0', State(pc_initial=48 nstack_initial=2))},
             '$phi168.0': {('$phi168.0',
                            State(pc_initial=168 nstack_initial=2)),
                           ('$phi48.0', State(pc_initial=48 nstack_initial=2))},
             '$phi168.1': {('$166get_iter.5',
                            State(pc_initial=146 nstack_initial=1)),
                           ('$phi168.1',
                            State(pc_initial=168 nstack_initial=2))},
             '$phi172.0': {('$phi48.0', State(pc_initial=48 nstack_initial=2))},
             '$phi172.1': {('$166get_iter.5',
                            State(pc_initial=146 nstack_initial=1))},
             '$phi172.2': {('$168for_iter.3',
                            State(pc_initial=168 nstack_initial=2))},
             '$phi218.0': {('$phi48.0', State(pc_initial=48 nstack_initial=2))},
             '$phi218.1': {('$166get_iter.5',
                            State(pc_initial=146 nstack_initial=1))},
             '$phi218.2': {('$168for_iter.3',
                            State(pc_initial=168 nstack_initial=2))},
             '$phi298.0': {('$phi298.0',
                            State(pc_initial=298 nstack_initial=2)),
                           ('$phi48.0', State(pc_initial=48 nstack_initial=2))},
             '$phi298.1': {('$296get_iter.16',
                            State(pc_initial=218 nstack_initial=3)),
                           ('$phi298.1',
                            State(pc_initial=298 nstack_initial=2))},
             '$phi302.0': {('$phi48.0', State(pc_initial=48 nstack_initial=2))},
             '$phi302.1': {('$296get_iter.16',
                            State(pc_initial=218 nstack_initial=3))},
             '$phi302.2': {('$298for_iter.3',
                            State(pc_initial=298 nstack_initial=2))},
             '$phi348.0': {('$phi48.0', State(pc_initial=48 nstack_initial=2))},
             '$phi348.1': {('$296get_iter.16',
                            State(pc_initial=218 nstack_initial=3))},
             '$phi348.2': {('$298for_iter.3',
                            State(pc_initial=298 nstack_initial=2))},
             '$phi352.0': {('$42get_iter.10',
                            State(pc_initial=0 nstack_initial=0)),
                           ('$phi348.0',
                            State(pc_initial=348 nstack_initial=3)),
                           ('$phi84.0', State(pc_initial=84 nstack_initial=1))},
             '$phi352.1': {('$44for_iter.2',
                            State(pc_initial=44 nstack_initial=1))},
             '$phi44.0': {('$42get_iter.10',
                           State(pc_initial=0 nstack_initial=0)),
                          ('$phi48.0', State(pc_initial=48 nstack_initial=2))},
             '$phi48.0': {('$42get_iter.10',
                           State(pc_initial=0 nstack_initial=0)),
                          ('$phi48.0', State(pc_initial=48 nstack_initial=2))},
             '$phi48.1': {('$44for_iter.2',
                           State(pc_initial=44 nstack_initial=1))},
             '$phi84.0': {('$42get_iter.10',
                           State(pc_initial=0 nstack_initial=0))},
             '$phi86.0': {('$42get_iter.10',
                           State(pc_initial=0 nstack_initial=0))}})
2026-06-28 01:19:41 [DEBUG] numba.core.byteflow:259 — changing phismap: defaultdict(<class 'set'>,
            {'$phi142.0': {('$42get_iter.10',
                            State(pc_initial=0 nstack_initial=0))},
             '$phi146.0': {('$42get_iter.10',
                            State(pc_initial=0 nstack_initial=0))},
             '$phi168.0': {('$42get_iter.10',
                            State(pc_initial=0 nstack_initial=0))},
             '$phi168.1': {('$166get_iter.5',
                            State(pc_initial=146 nstack_initial=1))},
             '$phi172.0': {('$42get_iter.10',
                            State(pc_initial=0 nstack_initial=0))},
             '$phi172.1': {('$166get_iter.5',
                            State(pc_initial=146 nstack_initial=1))},
             '$phi172.2': {('$168for_iter.3',
                            State(pc_initial=168 nstack_initial=2))},
             '$phi218.0': {('$42get_iter.10',
                            State(pc_initial=0 nstack_initial=0))},
             '$phi218.1': {('$166get_iter.5',
                            State(pc_initial=146 nstack_initial=1))},
             '$phi218.2': {('$168for_iter.3',
                            State(pc_initial=168 nstack_initial=2))},
             '$phi298.0': {('$42get_iter.10',
                            State(pc_initial=0 nstack_initial=0))},
             '$phi298.1': {('$296get_iter.16',
                            State(pc_initial=218 nstack_initial=3))},
             '$phi302.0': {('$42get_iter.10',
                            State(pc_initial=0 nstack_initial=0))},
             '$phi302.1': {('$296get_iter.16',
                            State(pc_initial=218 nstack_initial=3))},
             '$phi302.2': {('$298for_iter.3',
                            State(pc_initial=298 nstack_initial=2))},
             '$phi348.0': {('$42get_iter.10',
                            State(pc_initial=0 nstack_initial=0))},
             '$phi348.1': {('$296get_iter.16',
                            State(pc_initial=218 nstack_initial=3))},
             '$phi348.2': {('$298for_iter.3',
                            State(pc_initial=298 nstack_initial=2))},
             '$phi352.0': {('$42get_iter.10',
                            State(pc_initial=0 nstack_initial=0))},
             '$phi352.1': {('$44for_iter.2',
                            State(pc_initial=44 nstack_initial=1))},
             '$phi44.0': {('$42get_iter.10',
                           State(pc_initial=0 nstack_initial=0))},
             '$phi48.0': {('$42get_iter.10',
                           State(pc_initial=0 nstack_initial=0))},
             '$phi48.1': {('$44for_iter.2',
                           State(pc_initial=44 nstack_initial=1))},
             '$phi84.0': {('$42get_iter.10',
                           State(pc_initial=0 nstack_initial=0))},
             '$phi86.0': {('$42get_iter.10',
                           State(pc_initial=0 nstack_initial=0))}})
2026-06-28 01:19:41 [DEBUG] numba.core.byteflow:259 — changing phismap: defaultdict(<class 'set'>,
            {'$phi142.0': {('$42get_iter.10',
                            State(pc_initial=0 nstack_initial=0))},
             '$phi146.0': {('$42get_iter.10',
                            State(pc_initial=0 nstack_initial=0))},
             '$phi168.0': {('$42get_iter.10',
                            State(pc_initial=0 nstack_initial=0))},
             '$phi168.1': {('$166get_iter.5',
                            State(pc_initial=146 nstack_initial=1))},
             '$phi172.0': {('$42get_iter.10',
                            State(pc_initial=0 nstack_initial=0))},
             '$phi172.1': {('$166get_iter.5',
                            State(pc_initial=146 nstack_initial=1))},
             '$phi172.2': {('$168for_iter.3',
                            State(pc_initial=168 nstack_initial=2))},
             '$phi218.0': {('$42get_iter.10',
                            State(pc_initial=0 nstack_initial=0))},
             '$phi218.1': {('$166get_iter.5',
                            State(pc_initial=146 nstack_initial=1))},
             '$phi218.2': {('$168for_iter.3',
                            State(pc_initial=168 nstack_initial=2))},
             '$phi298.0': {('$42get_iter.10',
                            State(pc_initial=0 nstack_initial=0))},
             '$phi298.1': {('$296get_iter.16',
                            State(pc_initial=218 nstack_initial=3))},
             '$phi302.0': {('$42get_iter.10',
                            State(pc_initial=0 nstack_initial=0))},
             '$phi302.1': {('$296get_iter.16',
                            State(pc_initial=218 nstack_initial=3))},
             '$phi302.2': {('$298for_iter.3',
                            State(pc_initial=298 nstack_initial=2))},
             '$phi348.0': {('$42get_iter.10',
                            State(pc_initial=0 nstack_initial=0))},
             '$phi348.1': {('$296get_iter.16',
                            State(pc_initial=218 nstack_initial=3))},
             '$phi348.2': {('$298for_iter.3',
                            State(pc_initial=298 nstack_initial=2))},
             '$phi352.0': {('$42get_iter.10',
                            State(pc_initial=0 nstack_initial=0))},
             '$phi352.1': {('$44for_iter.2',
                            State(pc_initial=44 nstack_initial=1))},
             '$phi44.0': {('$42get_iter.10',
                           State(pc_initial=0 nstack_initial=0))},
             '$phi48.0': {('$42get_iter.10',
                           State(pc_initial=0 nstack_initial=0))},
             '$phi48.1': {('$44for_iter.2',
                           State(pc_initial=44 nstack_initial=1))},
             '$phi84.0': {('$42get_iter.10',
                           State(pc_initial=0 nstack_initial=0))},
             '$phi86.0': {('$42get_iter.10',
                           State(pc_initial=0 nstack_initial=0))}})
2026-06-28 01:19:41 [DEBUG] numba.core.byteflow:268 — keep phismap: {'$phi168.1': {('$166get_iter.5', State(pc_initial=146 nstack_initial=1))},
 '$phi172.2': {('$168for_iter.3', State(pc_initial=168 nstack_initial=2))},
 '$phi298.1': {('$296get_iter.16', State(pc_initial=218 nstack_initial=3))},
 '$phi302.2': {('$298for_iter.3', State(pc_initial=298 nstack_initial=2))},
 '$phi44.0': {('$42get_iter.10', State(pc_initial=0 nstack_initial=0))},
 '$phi48.1': {('$44for_iter.2', State(pc_initial=44 nstack_initial=1))}}
2026-06-28 01:19:41 [DEBUG] numba.core.byteflow:274 — new_out: defaultdict(<class 'dict'>,
            {State(pc_initial=0 nstack_initial=0): {'$phi44.0': '$42get_iter.10'},
             State(pc_initial=44 nstack_initial=1): {'$phi48.1': '$44for_iter.2'},
             State(pc_initial=146 nstack_initial=1): {'$phi168.1': '$166get_iter.5'},
             State(pc_initial=168 nstack_initial=2): {'$phi172.2': '$168for_iter.3'},
             State(pc_initial=218 nstack_initial=3): {'$phi298.1': '$296get_iter.16'},
             State(pc_initial=298 nstack_initial=2): {'$phi302.2': '$298for_iter.3'}})
2026-06-28 01:19:41 [DEBUG] numba.core.byteflow:284 — ----------------------DONE Prune PHIs-----------------------
2026-06-28 01:19:41 [DEBUG] numba.core.byteflow:142 — block_infos State(pc_initial=0 nstack_initial=0):
AdaptBlockInfo(insts=((0, {}), (2, {}), (4, {'res': '$const4.0.1'}), (6, {'value': '$const4.0.1'}), (8, {'res': '$const8.1.2'}), (10, {'value': '$const8.1.2'}), (12, {'idx': 0, 'res': '$12load_global.2'}), (22, {'res': '$stage22.4'}), (24, {'res': '$const24.5.3'}), (26, {'op': '-', 'lhs': '$stage22.4', 'rhs': '$const24.5.3', 'res': '$binop_sub26.6'}), (30, {'res': '$const30.7.4'}), (32, {'res': '$const32.8.4'}), (34, {'func': '$12load_global.2', 'args': ['$binop_sub26.6', '$const30.7.4', '$const32.8.4'], 'kw_names': None, 'res': '$34call.9'}), (42, {'value': '$34call.9', 'res': '$42get_iter.10'})), outgoing_phis={'$phi44.0': '$42get_iter.10'}, blockstack=(), active_try_block=None, outgoing_edgepushed={44: ('$42get_iter.10',)})
2026-06-28 01:19:41 [DEBUG] numba.core.byteflow:142 — block_infos State(pc_initial=44 nstack_initial=1):
AdaptBlockInfo(insts=((44, {'iterator': '$phi44.0', 'pair': '$44for_iter.1', 'indval': '$44for_iter.2', 'pred': '$44for_iter.3'}),), outgoing_phis={'$phi48.1': '$44for_iter.2'}, blockstack=(), active_try_block=None, outgoing_edgepushed={352: ('$phi44.0', '$44for_iter.2'), 48: ('$phi44.0', '$44for_iter.2')})
2026-06-28 01:19:41 [DEBUG] numba.core.byteflow:142 — block_infos State(pc_initial=48 nstack_initial=2):
AdaptBlockInfo(insts=((48, {'value': '$phi48.1'}), (50, {'idx': 1, 'res': '$50load_global.2'}), (60, {'res': '$gsc_col60.4'}), (62, {'res': '$i62.5'}), (64, {'index': '$i62.5', 'target': '$gsc_col60.4', 'res': '$64binary_subscr.6'}), (68, {'func': '$50load_global.2', 'args': ['$64binary_subscr.6'], 'kw_names': None, 'res': '$68call.7'}), (76, {'res': '$threshold76.8'}), (78, {'lhs': '$68call.7', 'rhs': '$threshold76.8', 'res': '$78compare_op.9'}), (82, {'pred': '$78compare_op.9'})), outgoing_phis={}, blockstack=(), active_try_block=None, outgoing_edgepushed={84: ('$phi48.0',), 86: ('$phi48.0',)})
2026-06-28 01:19:41 [DEBUG] numba.core.byteflow:142 — block_infos State(pc_initial=84 nstack_initial=1):
AdaptBlockInfo(insts=((84, {}),), outgoing_phis={}, blockstack=(), active_try_block=None, outgoing_edgepushed={44: ('$phi84.0',)})
2026-06-28 01:19:41 [DEBUG] numba.core.byteflow:142 — block_infos State(pc_initial=86 nstack_initial=1):
AdaptBlockInfo(insts=((86, {'idx': 2, 'res': '$86load_global.1'}), (96, {'res': '$gsc_col96.3'}), (98, {'res': '$i98.4'}), (100, {'index': '$i98.4', 'target': '$gsc_col96.3', 'res': '$100binary_subscr.5'}), (104, {'func': '$86load_global.1', 'args': ['$100binary_subscr.5'], 'kw_names': None, 'res': '$104call.6'}), (112, {'value': '$104call.6'}), (114, {'idx': 1, 'res': '$114load_global.7'}), (124, {'res': '$mu124.9'}), (126, {'func': '$114load_global.7', 'args': ['$mu124.9'], 'kw_names': None, 'res': '$126call.10'}), (134, {'res': '$tau_limit134.11'}), (136, {'lhs': '$126call.10', 'rhs': '$tau_limit134.11', 'res': '$136compare_op.12'}), (140, {'pred': '$136compare_op.12'})), outgoing_phis={}, blockstack=(), active_try_block=None, outgoing_edgepushed={142: ('$phi86.0',), 146: ('$phi86.0',)})
2026-06-28 01:19:41 [DEBUG] numba.core.byteflow:142 — block_infos State(pc_initial=142 nstack_initial=1):
AdaptBlockInfo(insts=((142, {'res': '$const142.1.5'}), (144, {'value': '$const142.1.5'})), outgoing_phis={}, blockstack=(), active_try_block=None, outgoing_edgepushed={146: ('$phi142.0',)})
2026-06-28 01:19:41 [DEBUG] numba.core.byteflow:142 — block_infos State(pc_initial=146 nstack_initial=1):
AdaptBlockInfo(insts=((146, {'idx': 0, 'res': '$146load_global.1'}), (156, {'res': '$i156.3'}), (158, {'func': '$146load_global.1', 'args': ['$i156.3'], 'kw_names': None, 'res': '$158call.4'}), (166, {'value': '$158call.4', 'res': '$166get_iter.5'})), outgoing_phis={'$phi168.1': '$166get_iter.5'}, blockstack=(), active_try_block=None, outgoing_edgepushed={168: ('$phi146.0', '$166get_iter.5')})
2026-06-28 01:19:41 [DEBUG] numba.core.byteflow:142 — block_infos State(pc_initial=168 nstack_initial=2):
AdaptBlockInfo(insts=((168, {'iterator': '$phi168.1', 'pair': '$168for_iter.2', 'indval': '$168for_iter.3', 'pred': '$168for_iter.4'}),), outgoing_phis={'$phi172.2': '$168for_iter.3'}, blockstack=(), active_try_block=None, outgoing_edgepushed={218: ('$phi168.0', '$phi168.1', '$168for_iter.3'), 172: ('$phi168.0', '$phi168.1', '$168for_iter.3')})
2026-06-28 01:19:41 [DEBUG] numba.core.byteflow:142 — block_infos State(pc_initial=172 nstack_initial=3):
AdaptBlockInfo(insts=((172, {'value': '$phi172.2'}), (174, {'res': '$gsc_col174.3'}), (176, {'res': '$k176.4'}), (182, {'index': '$k176.4', 'target': '$gsc_col174.3', 'res': '$182binary_subscr.5'}), (186, {'res': '$mu186.6'}), (188, {'res': '$gsc_mat188.7'}), (190, {'res': '$k190.8'}), (192, {'res': '$i192.9'}), (194, {'items': ['$k190.8', '$i192.9'], 'res': '$194build_tuple.10'}), (196, {'index': '$194build_tuple.10', 'target': '$gsc_mat188.7', 'res': '$196binary_subscr.11'}), (200, {'op': '*', 'lhs': '$mu186.6', 'rhs': '$196binary_subscr.11', 'res': '$binop_mul200.12'}), (204, {'op': '-=', 'lhs': '$182binary_subscr.5', 'rhs': '$binop_mul200.12', 'res': '$binop_isub204.13'}), (212, {'target': '$gsc_col174.3', 'index': '$k176.4', 'value': '$binop_isub204.13'}), (216, {})), outgoing_phis={}, blockstack=(), active_try_block=None, outgoing_edgepushed={168: ('$phi172.0', '$phi172.1')})
2026-06-28 01:19:41 [DEBUG] numba.core.byteflow:142 — block_infos State(pc_initial=218 nstack_initial=3):
AdaptBlockInfo(insts=((220, {'res': '$gsc_col220.3'}), (222, {'res': '$i222.4'}), (228, {'index': '$i222.4', 'target': '$gsc_col220.3', 'res': '$228binary_subscr.5'}), (232, {'res': '$mu232.6'}), (234, {'op': '-=', 'lhs': '$228binary_subscr.5', 'rhs': '$mu232.6', 'res': '$binop_isub234.7'}), (242, {'target': '$gsc_col220.3', 'index': '$i222.4', 'value': '$binop_isub234.7'}), (246, {'res': '$basis_col246.8'}), (248, {'item': '$basis_col246.8', 'res': '$248load_attr.9'}), (268, {'res': '$const268.10.6'}), (270, {'index': '$const268.10.6', 'target': '$248load_attr.9', 'res': '$270binary_subscr.11'}), (274, {'value': '$270binary_subscr.11'}), (276, {'idx': 0, 'res': '$276load_global.12'}), (286, {'res': '$n286.14'}), (288, {'func': '$276load_global.12', 'args': ['$n286.14'], 'kw_names': None, 'res': '$288call.15'}), (296, {'value': '$288call.15', 'res': '$296get_iter.16'})), outgoing_phis={'$phi298.1': '$296get_iter.16'}, blockstack=(), active_try_block=None, outgoing_edgepushed={298: ('$phi218.0', '$296get_iter.16')})
2026-06-28 01:19:41 [DEBUG] numba.core.byteflow:142 — block_infos State(pc_initial=298 nstack_initial=2):
AdaptBlockInfo(insts=((298, {'iterator': '$phi298.1', 'pair': '$298for_iter.2', 'indval': '$298for_iter.3', 'pred': '$298for_iter.4'}),), outgoing_phis={'$phi302.2': '$298for_iter.3'}, blockstack=(), active_try_block=None, outgoing_edgepushed={348: ('$phi298.0', '$phi298.1', '$298for_iter.3'), 302: ('$phi298.0', '$phi298.1', '$298for_iter.3')})
2026-06-28 01:19:41 [DEBUG] numba.core.byteflow:142 — block_infos State(pc_initial=302 nstack_initial=3):
AdaptBlockInfo(insts=((302, {'value': '$phi302.2'}), (304, {'res': '$basis_col304.3'}), (306, {'res': '$r306.4'}), (312, {'index': '$r306.4', 'target': '$basis_col304.3', 'res': '$312binary_subscr.5'}), (316, {'res': '$mu316.6'}), (318, {'res': '$basis_mat318.7'}), (320, {'res': '$r320.8'}), (322, {'res': '$i322.9'}), (324, {'items': ['$r320.8', '$i322.9'], 'res': '$324build_tuple.10'}), (326, {'index': '$324build_tuple.10', 'target': '$basis_mat318.7', 'res': '$326binary_subscr.11'}), (330, {'op': '*', 'lhs': '$mu316.6', 'rhs': '$326binary_subscr.11', 'res': '$binop_mul330.12'}), (334, {'op': '-=', 'lhs': '$312binary_subscr.5', 'rhs': '$binop_mul330.12', 'res': '$binop_isub334.13'}), (342, {'target': '$basis_col304.3', 'index': '$r306.4', 'value': '$binop_isub334.13'}), (346, {})), outgoing_phis={}, blockstack=(), active_try_block=None, outgoing_edgepushed={298: ('$phi302.0', '$phi302.1')})
2026-06-28 01:19:41 [DEBUG] numba.core.byteflow:142 — block_infos State(pc_initial=348 nstack_initial=3):
AdaptBlockInfo(insts=((350, {}),), outgoing_phis={}, blockstack=(), active_try_block=None, outgoing_edgepushed={44: ('$phi348.0',)})
2026-06-28 01:19:41 [DEBUG] numba.core.byteflow:142 — block_infos State(pc_initial=352 nstack_initial=2):
AdaptBlockInfo(insts=((354, {'res': '$f_c354.2'}), (356, {'retval': '$f_c354.2', 'castval': '$356return_value.3'})), outgoing_phis={}, blockstack=(), active_try_block=None, outgoing_edgepushed={})
2026-06-28 01:19:41 [DEBUG] numba.core.interpreter:1420 — label 0:
    gsc_col = arg(0, name=gsc_col)           ['gsc_col']
    gsc_mat = arg(1, name=gsc_mat)           ['gsc_mat']
    basis_col = arg(2, name=basis_col)       ['basis_col']
    basis_mat = arg(3, name=basis_mat)       ['basis_mat']
    stage = arg(4, name=stage)               ['stage']
    tau_limit = arg(5, name=tau_limit)       ['tau_limit']
    threshold = const(float, 0.5)            ['threshold']
    f_c = const(bool, False)                 ['f_c']
    $12load_global.2 = global(range: <class 'range'>) ['$12load_global.2']
    $const24.5.3 = const(int, 1)             ['$const24.5.3']
    $binop_sub26.6 = stage - $const24.5.3    ['$binop_sub26.6', '$const24.5.3', 'stage']
    $const30.7.4 = const(int, -1)            ['$const30.7.4']
    $const32.8.4 = const(int, -1)            ['$const32.8.4']
    $34call.9 = call $12load_global.2($binop_sub26.6, $const30.7.4, $const32.8.4, func=$12load_global.2, args=[Var($binop_sub26.6, jit_functions.py:65), Var($const30.7.4, jit_functions.py:65), Var($const32.8.4, jit_functions.py:65)], kws=(), vararg=None, varkwarg=None, target=None) ['$12load_global.2', '$34call.9', '$binop_sub26.6', '$const30.7.4', '$const32.8.4']
    $42get_iter.10 = getiter(value=$34call.9) ['$34call.9', '$42get_iter.10']
    $phi44.0 = $42get_iter.10                ['$42get_iter.10', '$phi44.0']
    jump 44                                  []
label 44:
    $44for_iter.1 = iternext(value=$phi44.0) ['$44for_iter.1', '$phi44.0']
    $44for_iter.2 = pair_first(value=$44for_iter.1) ['$44for_iter.1', '$44for_iter.2']
    $44for_iter.3 = pair_second(value=$44for_iter.1) ['$44for_iter.1', '$44for_iter.3']
    $phi48.1 = $44for_iter.2                 ['$44for_iter.2', '$phi48.1']
    branch $44for_iter.3, 48, 352            ['$44for_iter.3']
label 48:
    i = $phi48.1                             ['$phi48.1', 'i']
    $50load_global.2 = global(abs: <built-in function abs>) ['$50load_global.2']
    $64binary_subscr.6 = getitem(value=gsc_col, index=i, fn=<built-in function getitem>) ['$64binary_subscr.6', 'gsc_col', 'i']
    $68call.7 = call $50load_global.2($64binary_subscr.6, func=$50load_global.2, args=[Var($64binary_subscr.6, jit_functions.py:66)], kws=(), vararg=None, varkwarg=None, target=None) ['$50load_global.2', '$64binary_subscr.6', '$68call.7']
    $78compare_op.9 = $68call.7 > threshold  ['$68call.7', '$78compare_op.9', 'threshold']
    $bool82 = global(bool: <class 'bool'>)   ['$bool82']
    $82pred = call $bool82($78compare_op.9, func=$bool82, args=(Var($78compare_op.9, jit_functions.py:66),), kws=(), vararg=None, varkwarg=None, target=None) ['$78compare_op.9', '$82pred', '$bool82']
    branch $82pred, 86, 84                   ['$82pred']
label 84:
    jump 44                                  []
label 86:
    $86load_global.1 = global(round: <built-in function round>) ['$86load_global.1']
    $100binary_subscr.5 = getitem(value=gsc_col, index=i, fn=<built-in function getitem>) ['$100binary_subscr.5', 'gsc_col', 'i']
    mu = call $86load_global.1($100binary_subscr.5, func=$86load_global.1, args=[Var($100binary_subscr.5, jit_functions.py:67)], kws=(), vararg=None, varkwarg=None, target=None) ['$100binary_subscr.5', '$86load_global.1', 'mu']
    $114load_global.7 = global(abs: <built-in function abs>) ['$114load_global.7']
    $126call.10 = call $114load_global.7(mu, func=$114load_global.7, args=[Var(mu, jit_functions.py:67)], kws=(), vararg=None, varkwarg=None, target=None) ['$114load_global.7', '$126call.10', 'mu']
    $136compare_op.12 = $126call.10 > tau_limit ['$126call.10', '$136compare_op.12', 'tau_limit']
    $bool140 = global(bool: <class 'bool'>)  ['$bool140']
    $140pred = call $bool140($136compare_op.12, func=$bool140, args=(Var($136compare_op.12, jit_functions.py:68),), kws=(), vararg=None, varkwarg=None, target=None) ['$136compare_op.12', '$140pred', '$bool140']
    branch $140pred, 142, 146                ['$140pred']
label 142:
    f_c = const(bool, True)                  ['f_c']
    jump 146                                 []
label 146:
    $146load_global.1 = global(range: <class 'range'>) ['$146load_global.1']
    $158call.4 = call $146load_global.1(i, func=$146load_global.1, args=[Var(i, jit_functions.py:65)], kws=(), vararg=None, varkwarg=None, target=None) ['$146load_global.1', '$158call.4', 'i']
    $166get_iter.5 = getiter(value=$158call.4) ['$158call.4', '$166get_iter.5']
    $phi168.1 = $166get_iter.5               ['$166get_iter.5', '$phi168.1']
    jump 168                                 []
label 168:
    $168for_iter.2 = iternext(value=$phi168.1) ['$168for_iter.2', '$phi168.1']
    $168for_iter.3 = pair_first(value=$168for_iter.2) ['$168for_iter.2', '$168for_iter.3']
    $168for_iter.4 = pair_second(value=$168for_iter.2) ['$168for_iter.2', '$168for_iter.4']
    $phi172.2 = $168for_iter.3               ['$168for_iter.3', '$phi172.2']
    branch $168for_iter.4, 172, 218          ['$168for_iter.4']
label 172:
    k = $phi172.2                            ['$phi172.2', 'k']
    $182binary_subscr.5 = getitem(value=gsc_col, index=k, fn=<built-in function getitem>) ['$182binary_subscr.5', 'gsc_col', 'k']
    $194build_tuple.10 = build_tuple(items=[Var(k, jit_functions.py:72), Var(i, jit_functions.py:65)]) ['$194build_tuple.10', 'i', 'k']
    $196binary_subscr.11 = getitem(value=gsc_mat, index=$194build_tuple.10, fn=<built-in function getitem>) ['$194build_tuple.10', '$196binary_subscr.11', 'gsc_mat']
    $binop_mul200.12 = mu * $196binary_subscr.11 ['$196binary_subscr.11', '$binop_mul200.12', 'mu']
    $binop_isub204.13 = inplace_binop(fn=<built-in function isub>, immutable_fn=<built-in function sub>, lhs=$182binary_subscr.5, rhs=$binop_mul200.12, static_lhs=Undefined, static_rhs=Undefined) ['$182binary_subscr.5', '$binop_isub204.13', '$binop_mul200.12']
    gsc_col[k] = $binop_isub204.13           ['$binop_isub204.13', 'gsc_col', 'k']
    jump 168                                 []
label 218:
    $228binary_subscr.5 = getitem(value=gsc_col, index=i, fn=<built-in function getitem>) ['$228binary_subscr.5', 'gsc_col', 'i']
    $binop_isub234.7 = inplace_binop(fn=<built-in function isub>, immutable_fn=<built-in function sub>, lhs=$228binary_subscr.5, rhs=mu, static_lhs=Undefined, static_rhs=Undefined) ['$228binary_subscr.5', '$binop_isub234.7', 'mu']
    gsc_col[i] = $binop_isub234.7            ['$binop_isub234.7', 'gsc_col', 'i']
    $248load_attr.9 = getattr(value=basis_col, attr=shape) ['$248load_attr.9', 'basis_col']
    $const268.10.6 = const(int, 0)           ['$const268.10.6']
    n = getitem(value=$248load_attr.9, index=$const268.10.6, fn=<built-in function getitem>) ['$248load_attr.9', '$const268.10.6', 'n']
    $276load_global.12 = global(range: <class 'range'>) ['$276load_global.12']
    $288call.15 = call $276load_global.12(n, func=$276load_global.12, args=[Var(n, jit_functions.py:77)], kws=(), vararg=None, varkwarg=None, target=None) ['$276load_global.12', '$288call.15', 'n']
    $296get_iter.16 = getiter(value=$288call.15) ['$288call.15', '$296get_iter.16']
    $phi298.1 = $296get_iter.16              ['$296get_iter.16', '$phi298.1']
    jump 298                                 []
label 298:
    $298for_iter.2 = iternext(value=$phi298.1) ['$298for_iter.2', '$phi298.1']
    $298for_iter.3 = pair_first(value=$298for_iter.2) ['$298for_iter.2', '$298for_iter.3']
    $298for_iter.4 = pair_second(value=$298for_iter.2) ['$298for_iter.2', '$298for_iter.4']
    $phi302.2 = $298for_iter.3               ['$298for_iter.3', '$phi302.2']
    branch $298for_iter.4, 302, 348          ['$298for_iter.4']
label 302:
    r = $phi302.2                            ['$phi302.2', 'r']
    $312binary_subscr.5 = getitem(value=basis_col, index=r, fn=<built-in function getitem>) ['$312binary_subscr.5', 'basis_col', 'r']
    $324build_tuple.10 = build_tuple(items=[Var(r, jit_functions.py:78), Var(i, jit_functions.py:65)]) ['$324build_tuple.10', 'i', 'r']
    $326binary_subscr.11 = getitem(value=basis_mat, index=$324build_tuple.10, fn=<built-in function getitem>) ['$324build_tuple.10', '$326binary_subscr.11', 'basis_mat']
    $binop_mul330.12 = mu * $326binary_subscr.11 ['$326binary_subscr.11', '$binop_mul330.12', 'mu']
    $binop_isub334.13 = inplace_binop(fn=<built-in function isub>, immutable_fn=<built-in function sub>, lhs=$312binary_subscr.5, rhs=$binop_mul330.12, static_lhs=Undefined, static_rhs=Undefined) ['$312binary_subscr.5', '$binop_isub334.13', '$binop_mul330.12']
    basis_col[r] = $binop_isub334.13         ['$binop_isub334.13', 'basis_col', 'r']
    jump 298                                 []
label 348:
    jump 44                                  []
label 352:
    $356return_value.3 = cast(value=f_c)     ['$356return_value.3', 'f_c']
    return $356return_value.3                ['$356return_value.3']

2026-06-28 01:19:41 [DEBUG] numba.core.ssa:177 — ==== SSA block analysis pass on 0
2026-06-28 01:19:41 [DEBUG] numba.core.ssa:207 — Running <numba.core.ssa._GatherDefsHandler object at 0x7f8a9158f170>
2026-06-28 01:19:41 [DEBUG] numba.core.ssa:209 — on stmt: gsc_col = arg(0, name=gsc_col)
2026-06-28 01:19:41 [DEBUG] numba.core.ssa:209 — on stmt: gsc_mat = arg(1, name=gsc_mat)
2026-06-28 01:19:41 [DEBUG] numba.core.ssa:209 — on stmt: basis_col = arg(2, name=basis_col)
2026-06-28 01:19:41 [DEBUG] numba.core.ssa:209 — on stmt: basis_mat = arg(3, name=basis_mat)
2026-06-28 01:19:41 [DEBUG] numba.core.ssa:209 — on stmt: stage = arg(4, name=stage)
2026-06-28 01:19:41 [DEBUG] numba.core.ssa:209 — on stmt: tau_limit = arg(5, name=tau_limit)
2026-06-28 01:19:41 [DEBUG] numba.core.ssa:209 — on stmt: threshold = const(float, 0.5)
2026-06-28 01:19:41 [DEBUG] numba.core.ssa:209 — on stmt: f_c = const(bool, False)
2026-06-28 01:19:41 [DEBUG] numba.core.ssa:209 — on stmt: $12load_global.2 = global(range: <class 'range'>)
2026-06-28 01:19:41 [DEBUG] numba.core.ssa:209 — on stmt: $const24.5.3 = const(int, 1)
2026-06-28 01:19:41 [DEBUG] numba.core.ssa:209 — on stmt: $binop_sub26.6 = stage - $const24.5.3
2026-06-28 01:19:41 [DEBUG] numba.core.ssa:209 — on stmt: $const30.7.4 = const(int, -1)
2026-06-28 01:19:41 [DEBUG] numba.core.ssa:209 — on stmt: $const32.8.4 = const(int, -1)
2026-06-28 01:19:41 [DEBUG] numba.core.ssa:209 — on stmt: $34call.9 = call $12load_global.2($binop_sub26.6, $const30.7.4, $const32.8.4, func=$12load_global.2, args=[Var($binop_sub26.6, jit_functions.py:65), Var($const30.7.4, jit_functions.py:65), Var($const32.8.4, jit_functions.py:65)], kws=(), vararg=None, varkwarg=None, target=None)
2026-06-28 01:19:41 [DEBUG] numba.core.ssa:209 — on stmt: $42get_iter.10 = getiter(value=$34call.9)
2026-06-28 01:19:41 [DEBUG] numba.core.ssa:209 — on stmt: $phi44.0 = $42get_iter.10
2026-06-28 01:19:41 [DEBUG] numba.core.ssa:209 — on stmt: jump 44
2026-06-28 01:19:41 [DEBUG] numba.core.ssa:177 — ==== SSA block analysis pass on 44
2026-06-28 01:19:41 [DEBUG] numba.core.ssa:207 — Running <numba.core.ssa._GatherDefsHandler object at 0x7f8a9158f170>
2026-06-28 01:19:41 [DEBUG] numba.core.ssa:209 — on stmt: $44for_iter.1 = iternext(value=$phi44.0)
2026-06-28 01:19:41 [DEBUG] numba.core.ssa:209 — on stmt: $44for_iter.2 = pair_first(value=$44for_iter.1)
2026-06-28 01:19:41 [DEBUG] numba.core.ssa:209 — on stmt: $44for_iter.3 = pair_second(value=$44for_iter.1)
2026-06-28 01:19:41 [DEBUG] numba.core.ssa:209 — on stmt: $phi48.1 = $44for_iter.2
2026-06-28 01:19:41 [DEBUG] numba.core.ssa:209 — on stmt: branch $44for_iter.3, 48, 352
2026-06-28 01:19:41 [DEBUG] numba.core.ssa:177 — ==== SSA block analysis pass on 48
2026-06-28 01:19:41 [DEBUG] numba.core.ssa:207 — Running <numba.core.ssa._GatherDefsHandler object at 0x7f8a9158f170>
2026-06-28 01:19:41 [DEBUG] numba.core.ssa:209 — on stmt: i = $phi48.1
2026-06-28 01:19:41 [DEBUG] numba.core.ssa:209 — on stmt: $50load_global.2 = global(abs: <built-in function abs>)
2026-06-28 01:19:41 [DEBUG] numba.core.ssa:209 — on stmt: $64binary_subscr.6 = getitem(value=gsc_col, index=i, fn=<built-in function getitem>)
2026-06-28 01:19:41 [DEBUG] numba.core.ssa:209 — on stmt: $68call.7 = call $50load_global.2($64binary_subscr.6, func=$50load_global.2, args=[Var($64binary_subscr.6, jit_functions.py:66)], kws=(), vararg=None, varkwarg=None, target=None)
2026-06-28 01:19:41 [DEBUG] numba.core.ssa:209 — on stmt: $78compare_op.9 = $68call.7 > threshold
2026-06-28 01:19:41 [DEBUG] numba.core.ssa:209 — on stmt: $bool82 = global(bool: <class 'bool'>)
2026-06-28 01:19:41 [DEBUG] numba.core.ssa:209 — on stmt: $82pred = call $bool82($78compare_op.9, func=$bool82, args=(Var($78compare_op.9, jit_functions.py:66),), kws=(), vararg=None, varkwarg=None, target=None)
2026-06-28 01:19:41 [DEBUG] numba.core.ssa:209 — on stmt: branch $82pred, 86, 84
2026-06-28 01:19:41 [DEBUG] numba.core.ssa:177 — ==== SSA block analysis pass on 84
2026-06-28 01:19:41 [DEBUG] numba.core.ssa:207 — Running <numba.core.ssa._GatherDefsHandler object at 0x7f8a9158f170>
2026-06-28 01:19:41 [DEBUG] numba.core.ssa:209 — on stmt: jump 353
2026-06-28 01:19:41 [DEBUG] numba.core.ssa:177 — ==== SSA block analysis pass on 86
2026-06-28 01:19:41 [DEBUG] numba.core.ssa:207 — Running <numba.core.ssa._GatherDefsHandler object at 0x7f8a9158f170>
2026-06-28 01:19:41 [DEBUG] numba.core.ssa:209 — on stmt: $86load_global.1 = global(round: <built-in function round>)
2026-06-28 01:19:41 [DEBUG] numba.core.ssa:209 — on stmt: $100binary_subscr.5 = getitem(value=gsc_col, index=i, fn=<built-in function getitem>)
2026-06-28 01:19:41 [DEBUG] numba.core.ssa:209 — on stmt: mu = call $86load_global.1($100binary_subscr.5, func=$86load_global.1, args=[Var($100binary_subscr.5, jit_functions.py:67)], kws=(), vararg=None, varkwarg=None, target=None)
2026-06-28 01:19:41 [DEBUG] numba.core.ssa:209 — on stmt: $114load_global.7 = global(abs: <built-in function abs>)
2026-06-28 01:19:41 [DEBUG] numba.core.ssa:209 — on stmt: $126call.10 = call $114load_global.7(mu, func=$114load_global.7, args=[Var(mu, jit_functions.py:67)], kws=(), vararg=None, varkwarg=None, target=None)
2026-06-28 01:19:41 [DEBUG] numba.core.ssa:209 — on stmt: $136compare_op.12 = $126call.10 > tau_limit
2026-06-28 01:19:41 [DEBUG] numba.core.ssa:209 — on stmt: $bool140 = global(bool: <class 'bool'>)
2026-06-28 01:19:41 [DEBUG] numba.core.ssa:209 — on stmt: $140pred = call $bool140($136compare_op.12, func=$bool140, args=(Var($136compare_op.12, jit_functions.py:68),), kws=(), vararg=None, varkwarg=None, target=None)
2026-06-28 01:19:41 [DEBUG] numba.core.ssa:209 — on stmt: branch $140pred, 142, 146
2026-06-28 01:19:41 [DEBUG] numba.core.ssa:177 — ==== SSA block analysis pass on 142
2026-06-28 01:19:41 [DEBUG] numba.core.ssa:207 — Running <numba.core.ssa._GatherDefsHandler object at 0x7f8a9158f170>
2026-06-28 01:19:41 [DEBUG] numba.core.ssa:209 — on stmt: f_c = const(bool, True)
2026-06-28 01:19:41 [DEBUG] numba.core.ssa:209 — on stmt: jump 146
2026-06-28 01:19:41 [DEBUG] numba.core.ssa:177 — ==== SSA block analysis pass on 146
2026-06-28 01:19:41 [DEBUG] numba.core.ssa:207 — Running <numba.core.ssa._GatherDefsHandler object at 0x7f8a9158f170>
2026-06-28 01:19:41 [DEBUG] numba.core.ssa:209 — on stmt: $146load_global.1 = global(range: <class 'range'>)
2026-06-28 01:19:41 [DEBUG] numba.core.ssa:209 — on stmt: $158call.4 = call $146load_global.1(i, func=$146load_global.1, args=[Var(i, jit_functions.py:65)], kws=(), vararg=None, varkwarg=None, target=None)
2026-06-28 01:19:41 [DEBUG] numba.core.ssa:209 — on stmt: $166get_iter.5 = getiter(value=$158call.4)
2026-06-28 01:19:41 [DEBUG] numba.core.ssa:209 — on stmt: $phi168.1 = $166get_iter.5
2026-06-28 01:19:41 [DEBUG] numba.core.ssa:209 — on stmt: jump 168
2026-06-28 01:19:41 [DEBUG] numba.core.ssa:177 — ==== SSA block analysis pass on 168
2026-06-28 01:19:41 [DEBUG] numba.core.ssa:207 — Running <numba.core.ssa._GatherDefsHandler object at 0x7f8a9158f170>
2026-06-28 01:19:41 [DEBUG] numba.core.ssa:209 — on stmt: $168for_iter.2 = iternext(value=$phi168.1)
2026-06-28 01:19:41 [DEBUG] numba.core.ssa:209 — on stmt: $168for_iter.3 = pair_first(value=$168for_iter.2)
2026-06-28 01:19:41 [DEBUG] numba.core.ssa:209 — on stmt: $168for_iter.4 = pair_second(value=$168for_iter.2)
2026-06-28 01:19:41 [DEBUG] numba.core.ssa:209 — on stmt: $phi172.2 = $168for_iter.3
2026-06-28 01:19:41 [DEBUG] numba.core.ssa:209 — on stmt: branch $168for_iter.4, 172, 218
2026-06-28 01:19:41 [DEBUG] numba.core.ssa:177 — ==== SSA block analysis pass on 172
2026-06-28 01:19:41 [DEBUG] numba.core.ssa:207 — Running <numba.core.ssa._GatherDefsHandler object at 0x7f8a9158f170>
2026-06-28 01:19:41 [DEBUG] numba.core.ssa:209 — on stmt: k = $phi172.2
2026-06-28 01:19:41 [DEBUG] numba.core.ssa:209 — on stmt: $182binary_subscr.5 = getitem(value=gsc_col, index=k, fn=<built-in function getitem>)
2026-06-28 01:19:41 [DEBUG] numba.core.ssa:209 — on stmt: $194build_tuple.10 = build_tuple(items=[Var(k, jit_functions.py:72), Var(i, jit_functions.py:65)])
2026-06-28 01:19:41 [DEBUG] numba.core.ssa:209 — on stmt: $196binary_subscr.11 = getitem(value=gsc_mat, index=$194build_tuple.10, fn=<built-in function getitem>)
2026-06-28 01:19:41 [DEBUG] numba.core.ssa:209 — on stmt: $binop_mul200.12 = mu * $196binary_subscr.11
2026-06-28 01:19:41 [DEBUG] numba.core.ssa:209 — on stmt: $binop_isub204.13 = inplace_binop(fn=<built-in function isub>, immutable_fn=<built-in function sub>, lhs=$182binary_subscr.5, rhs=$binop_mul200.12, static_lhs=Undefined, static_rhs=Undefined)
2026-06-28 01:19:41 [DEBUG] numba.core.ssa:209 — on stmt: gsc_col[k] = $binop_isub204.13
2026-06-28 01:19:41 [DEBUG] numba.core.ssa:209 — on stmt: jump 168
2026-06-28 01:19:41 [DEBUG] numba.core.ssa:177 — ==== SSA block analysis pass on 218
2026-06-28 01:19:41 [DEBUG] numba.core.ssa:207 — Running <numba.core.ssa._GatherDefsHandler object at 0x7f8a9158f170>
2026-06-28 01:19:41 [DEBUG] numba.core.ssa:209 — on stmt: $228binary_subscr.5 = getitem(value=gsc_col, index=i, fn=<built-in function getitem>)
2026-06-28 01:19:41 [DEBUG] numba.core.ssa:209 — on stmt: $binop_isub234.7 = inplace_binop(fn=<built-in function isub>, immutable_fn=<built-in function sub>, lhs=$228binary_subscr.5, rhs=mu, static_lhs=Undefined, static_rhs=Undefined)
2026-06-28 01:19:41 [DEBUG] numba.core.ssa:209 — on stmt: gsc_col[i] = $binop_isub234.7
2026-06-28 01:19:41 [DEBUG] numba.core.ssa:209 — on stmt: $248load_attr.9 = getattr(value=basis_col, attr=shape)
2026-06-28 01:19:41 [DEBUG] numba.core.ssa:209 — on stmt: $const268.10.6 = const(int, 0)
2026-06-28 01:19:41 [DEBUG] numba.core.ssa:209 — on stmt: n = static_getitem(value=$248load_attr.9, index=0, index_var=$const268.10.6, fn=<built-in function getitem>)
2026-06-28 01:19:41 [DEBUG] numba.core.ssa:209 — on stmt: $276load_global.12 = global(range: <class 'range'>)
2026-06-28 01:19:41 [DEBUG] numba.core.ssa:209 — on stmt: $288call.15 = call $276load_global.12(n, func=$276load_global.12, args=[Var(n, jit_functions.py:77)], kws=(), vararg=None, varkwarg=None, target=None)
2026-06-28 01:19:41 [DEBUG] numba.core.ssa:209 — on stmt: $296get_iter.16 = getiter(value=$288call.15)
2026-06-28 01:19:41 [DEBUG] numba.core.ssa:209 — on stmt: $phi298.1 = $296get_iter.16
2026-06-28 01:19:41 [DEBUG] numba.core.ssa:209 — on stmt: jump 298
2026-06-28 01:19:41 [DEBUG] numba.core.ssa:177 — ==== SSA block analysis pass on 298
2026-06-28 01:19:41 [DEBUG] numba.core.ssa:207 — Running <numba.core.ssa._GatherDefsHandler object at 0x7f8a9158f170>
2026-06-28 01:19:41 [DEBUG] numba.core.ssa:209 — on stmt: $298for_iter.2 = iternext(value=$phi298.1)
2026-06-28 01:19:41 [DEBUG] numba.core.ssa:209 — on stmt: $298for_iter.3 = pair_first(value=$298for_iter.2)
2026-06-28 01:19:41 [DEBUG] numba.core.ssa:209 — on stmt: $298for_iter.4 = pair_second(value=$298for_iter.2)
2026-06-28 01:19:41 [DEBUG] numba.core.ssa:209 — on stmt: $phi302.2 = $298for_iter.3
2026-06-28 01:19:41 [DEBUG] numba.core.ssa:209 — on stmt: branch $298for_iter.4, 302, 348
2026-06-28 01:19:41 [DEBUG] numba.core.ssa:177 — ==== SSA block analysis pass on 302
2026-06-28 01:19:41 [DEBUG] numba.core.ssa:207 — Running <numba.core.ssa._GatherDefsHandler object at 0x7f8a9158f170>
2026-06-28 01:19:41 [DEBUG] numba.core.ssa:209 — on stmt: r = $phi302.2
2026-06-28 01:19:41 [DEBUG] numba.core.ssa:209 — on stmt: $312binary_subscr.5 = getitem(value=basis_col, index=r, fn=<built-in function getitem>)
2026-06-28 01:19:41 [DEBUG] numba.core.ssa:209 — on stmt: $324build_tuple.10 = build_tuple(items=[Var(r, jit_functions.py:78), Var(i, jit_functions.py:65)])
2026-06-28 01:19:41 [DEBUG] numba.core.ssa:209 — on stmt: $326binary_subscr.11 = getitem(value=basis_mat, index=$324build_tuple.10, fn=<built-in function getitem>)
2026-06-28 01:19:41 [DEBUG] numba.core.ssa:209 — on stmt: $binop_mul330.12 = mu * $326binary_subscr.11
2026-06-28 01:19:41 [DEBUG] numba.core.ssa:209 — on stmt: $binop_isub334.13 = inplace_binop(fn=<built-in function isub>, immutable_fn=<built-in function sub>, lhs=$312binary_subscr.5, rhs=$binop_mul330.12, static_lhs=Undefined, static_rhs=Undefined)
2026-06-28 01:19:41 [DEBUG] numba.core.ssa:209 — on stmt: basis_col[r] = $binop_isub334.13
2026-06-28 01:19:41 [DEBUG] numba.core.ssa:209 — on stmt: jump 298
2026-06-28 01:19:41 [DEBUG] numba.core.ssa:177 — ==== SSA block analysis pass on 348
2026-06-28 01:19:41 [DEBUG] numba.core.ssa:207 — Running <numba.core.ssa._GatherDefsHandler object at 0x7f8a9158f170>
2026-06-28 01:19:41 [DEBUG] numba.core.ssa:209 — on stmt: jump 353
2026-06-28 01:19:41 [DEBUG] numba.core.ssa:177 — ==== SSA block analysis pass on 352
2026-06-28 01:19:41 [DEBUG] numba.core.ssa:207 — Running <numba.core.ssa._GatherDefsHandler object at 0x7f8a9158f170>
2026-06-28 01:19:41 [DEBUG] numba.core.ssa:209 — on stmt: $356return_value.3 = cast(value=f_c)
2026-06-28 01:19:41 [DEBUG] numba.core.ssa:209 — on stmt: return $356return_value.3
2026-06-28 01:19:41 [DEBUG] numba.core.ssa:177 — ==== SSA block analysis pass on 353
2026-06-28 01:19:41 [DEBUG] numba.core.ssa:207 — Running <numba.core.ssa._GatherDefsHandler object at 0x7f8a9158f170>
2026-06-28 01:19:41 [DEBUG] numba.core.ssa:209 — on stmt: jump 44
2026-06-28 01:19:41 [DEBUG] numba.core.ssa:156 — defs defaultdict(<class 'list'>,
            {'$100binary_subscr.5': [(<numba.core.ir.Assign object at 0x7f8aac30fbf0>,
                                      86)],
             '$114load_global.7': [(<numba.core.ir.Assign object at 0x7f8a9155a3f0>,
                                    86)],
             '$126call.10': [(<numba.core.ir.Assign object at 0x7f8a9155aa20>,
                              86)],
             '$12load_global.2': [(<numba.core.ir.Assign object at 0x7f8a917cb5c0>,
                                   0)],
             '$136compare_op.12': [(<numba.core.ir.Assign object at 0x7f8a9169eb40>,
                                    86)],
             '$140pred': [(<numba.core.ir.Assign object at 0x7f8a9169d0a0>,
                           86)],
             '$146load_global.1': [(<numba.core.ir.Assign object at 0x7f8a916666f0>,
                                    146)],
             '$158call.4': [(<numba.core.ir.Assign object at 0x7f8a9158ee70>,
                             146)],
             '$166get_iter.5': [(<numba.core.ir.Assign object at 0x7f8a9158edb0>,
                                 146)],
             '$168for_iter.2': [(<numba.core.ir.Assign object at 0x7f8a9158ecc0>,
                                 168)],
             '$168for_iter.3': [(<numba.core.ir.Assign object at 0x7f8a9158e6f0>,
                                 168)],
             '$168for_iter.4': [(<numba.core.ir.Assign object at 0x7f8a9158ec00>,
                                 168)],
             '$182binary_subscr.5': [(<numba.core.ir.Assign object at 0x7f8a9158df40>,
                                      172)],
             '$194build_tuple.10': [(<numba.core.ir.Assign object at 0x7f8a9158eba0>,
                                     172)],
             '$196binary_subscr.11': [(<numba.core.ir.Assign object at 0x7f8a9158cc80>,
                                       172)],
             '$228binary_subscr.5': [(<numba.core.ir.Assign object at 0x7f8a9158d880>,
                                      218)],
             '$248load_attr.9': [(<numba.core.ir.Assign object at 0x7f8a9158d430>,
                                  218)],
             '$276load_global.12': [(<numba.core.ir.Assign object at 0x7f8a9158d070>,
                                     218)],
             '$288call.15': [(<numba.core.ir.Assign object at 0x7f8a9158c350>,
                              218)],
             '$296get_iter.16': [(<numba.core.ir.Assign object at 0x7f8a9158c9b0>,
                                  218)],
             '$298for_iter.2': [(<numba.core.ir.Assign object at 0x7f8a9158c950>,
                                 298)],
             '$298for_iter.3': [(<numba.core.ir.Assign object at 0x7f8a9158caa0>,
                                 298)],
             '$298for_iter.4': [(<numba.core.ir.Assign object at 0x7f8a9158c3e0>,
                                 298)],
             '$312binary_subscr.5': [(<numba.core.ir.Assign object at 0x7f8a9158c050>,
                                      302)],
             '$324build_tuple.10': [(<numba.core.ir.Assign object at 0x7f8a9159eed0>,
                                     302)],
             '$326binary_subscr.11': [(<numba.core.ir.Assign object at 0x7f8a9159f050>,
                                       302)],
             '$34call.9': [(<numba.core.ir.Assign object at 0x7f8aac36f950>,
                            0)],
             '$356return_value.3': [(<numba.core.ir.Assign object at 0x7f8a9159f4a0>,
                                     352)],
             '$42get_iter.10': [(<numba.core.ir.Assign object at 0x7f8aac36ec60>,
                                 0)],
             '$44for_iter.1': [(<numba.core.ir.Assign object at 0x7f8aac36d3a0>,
                                44)],
             '$44for_iter.2': [(<numba.core.ir.Assign object at 0x7f8aac36d7c0>,
                                44)],
             '$44for_iter.3': [(<numba.core.ir.Assign object at 0x7f8aac36dc70>,
                                44)],
             '$50load_global.2': [(<numba.core.ir.Assign object at 0x7f8ab73de000>,
                                   48)],
             '$64binary_subscr.6': [(<numba.core.ir.Assign object at 0x7f8a917a51f0>,
                                     48)],
             '$68call.7': [(<numba.core.ir.Assign object at 0x7f8aac177350>,
                            48)],
             '$78compare_op.9': [(<numba.core.ir.Assign object at 0x7f8aac0ff110>,
                                  48)],
             '$82pred': [(<numba.core.ir.Assign object at 0x7f8aac0ffc80>, 48)],
             '$86load_global.1': [(<numba.core.ir.Assign object at 0x7f8aac0fdaf0>,
                                   86)],
             '$binop_isub204.13': [(<numba.core.ir.Assign object at 0x7f8a9158d970>,
                                    172)],
             '$binop_isub234.7': [(<numba.core.ir.Assign object at 0x7f8a9158d520>,
                                   218)],
             '$binop_isub334.13': [(<numba.core.ir.Assign object at 0x7f8a9159f2f0>,
                                    302)],
             '$binop_mul200.12': [(<numba.core.ir.Assign object at 0x7f8a9158dac0>,
                                   172)],
             '$binop_mul330.12': [(<numba.core.ir.Assign object at 0x7f8a9159f1a0>,
                                   302)],
             '$binop_sub26.6': [(<numba.core.ir.Assign object at 0x7f8aac361910>,
                                 0)],
             '$bool140': [(<numba.core.ir.Assign object at 0x7f8a9169e960>,
                           86)],
             '$bool82': [(<numba.core.ir.Assign object at 0x7f8aac0ff560>, 48)],
             '$const24.5.3': [(<numba.core.ir.Assign object at 0x7f8aac362300>,
                               0)],
             '$const268.10.6': [(<numba.core.ir.Assign object at 0x7f8a9158d130>,
                                 218)],
             '$const30.7.4': [(<numba.core.ir.Assign object at 0x7f8aac361370>,
                               0)],
             '$const32.8.4': [(<numba.core.ir.Assign object at 0x7f8aac3621e0>,
                               0)],
             '$phi168.1': [(<numba.core.ir.Assign object at 0x7f8aac1e6060>,
                            146)],
             '$phi172.2': [(<numba.core.ir.Assign object at 0x7f8a9158e540>,
                            168)],
             '$phi298.1': [(<numba.core.ir.Assign object at 0x7f8a9158e7b0>,
                            218)],
             '$phi302.2': [(<numba.core.ir.Assign object at 0x7f8a9158c470>,
                            298)],
             '$phi44.0': [(<numba.core.ir.Assign object at 0x7f8aac394470>, 0)],
             '$phi48.1': [(<numba.core.ir.Assign object at 0x7f8aac36e060>,
                           44)],
             'basis_col': [(<numba.core.ir.Assign object at 0x7f8aac396fc0>,
                            0)],
             'basis_mat': [(<numba.core.ir.Assign object at 0x7f8aac397890>,
                            0)],
             'f_c': [(<numba.core.ir.Assign object at 0x7f8aac396f90>, 0),
                     (<numba.core.ir.Assign object at 0x7f8a9169d220>, 142)],
             'gsc_col': [(<numba.core.ir.Assign object at 0x7f8aac32e1b0>, 0)],
             'gsc_mat': [(<numba.core.ir.Assign object at 0x7f8aac32dd30>, 0)],
             'i': [(<numba.core.ir.Assign object at 0x7f8aac36f980>, 48)],
             'k': [(<numba.core.ir.Assign object at 0x7f8a9158e480>, 172)],
             'mu': [(<numba.core.ir.Assign object at 0x7f8aac0db800>, 86)],
             'n': [(<numba.core.ir.Assign object at 0x7f8a91764860>, 218)],
             'r': [(<numba.core.ir.Assign object at 0x7f8a9158c620>, 302)],
             'stage': [(<numba.core.ir.Assign object at 0x7f8aac397740>, 0)],
             'tau_limit': [(<numba.core.ir.Assign object at 0x7f8aac397b30>,
                            0)],
             'threshold': [(<numba.core.ir.Assign object at 0x7f8aac396510>,
                            0)]})
2026-06-28 01:19:41 [DEBUG] numba.core.ssa:171 — SSA violators <numba.core.utils.OrderedSet object at 0x7f8aac152120>
2026-06-28 01:19:41 [DEBUG] numba.core.ssa:63 — Fix SSA violator on var f_c
2026-06-28 01:19:41 [DEBUG] numba.core.ssa:186 — ==== SSA block rewrite pass on 0
2026-06-28 01:19:41 [DEBUG] numba.core.ssa:207 — Running <numba.core.ssa._FreshVarHandler object at 0x7f8a9158f170>
2026-06-28 01:19:41 [DEBUG] numba.core.ssa:209 — on stmt: gsc_col = arg(0, name=gsc_col)
2026-06-28 01:19:41 [DEBUG] numba.core.ssa:209 — on stmt: gsc_mat = arg(1, name=gsc_mat)
2026-06-28 01:19:41 [DEBUG] numba.core.ssa:209 — on stmt: basis_col = arg(2, name=basis_col)
2026-06-28 01:19:41 [DEBUG] numba.core.ssa:209 — on stmt: basis_mat = arg(3, name=basis_mat)
2026-06-28 01:19:41 [DEBUG] numba.core.ssa:209 — on stmt: stage = arg(4, name=stage)
2026-06-28 01:19:41 [DEBUG] numba.core.ssa:209 — on stmt: tau_limit = arg(5, name=tau_limit)
2026-06-28 01:19:41 [DEBUG] numba.core.ssa:209 — on stmt: threshold = const(float, 0.5)
2026-06-28 01:19:41 [DEBUG] numba.core.ssa:209 — on stmt: f_c = const(bool, False)
2026-06-28 01:19:41 [DEBUG] numba.core.ssa:301 — first assign: f_c
2026-06-28 01:19:41 [DEBUG] numba.core.ssa:215 — replaced with: f_c = const(bool, False)
2026-06-28 01:19:41 [DEBUG] numba.core.ssa:209 — on stmt: $12load_global.2 = global(range: <class 'range'>)
2026-06-28 01:19:41 [DEBUG] numba.core.ssa:209 — on stmt: $const24.5.3 = const(int, 1)
2026-06-28 01:19:41 [DEBUG] numba.core.ssa:209 — on stmt: $binop_sub26.6 = stage - $const24.5.3
2026-06-28 01:19:41 [DEBUG] numba.core.ssa:209 — on stmt: $const30.7.4 = const(int, -1)
2026-06-28 01:19:41 [DEBUG] numba.core.ssa:209 — on stmt: $const32.8.4 = const(int, -1)
2026-06-28 01:19:41 [DEBUG] numba.core.ssa:209 — on stmt: $34call.9 = call $12load_global.2($binop_sub26.6, $const30.7.4, $const32.8.4, func=$12load_global.2, args=[Var($binop_sub26.6, jit_functions.py:65), Var($const30.7.4, jit_functions.py:65), Var($const32.8.4, jit_functions.py:65)], kws=(), vararg=None, varkwarg=None, target=None)
2026-06-28 01:19:41 [DEBUG] numba.core.ssa:209 — on stmt: $42get_iter.10 = getiter(value=$34call.9)
2026-06-28 01:19:41 [DEBUG] numba.core.ssa:209 — on stmt: $phi44.0 = $42get_iter.10
2026-06-28 01:19:41 [DEBUG] numba.core.ssa:209 — on stmt: jump 44
2026-06-28 01:19:41 [DEBUG] numba.core.ssa:186 — ==== SSA block rewrite pass on 44
2026-06-28 01:19:41 [DEBUG] numba.core.ssa:207 — Running <numba.core.ssa._FreshVarHandler object at 0x7f8a9158f170>
2026-06-28 01:19:41 [DEBUG] numba.core.ssa:209 — on stmt: $44for_iter.1 = iternext(value=$phi44.0)
2026-06-28 01:19:41 [DEBUG] numba.core.ssa:209 — on stmt: $44for_iter.2 = pair_first(value=$44for_iter.1)
2026-06-28 01:19:41 [DEBUG] numba.core.ssa:209 — on stmt: $44for_iter.3 = pair_second(value=$44for_iter.1)
2026-06-28 01:19:41 [DEBUG] numba.core.ssa:209 — on stmt: $phi48.1 = $44for_iter.2
2026-06-28 01:19:41 [DEBUG] numba.core.ssa:209 — on stmt: branch $44for_iter.3, 48, 352
2026-06-28 01:19:41 [DEBUG] numba.core.ssa:186 — ==== SSA block rewrite pass on 48
2026-06-28 01:19:41 [DEBUG] numba.core.ssa:207 — Running <numba.core.ssa._FreshVarHandler object at 0x7f8a9158f170>
2026-06-28 01:19:41 [DEBUG] numba.core.ssa:209 — on stmt: i = $phi48.1
2026-06-28 01:19:41 [DEBUG] numba.core.ssa:209 — on stmt: $50load_global.2 = global(abs: <built-in function abs>)
2026-06-28 01:19:41 [DEBUG] numba.core.ssa:209 — on stmt: $64binary_subscr.6 = getitem(value=gsc_col, index=i, fn=<built-in function getitem>)
2026-06-28 01:19:41 [DEBUG] numba.core.ssa:209 — on stmt: $68call.7 = call $50load_global.2($64binary_subscr.6, func=$50load_global.2, args=[Var($64binary_subscr.6, jit_functions.py:66)], kws=(), vararg=None, varkwarg=None, target=None)
2026-06-28 01:19:41 [DEBUG] numba.core.ssa:209 — on stmt: $78compare_op.9 = $68call.7 > threshold
2026-06-28 01:19:41 [DEBUG] numba.core.ssa:209 — on stmt: $bool82 = global(bool: <class 'bool'>)
2026-06-28 01:19:41 [DEBUG] numba.core.ssa:209 — on stmt: $82pred = call $bool82($78compare_op.9, func=$bool82, args=(Var($78compare_op.9, jit_functions.py:66),), kws=(), vararg=None, varkwarg=None, target=None)
2026-06-28 01:19:41 [DEBUG] numba.core.ssa:209 — on stmt: branch $82pred, 86, 84
2026-06-28 01:19:41 [DEBUG] numba.core.ssa:186 — ==== SSA block rewrite pass on 84
2026-06-28 01:19:41 [DEBUG] numba.core.ssa:207 — Running <numba.core.ssa._FreshVarHandler object at 0x7f8a9158f170>
2026-06-28 01:19:41 [DEBUG] numba.core.ssa:209 — on stmt: jump 353
2026-06-28 01:19:41 [DEBUG] numba.core.ssa:186 — ==== SSA block rewrite pass on 86
2026-06-28 01:19:41 [DEBUG] numba.core.ssa:207 — Running <numba.core.ssa._FreshVarHandler object at 0x7f8a9158f170>
2026-06-28 01:19:41 [DEBUG] numba.core.ssa:209 — on stmt: $86load_global.1 = global(round: <built-in function round>)
2026-06-28 01:19:41 [DEBUG] numba.core.ssa:209 — on stmt: $100binary_subscr.5 = getitem(value=gsc_col, index=i, fn=<built-in function getitem>)
2026-06-28 01:19:41 [DEBUG] numba.core.ssa:209 — on stmt: mu = call $86load_global.1($100binary_subscr.5, func=$86load_global.1, args=[Var($100binary_subscr.5, jit_functions.py:67)], kws=(), vararg=None, varkwarg=None, target=None)
2026-06-28 01:19:41 [DEBUG] numba.core.ssa:209 — on stmt: $114load_global.7 = global(abs: <built-in function abs>)
2026-06-28 01:19:41 [DEBUG] numba.core.ssa:209 — on stmt: $126call.10 = call $114load_global.7(mu, func=$114load_global.7, args=[Var(mu, jit_functions.py:67)], kws=(), vararg=None, varkwarg=None, target=None)
2026-06-28 01:19:41 [DEBUG] numba.core.ssa:209 — on stmt: $136compare_op.12 = $126call.10 > tau_limit
2026-06-28 01:19:41 [DEBUG] numba.core.ssa:209 — on stmt: $bool140 = global(bool: <class 'bool'>)
2026-06-28 01:19:41 [DEBUG] numba.core.ssa:209 — on stmt: $140pred = call $bool140($136compare_op.12, func=$bool140, args=(Var($136compare_op.12, jit_functions.py:68),), kws=(), vararg=None, varkwarg=None, target=None)
2026-06-28 01:19:41 [DEBUG] numba.core.ssa:209 — on stmt: branch $140pred, 142, 146
2026-06-28 01:19:41 [DEBUG] numba.core.ssa:186 — ==== SSA block rewrite pass on 142
2026-06-28 01:19:41 [DEBUG] numba.core.ssa:207 — Running <numba.core.ssa._FreshVarHandler object at 0x7f8a9158f170>
2026-06-28 01:19:41 [DEBUG] numba.core.ssa:209 — on stmt: f_c = const(bool, True)
2026-06-28 01:19:41 [DEBUG] numba.core.ssa:215 — replaced with: f_c.1 = const(bool, True)
2026-06-28 01:19:41 [DEBUG] numba.core.ssa:209 — on stmt: jump 146
2026-06-28 01:19:41 [DEBUG] numba.core.ssa:186 — ==== SSA block rewrite pass on 146
2026-06-28 01:19:41 [DEBUG] numba.core.ssa:207 — Running <numba.core.ssa._FreshVarHandler object at 0x7f8a9158f170>
2026-06-28 01:19:41 [DEBUG] numba.core.ssa:209 — on stmt: $146load_global.1 = global(range: <class 'range'>)
2026-06-28 01:19:41 [DEBUG] numba.core.ssa:209 — on stmt: $158call.4 = call $146load_global.1(i, func=$146load_global.1, args=[Var(i, jit_functions.py:65)], kws=(), vararg=None, varkwarg=None, target=None)
2026-06-28 01:19:41 [DEBUG] numba.core.ssa:209 — on stmt: $166get_iter.5 = getiter(value=$158call.4)
2026-06-28 01:19:41 [DEBUG] numba.core.ssa:209 — on stmt: $phi168.1 = $166get_iter.5
2026-06-28 01:19:41 [DEBUG] numba.core.ssa:209 — on stmt: jump 168
2026-06-28 01:19:41 [DEBUG] numba.core.ssa:186 — ==== SSA block rewrite pass on 168
2026-06-28 01:19:41 [DEBUG] numba.core.ssa:207 — Running <numba.core.ssa._FreshVarHandler object at 0x7f8a9158f170>
2026-06-28 01:19:41 [DEBUG] numba.core.ssa:209 — on stmt: $168for_iter.2 = iternext(value=$phi168.1)
2026-06-28 01:19:41 [DEBUG] numba.core.ssa:209 — on stmt: $168for_iter.3 = pair_first(value=$168for_iter.2)
2026-06-28 01:19:41 [DEBUG] numba.core.ssa:209 — on stmt: $168for_iter.4 = pair_second(value=$168for_iter.2)
2026-06-28 01:19:41 [DEBUG] numba.core.ssa:209 — on stmt: $phi172.2 = $168for_iter.3
2026-06-28 01:19:41 [DEBUG] numba.core.ssa:209 — on stmt: branch $168for_iter.4, 172, 218
2026-06-28 01:19:41 [DEBUG] numba.core.ssa:186 — ==== SSA block rewrite pass on 172
2026-06-28 01:19:41 [DEBUG] numba.core.ssa:207 — Running <numba.core.ssa._FreshVarHandler object at 0x7f8a9158f170>
2026-06-28 01:19:41 [DEBUG] numba.core.ssa:209 — on stmt: k = $phi172.2
2026-06-28 01:19:41 [DEBUG] numba.core.ssa:209 — on stmt: $182binary_subscr.5 = getitem(value=gsc_col, index=k, fn=<built-in function getitem>)
2026-06-28 01:19:41 [DEBUG] numba.core.ssa:209 — on stmt: $194build_tuple.10 = build_tuple(items=[Var(k, jit_functions.py:72), Var(i, jit_functions.py:65)])
2026-06-28 01:19:41 [DEBUG] numba.core.ssa:209 — on stmt: $196binary_subscr.11 = getitem(value=gsc_mat, index=$194build_tuple.10, fn=<built-in function getitem>)
2026-06-28 01:19:41 [DEBUG] numba.core.ssa:209 — on stmt: $binop_mul200.12 = mu * $196binary_subscr.11
2026-06-28 01:19:41 [DEBUG] numba.core.ssa:209 — on stmt: $binop_isub204.13 = inplace_binop(fn=<built-in function isub>, immutable_fn=<built-in function sub>, lhs=$182binary_subscr.5, rhs=$binop_mul200.12, static_lhs=Undefined, static_rhs=Undefined)
2026-06-28 01:19:41 [DEBUG] numba.core.ssa:209 — on stmt: gsc_col[k] = $binop_isub204.13
2026-06-28 01:19:41 [DEBUG] numba.core.ssa:209 — on stmt: jump 168
2026-06-28 01:19:41 [DEBUG] numba.core.ssa:186 — ==== SSA block rewrite pass on 218
2026-06-28 01:19:41 [DEBUG] numba.core.ssa:207 — Running <numba.core.ssa._FreshVarHandler object at 0x7f8a9158f170>
2026-06-28 01:19:41 [DEBUG] numba.core.ssa:209 — on stmt: $228binary_subscr.5 = getitem(value=gsc_col, index=i, fn=<built-in function getitem>)
2026-06-28 01:19:41 [DEBUG] numba.core.ssa:209 — on stmt: $binop_isub234.7 = inplace_binop(fn=<built-in function isub>, immutable_fn=<built-in function sub>, lhs=$228binary_subscr.5, rhs=mu, static_lhs=Undefined, static_rhs=Undefined)
2026-06-28 01:19:41 [DEBUG] numba.core.ssa:209 — on stmt: gsc_col[i] = $binop_isub234.7
2026-06-28 01:19:41 [DEBUG] numba.core.ssa:209 — on stmt: $248load_attr.9 = getattr(value=basis_col, attr=shape)
2026-06-28 01:19:41 [DEBUG] numba.core.ssa:209 — on stmt: $const268.10.6 = const(int, 0)
2026-06-28 01:19:41 [DEBUG] numba.core.ssa:209 — on stmt: n = static_getitem(value=$248load_attr.9, index=0, index_var=$const268.10.6, fn=<built-in function getitem>)
2026-06-28 01:19:41 [DEBUG] numba.core.ssa:209 — on stmt: $276load_global.12 = global(range: <class 'range'>)
2026-06-28 01:19:41 [DEBUG] numba.core.ssa:209 — on stmt: $288call.15 = call $276load_global.12(n, func=$276load_global.12, args=[Var(n, jit_functions.py:77)], kws=(), vararg=None, varkwarg=None, target=None)
2026-06-28 01:19:41 [DEBUG] numba.core.ssa:209 — on stmt: $296get_iter.16 = getiter(value=$288call.15)
2026-06-28 01:19:41 [DEBUG] numba.core.ssa:209 — on stmt: $phi298.1 = $296get_iter.16
2026-06-28 01:19:41 [DEBUG] numba.core.ssa:209 — on stmt: jump 298
2026-06-28 01:19:41 [DEBUG] numba.core.ssa:186 — ==== SSA block rewrite pass on 298
2026-06-28 01:19:41 [DEBUG] numba.core.ssa:207 — Running <numba.core.ssa._FreshVarHandler object at 0x7f8a9158f170>
2026-06-28 01:19:41 [DEBUG] numba.core.ssa:209 — on stmt: $298for_iter.2 = iternext(value=$phi298.1)
2026-06-28 01:19:41 [DEBUG] numba.core.ssa:209 — on stmt: $298for_iter.3 = pair_first(value=$298for_iter.2)
2026-06-28 01:19:41 [DEBUG] numba.core.ssa:209 — on stmt: $298for_iter.4 = pair_second(value=$298for_iter.2)
2026-06-28 01:19:41 [DEBUG] numba.core.ssa:209 — on stmt: $phi302.2 = $298for_iter.3
2026-06-28 01:19:41 [DEBUG] numba.core.ssa:209 — on stmt: branch $298for_iter.4, 302, 348
2026-06-28 01:19:41 [DEBUG] numba.core.ssa:186 — ==== SSA block rewrite pass on 302
2026-06-28 01:19:41 [DEBUG] numba.core.ssa:207 — Running <numba.core.ssa._FreshVarHandler object at 0x7f8a9158f170>
2026-06-28 01:19:41 [DEBUG] numba.core.ssa:209 — on stmt: r = $phi302.2
2026-06-28 01:19:41 [DEBUG] numba.core.ssa:209 — on stmt: $312binary_subscr.5 = getitem(value=basis_col, index=r, fn=<built-in function getitem>)
2026-06-28 01:19:41 [DEBUG] numba.core.ssa:209 — on stmt: $324build_tuple.10 = build_tuple(items=[Var(r, jit_functions.py:78), Var(i, jit_functions.py:65)])
2026-06-28 01:19:41 [DEBUG] numba.core.ssa:209 — on stmt: $326binary_subscr.11 = getitem(value=basis_mat, index=$324build_tuple.10, fn=<built-in function getitem>)
2026-06-28 01:19:41 [DEBUG] numba.core.ssa:209 — on stmt: $binop_mul330.12 = mu * $326binary_subscr.11
2026-06-28 01:19:41 [DEBUG] numba.core.ssa:209 — on stmt: $binop_isub334.13 = inplace_binop(fn=<built-in function isub>, immutable_fn=<built-in function sub>, lhs=$312binary_subscr.5, rhs=$binop_mul330.12, static_lhs=Undefined, static_rhs=Undefined)
2026-06-28 01:19:41 [DEBUG] numba.core.ssa:209 — on stmt: basis_col[r] = $binop_isub334.13
2026-06-28 01:19:41 [DEBUG] numba.core.ssa:209 — on stmt: jump 298
2026-06-28 01:19:41 [DEBUG] numba.core.ssa:186 — ==== SSA block rewrite pass on 348
2026-06-28 01:19:41 [DEBUG] numba.core.ssa:207 — Running <numba.core.ssa._FreshVarHandler object at 0x7f8a9158f170>
2026-06-28 01:19:41 [DEBUG] numba.core.ssa:209 — on stmt: jump 353
2026-06-28 01:19:41 [DEBUG] numba.core.ssa:186 — ==== SSA block rewrite pass on 352
2026-06-28 01:19:41 [DEBUG] numba.core.ssa:207 — Running <numba.core.ssa._FreshVarHandler object at 0x7f8a9158f170>
2026-06-28 01:19:41 [DEBUG] numba.core.ssa:209 — on stmt: $356return_value.3 = cast(value=f_c)
2026-06-28 01:19:41 [DEBUG] numba.core.ssa:209 — on stmt: return $356return_value.3
2026-06-28 01:19:41 [DEBUG] numba.core.ssa:186 — ==== SSA block rewrite pass on 353
2026-06-28 01:19:41 [DEBUG] numba.core.ssa:207 — Running <numba.core.ssa._FreshVarHandler object at 0x7f8a9158f170>
2026-06-28 01:19:41 [DEBUG] numba.core.ssa:209 — on stmt: jump 44
2026-06-28 01:19:41 [DEBUG] numba.core.ssa:69 — Replaced assignments: defaultdict(<class 'list'>,
            {0: [<numba.core.ir.Assign object at 0x7f8aac397800>],
             142: [<numba.core.ir.Assign object at 0x7f8a9159f6b0>]})
2026-06-28 01:19:41 [DEBUG] numba.core.ssa:186 — ==== SSA block rewrite pass on 0
2026-06-28 01:19:41 [DEBUG] numba.core.ssa:207 — Running <numba.core.ssa._FixSSAVars object at 0x7f8a9158f170>
2026-06-28 01:19:41 [DEBUG] numba.core.ssa:209 — on stmt: gsc_col = arg(0, name=gsc_col)
2026-06-28 01:19:41 [DEBUG] numba.core.ssa:209 — on stmt: gsc_mat = arg(1, name=gsc_mat)
2026-06-28 01:19:41 [DEBUG] numba.core.ssa:209 — on stmt: basis_col = arg(2, name=basis_col)
2026-06-28 01:19:41 [DEBUG] numba.core.ssa:209 — on stmt: basis_mat = arg(3, name=basis_mat)
2026-06-28 01:19:41 [DEBUG] numba.core.ssa:209 — on stmt: stage = arg(4, name=stage)
2026-06-28 01:19:41 [DEBUG] numba.core.ssa:209 — on stmt: tau_limit = arg(5, name=tau_limit)
2026-06-28 01:19:41 [DEBUG] numba.core.ssa:209 — on stmt: threshold = const(float, 0.5)
2026-06-28 01:19:41 [DEBUG] numba.core.ssa:209 — on stmt: f_c = const(bool, False)
2026-06-28 01:19:41 [DEBUG] numba.core.ssa:209 — on stmt: $12load_global.2 = global(range: <class 'range'>)
2026-06-28 01:19:41 [DEBUG] numba.core.ssa:209 — on stmt: $const24.5.3 = const(int, 1)
2026-06-28 01:19:41 [DEBUG] numba.core.ssa:209 — on stmt: $binop_sub26.6 = stage - $const24.5.3
2026-06-28 01:19:41 [DEBUG] numba.core.ssa:209 — on stmt: $const30.7.4 = const(int, -1)
2026-06-28 01:19:41 [DEBUG] numba.core.ssa:209 — on stmt: $const32.8.4 = const(int, -1)
2026-06-28 01:19:41 [DEBUG] numba.core.ssa:209 — on stmt: $34call.9 = call $12load_global.2($binop_sub26.6, $const30.7.4, $const32.8.4, func=$12load_global.2, args=[Var($binop_sub26.6, jit_functions.py:65), Var($const30.7.4, jit_functions.py:65), Var($const32.8.4, jit_functions.py:65)], kws=(), vararg=None, varkwarg=None, target=None)
2026-06-28 01:19:41 [DEBUG] numba.core.ssa:209 — on stmt: $42get_iter.10 = getiter(value=$34call.9)
2026-06-28 01:19:41 [DEBUG] numba.core.ssa:209 — on stmt: $phi44.0 = $42get_iter.10
2026-06-28 01:19:41 [DEBUG] numba.core.ssa:209 — on stmt: jump 44
2026-06-28 01:19:41 [DEBUG] numba.core.ssa:186 — ==== SSA block rewrite pass on 44
2026-06-28 01:19:41 [DEBUG] numba.core.ssa:207 — Running <numba.core.ssa._FixSSAVars object at 0x7f8a9158f170>
2026-06-28 01:19:41 [DEBUG] numba.core.ssa:209 — on stmt: $44for_iter.1 = iternext(value=$phi44.0)
2026-06-28 01:19:41 [DEBUG] numba.core.ssa:209 — on stmt: $44for_iter.2 = pair_first(value=$44for_iter.1)
2026-06-28 01:19:41 [DEBUG] numba.core.ssa:209 — on stmt: $44for_iter.3 = pair_second(value=$44for_iter.1)
2026-06-28 01:19:41 [DEBUG] numba.core.ssa:209 — on stmt: $phi48.1 = $44for_iter.2
2026-06-28 01:19:41 [DEBUG] numba.core.ssa:209 — on stmt: branch $44for_iter.3, 48, 352
2026-06-28 01:19:41 [DEBUG] numba.core.ssa:186 — ==== SSA block rewrite pass on 48
2026-06-28 01:19:41 [DEBUG] numba.core.ssa:207 — Running <numba.core.ssa._FixSSAVars object at 0x7f8a9158f170>
2026-06-28 01:19:41 [DEBUG] numba.core.ssa:209 — on stmt: i = $phi48.1
2026-06-28 01:19:41 [DEBUG] numba.core.ssa:209 — on stmt: $50load_global.2 = global(abs: <built-in function abs>)
2026-06-28 01:19:41 [DEBUG] numba.core.ssa:209 — on stmt: $64binary_subscr.6 = getitem(value=gsc_col, index=i, fn=<built-in function getitem>)
2026-06-28 01:19:41 [DEBUG] numba.core.ssa:209 — on stmt: $68call.7 = call $50load_global.2($64binary_subscr.6, func=$50load_global.2, args=[Var($64binary_subscr.6, jit_functions.py:66)], kws=(), vararg=None, varkwarg=None, target=None)
2026-06-28 01:19:41 [DEBUG] numba.core.ssa:209 — on stmt: $78compare_op.9 = $68call.7 > threshold
2026-06-28 01:19:41 [DEBUG] numba.core.ssa:209 — on stmt: $bool82 = global(bool: <class 'bool'>)
2026-06-28 01:19:41 [DEBUG] numba.core.ssa:209 — on stmt: $82pred = call $bool82($78compare_op.9, func=$bool82, args=(Var($78compare_op.9, jit_functions.py:66),), kws=(), vararg=None, varkwarg=None, target=None)
2026-06-28 01:19:41 [DEBUG] numba.core.ssa:209 — on stmt: branch $82pred, 86, 84
2026-06-28 01:19:41 [DEBUG] numba.core.ssa:186 — ==== SSA block rewrite pass on 84
2026-06-28 01:19:41 [DEBUG] numba.core.ssa:207 — Running <numba.core.ssa._FixSSAVars object at 0x7f8a9158f170>
2026-06-28 01:19:41 [DEBUG] numba.core.ssa:209 — on stmt: jump 353
2026-06-28 01:19:41 [DEBUG] numba.core.ssa:186 — ==== SSA block rewrite pass on 86
2026-06-28 01:19:41 [DEBUG] numba.core.ssa:207 — Running <numba.core.ssa._FixSSAVars object at 0x7f8a9158f170>
2026-06-28 01:19:41 [DEBUG] numba.core.ssa:209 — on stmt: $86load_global.1 = global(round: <built-in function round>)
2026-06-28 01:19:41 [DEBUG] numba.core.ssa:209 — on stmt: $100binary_subscr.5 = getitem(value=gsc_col, index=i, fn=<built-in function getitem>)
2026-06-28 01:19:41 [DEBUG] numba.core.ssa:209 — on stmt: mu = call $86load_global.1($100binary_subscr.5, func=$86load_global.1, args=[Var($100binary_subscr.5, jit_functions.py:67)], kws=(), vararg=None, varkwarg=None, target=None)
2026-06-28 01:19:41 [DEBUG] numba.core.ssa:209 — on stmt: $114load_global.7 = global(abs: <built-in function abs>)
2026-06-28 01:19:41 [DEBUG] numba.core.ssa:209 — on stmt: $126call.10 = call $114load_global.7(mu, func=$114load_global.7, args=[Var(mu, jit_functions.py:67)], kws=(), vararg=None, varkwarg=None, target=None)
2026-06-28 01:19:41 [DEBUG] numba.core.ssa:209 — on stmt: $136compare_op.12 = $126call.10 > tau_limit
2026-06-28 01:19:41 [DEBUG] numba.core.ssa:209 — on stmt: $bool140 = global(bool: <class 'bool'>)
2026-06-28 01:19:41 [DEBUG] numba.core.ssa:209 — on stmt: $140pred = call $bool140($136compare_op.12, func=$bool140, args=(Var($136compare_op.12, jit_functions.py:68),), kws=(), vararg=None, varkwarg=None, target=None)
2026-06-28 01:19:41 [DEBUG] numba.core.ssa:209 — on stmt: branch $140pred, 142, 146
2026-06-28 01:19:41 [DEBUG] numba.core.ssa:186 — ==== SSA block rewrite pass on 142
2026-06-28 01:19:41 [DEBUG] numba.core.ssa:207 — Running <numba.core.ssa._FixSSAVars object at 0x7f8a9158f170>
2026-06-28 01:19:41 [DEBUG] numba.core.ssa:209 — on stmt: f_c.1 = const(bool, True)
2026-06-28 01:19:41 [DEBUG] numba.core.ssa:209 — on stmt: jump 146
2026-06-28 01:19:41 [DEBUG] numba.core.ssa:186 — ==== SSA block rewrite pass on 146
2026-06-28 01:19:41 [DEBUG] numba.core.ssa:207 — Running <numba.core.ssa._FixSSAVars object at 0x7f8a9158f170>
2026-06-28 01:19:41 [DEBUG] numba.core.ssa:209 — on stmt: $146load_global.1 = global(range: <class 'range'>)
2026-06-28 01:19:41 [DEBUG] numba.core.ssa:209 — on stmt: $158call.4 = call $146load_global.1(i, func=$146load_global.1, args=[Var(i, jit_functions.py:65)], kws=(), vararg=None, varkwarg=None, target=None)
2026-06-28 01:19:41 [DEBUG] numba.core.ssa:209 — on stmt: $166get_iter.5 = getiter(value=$158call.4)
2026-06-28 01:19:41 [DEBUG] numba.core.ssa:209 — on stmt: $phi168.1 = $166get_iter.5
2026-06-28 01:19:41 [DEBUG] numba.core.ssa:209 — on stmt: jump 168
2026-06-28 01:19:41 [DEBUG] numba.core.ssa:186 — ==== SSA block rewrite pass on 168
2026-06-28 01:19:41 [DEBUG] numba.core.ssa:207 — Running <numba.core.ssa._FixSSAVars object at 0x7f8a9158f170>
2026-06-28 01:19:41 [DEBUG] numba.core.ssa:209 — on stmt: $168for_iter.2 = iternext(value=$phi168.1)
2026-06-28 01:19:41 [DEBUG] numba.core.ssa:209 — on stmt: $168for_iter.3 = pair_first(value=$168for_iter.2)
2026-06-28 01:19:41 [DEBUG] numba.core.ssa:209 — on stmt: $168for_iter.4 = pair_second(value=$168for_iter.2)
2026-06-28 01:19:41 [DEBUG] numba.core.ssa:209 — on stmt: $phi172.2 = $168for_iter.3
2026-06-28 01:19:41 [DEBUG] numba.core.ssa:209 — on stmt: branch $168for_iter.4, 172, 218
2026-06-28 01:19:41 [DEBUG] numba.core.ssa:186 — ==== SSA block rewrite pass on 172
2026-06-28 01:19:41 [DEBUG] numba.core.ssa:207 — Running <numba.core.ssa._FixSSAVars object at 0x7f8a9158f170>
2026-06-28 01:19:41 [DEBUG] numba.core.ssa:209 — on stmt: k = $phi172.2
2026-06-28 01:19:41 [DEBUG] numba.core.ssa:209 — on stmt: $182binary_subscr.5 = getitem(value=gsc_col, index=k, fn=<built-in function getitem>)
2026-06-28 01:19:41 [DEBUG] numba.core.ssa:209 — on stmt: $194build_tuple.10 = build_tuple(items=[Var(k, jit_functions.py:72), Var(i, jit_functions.py:65)])
2026-06-28 01:19:41 [DEBUG] numba.core.ssa:209 — on stmt: $196binary_subscr.11 = getitem(value=gsc_mat, index=$194build_tuple.10, fn=<built-in function getitem>)
2026-06-28 01:19:41 [DEBUG] numba.core.ssa:209 — on stmt: $binop_mul200.12 = mu * $196binary_subscr.11
2026-06-28 01:19:41 [DEBUG] numba.core.ssa:209 — on stmt: $binop_isub204.13 = inplace_binop(fn=<built-in function isub>, immutable_fn=<built-in function sub>, lhs=$182binary_subscr.5, rhs=$binop_mul200.12, static_lhs=Undefined, static_rhs=Undefined)
2026-06-28 01:19:41 [DEBUG] numba.core.ssa:209 — on stmt: gsc_col[k] = $binop_isub204.13
2026-06-28 01:19:41 [DEBUG] numba.core.ssa:209 — on stmt: jump 168
2026-06-28 01:19:41 [DEBUG] numba.core.ssa:186 — ==== SSA block rewrite pass on 218
2026-06-28 01:19:41 [DEBUG] numba.core.ssa:207 — Running <numba.core.ssa._FixSSAVars object at 0x7f8a9158f170>
2026-06-28 01:19:41 [DEBUG] numba.core.ssa:209 — on stmt: $228binary_subscr.5 = getitem(value=gsc_col, index=i, fn=<built-in function getitem>)
2026-06-28 01:19:41 [DEBUG] numba.core.ssa:209 — on stmt: $binop_isub234.7 = inplace_binop(fn=<built-in function isub>, immutable_fn=<built-in function sub>, lhs=$228binary_subscr.5, rhs=mu, static_lhs=Undefined, static_rhs=Undefined)
2026-06-28 01:19:41 [DEBUG] numba.core.ssa:209 — on stmt: gsc_col[i] = $binop_isub234.7
2026-06-28 01:19:41 [DEBUG] numba.core.ssa:209 — on stmt: $248load_attr.9 = getattr(value=basis_col, attr=shape)
2026-06-28 01:19:41 [DEBUG] numba.core.ssa:209 — on stmt: $const268.10.6 = const(int, 0)
2026-06-28 01:19:41 [DEBUG] numba.core.ssa:209 — on stmt: n = static_getitem(value=$248load_attr.9, index=0, index_var=$const268.10.6, fn=<built-in function getitem>)
2026-06-28 01:19:41 [DEBUG] numba.core.ssa:209 — on stmt: $276load_global.12 = global(range: <class 'range'>)
2026-06-28 01:19:41 [DEBUG] numba.core.ssa:209 — on stmt: $288call.15 = call $276load_global.12(n, func=$276load_global.12, args=[Var(n, jit_functions.py:77)], kws=(), vararg=None, varkwarg=None, target=None)
2026-06-28 01:19:41 [DEBUG] numba.core.ssa:209 — on stmt: $296get_iter.16 = getiter(value=$288call.15)
2026-06-28 01:19:41 [DEBUG] numba.core.ssa:209 — on stmt: $phi298.1 = $296get_iter.16
2026-06-28 01:19:41 [DEBUG] numba.core.ssa:209 — on stmt: jump 298
2026-06-28 01:19:41 [DEBUG] numba.core.ssa:186 — ==== SSA block rewrite pass on 298
2026-06-28 01:19:41 [DEBUG] numba.core.ssa:207 — Running <numba.core.ssa._FixSSAVars object at 0x7f8a9158f170>
2026-06-28 01:19:41 [DEBUG] numba.core.ssa:209 — on stmt: $298for_iter.2 = iternext(value=$phi298.1)
2026-06-28 01:19:41 [DEBUG] numba.core.ssa:209 — on stmt: $298for_iter.3 = pair_first(value=$298for_iter.2)
2026-06-28 01:19:41 [DEBUG] numba.core.ssa:209 — on stmt: $298for_iter.4 = pair_second(value=$298for_iter.2)
2026-06-28 01:19:41 [DEBUG] numba.core.ssa:209 — on stmt: $phi302.2 = $298for_iter.3
2026-06-28 01:19:41 [DEBUG] numba.core.ssa:209 — on stmt: branch $298for_iter.4, 302, 348
2026-06-28 01:19:41 [DEBUG] numba.core.ssa:186 — ==== SSA block rewrite pass on 302
2026-06-28 01:19:41 [DEBUG] numba.core.ssa:207 — Running <numba.core.ssa._FixSSAVars object at 0x7f8a9158f170>
2026-06-28 01:19:41 [DEBUG] numba.core.ssa:209 — on stmt: r = $phi302.2
2026-06-28 01:19:41 [DEBUG] numba.core.ssa:209 — on stmt: $312binary_subscr.5 = getitem(value=basis_col, index=r, fn=<built-in function getitem>)
2026-06-28 01:19:41 [DEBUG] numba.core.ssa:209 — on stmt: $324build_tuple.10 = build_tuple(items=[Var(r, jit_functions.py:78), Var(i, jit_functions.py:65)])
2026-06-28 01:19:41 [DEBUG] numba.core.ssa:209 — on stmt: $326binary_subscr.11 = getitem(value=basis_mat, index=$324build_tuple.10, fn=<built-in function getitem>)
2026-06-28 01:19:41 [DEBUG] numba.core.ssa:209 — on stmt: $binop_mul330.12 = mu * $326binary_subscr.11
2026-06-28 01:19:41 [DEBUG] numba.core.ssa:209 — on stmt: $binop_isub334.13 = inplace_binop(fn=<built-in function isub>, immutable_fn=<built-in function sub>, lhs=$312binary_subscr.5, rhs=$binop_mul330.12, static_lhs=Undefined, static_rhs=Undefined)
2026-06-28 01:19:41 [DEBUG] numba.core.ssa:209 — on stmt: basis_col[r] = $binop_isub334.13
2026-06-28 01:19:41 [DEBUG] numba.core.ssa:209 — on stmt: jump 298
2026-06-28 01:19:41 [DEBUG] numba.core.ssa:186 — ==== SSA block rewrite pass on 348
2026-06-28 01:19:41 [DEBUG] numba.core.ssa:207 — Running <numba.core.ssa._FixSSAVars object at 0x7f8a9158f170>
2026-06-28 01:19:41 [DEBUG] numba.core.ssa:209 — on stmt: jump 353
2026-06-28 01:19:41 [DEBUG] numba.core.ssa:186 — ==== SSA block rewrite pass on 352
2026-06-28 01:19:41 [DEBUG] numba.core.ssa:207 — Running <numba.core.ssa._FixSSAVars object at 0x7f8a9158f170>
2026-06-28 01:19:41 [DEBUG] numba.core.ssa:209 — on stmt: $356return_value.3 = cast(value=f_c)
2026-06-28 01:19:41 [DEBUG] numba.core.ssa:385 — find_def var='f_c' stmt=$356return_value.3 = cast(value=f_c)
2026-06-28 01:19:41 [DEBUG] numba.core.ssa:416 — find_def_from_top label 352
2026-06-28 01:19:41 [DEBUG] numba.core.ssa:453 — idom 44 from label 352
2026-06-28 01:19:41 [DEBUG] numba.core.ssa:459 — find_def_from_bottom label 44
2026-06-28 01:19:41 [DEBUG] numba.core.ssa:416 — find_def_from_top label 44
2026-06-28 01:19:41 [DEBUG] numba.core.ssa:433 — insert phi node f_c.2 = phi(incoming_values=[], incoming_blocks=[]) at 44
2026-06-28 01:19:41 [DEBUG] numba.core.ssa:459 — find_def_from_bottom label 0
2026-06-28 01:19:41 [DEBUG] numba.core.ssa:441 — incoming_def f_c = const(bool, False)
2026-06-28 01:19:41 [DEBUG] numba.core.ssa:459 — find_def_from_bottom label 353
2026-06-28 01:19:41 [DEBUG] numba.core.ssa:416 — find_def_from_top label 353
2026-06-28 01:19:41 [DEBUG] numba.core.ssa:433 — insert phi node f_c.3 = phi(incoming_values=[], incoming_blocks=[]) at 353
2026-06-28 01:19:41 [DEBUG] numba.core.ssa:459 — find_def_from_bottom label 84
2026-06-28 01:19:41 [DEBUG] numba.core.ssa:416 — find_def_from_top label 84
2026-06-28 01:19:41 [DEBUG] numba.core.ssa:453 — idom 48 from label 84
2026-06-28 01:19:41 [DEBUG] numba.core.ssa:459 — find_def_from_bottom label 48
2026-06-28 01:19:41 [DEBUG] numba.core.ssa:416 — find_def_from_top label 48
2026-06-28 01:19:41 [DEBUG] numba.core.ssa:453 — idom 44 from label 48
2026-06-28 01:19:41 [DEBUG] numba.core.ssa:459 — find_def_from_bottom label 44
2026-06-28 01:19:41 [DEBUG] numba.core.ssa:441 — incoming_def f_c.2 = phi(incoming_values=[Var(f_c, jit_functions.py:63)], incoming_blocks=[0])
2026-06-28 01:19:41 [DEBUG] numba.core.ssa:459 — find_def_from_bottom label 348
2026-06-28 01:19:41 [DEBUG] numba.core.ssa:416 — find_def_from_top label 348
2026-06-28 01:19:41 [DEBUG] numba.core.ssa:453 — idom 298 from label 348
2026-06-28 01:19:41 [DEBUG] numba.core.ssa:459 — find_def_from_bottom label 298
2026-06-28 01:19:41 [DEBUG] numba.core.ssa:416 — find_def_from_top label 298
2026-06-28 01:19:41 [DEBUG] numba.core.ssa:453 — idom 218 from label 298
2026-06-28 01:19:41 [DEBUG] numba.core.ssa:459 — find_def_from_bottom label 218
2026-06-28 01:19:41 [DEBUG] numba.core.ssa:416 — find_def_from_top label 218
2026-06-28 01:19:41 [DEBUG] numba.core.ssa:453 — idom 168 from label 218
2026-06-28 01:19:41 [DEBUG] numba.core.ssa:459 — find_def_from_bottom label 168
2026-06-28 01:19:41 [DEBUG] numba.core.ssa:416 — find_def_from_top label 168
2026-06-28 01:19:41 [DEBUG] numba.core.ssa:453 — idom 146 from label 168
2026-06-28 01:19:41 [DEBUG] numba.core.ssa:459 — find_def_from_bottom label 146
2026-06-28 01:19:41 [DEBUG] numba.core.ssa:416 — find_def_from_top label 146
2026-06-28 01:19:41 [DEBUG] numba.core.ssa:433 — insert phi node f_c.4 = phi(incoming_values=[], incoming_blocks=[]) at 146
2026-06-28 01:19:41 [DEBUG] numba.core.ssa:459 — find_def_from_bottom label 142
2026-06-28 01:19:41 [DEBUG] numba.core.ssa:441 — incoming_def f_c.1 = const(bool, True)
2026-06-28 01:19:41 [DEBUG] numba.core.ssa:459 — find_def_from_bottom label 86
2026-06-28 01:19:41 [DEBUG] numba.core.ssa:416 — find_def_from_top label 86
2026-06-28 01:19:41 [DEBUG] numba.core.ssa:453 — idom 48 from label 86
2026-06-28 01:19:41 [DEBUG] numba.core.ssa:459 — find_def_from_bottom label 48
2026-06-28 01:19:41 [DEBUG] numba.core.ssa:416 — find_def_from_top label 48
2026-06-28 01:19:41 [DEBUG] numba.core.ssa:453 — idom 44 from label 48
2026-06-28 01:19:41 [DEBUG] numba.core.ssa:459 — find_def_from_bottom label 44
2026-06-28 01:19:41 [DEBUG] numba.core.ssa:441 — incoming_def f_c.2 = phi(incoming_values=[Var(f_c, jit_functions.py:63)], incoming_blocks=[0])
2026-06-28 01:19:41 [DEBUG] numba.core.ssa:441 — incoming_def f_c.4 = phi(incoming_values=[Var(f_c.1, jit_functions.py:69), Var(f_c.2, jit_functions.py:81)], incoming_blocks=[142, 86])
2026-06-28 01:19:41 [DEBUG] numba.core.ssa:441 — incoming_def f_c.3 = phi(incoming_values=[Var(f_c.2, jit_functions.py:81), Var(f_c.4, jit_functions.py:81)], incoming_blocks=[84, 348])
2026-06-28 01:19:41 [DEBUG] numba.core.ssa:215 — replaced with: $356return_value.3 = cast(value=f_c.2)
2026-06-28 01:19:41 [DEBUG] numba.core.ssa:209 — on stmt: return $356return_value.3
2026-06-28 01:19:41 [DEBUG] numba.core.ssa:186 — ==== SSA block rewrite pass on 353
2026-06-28 01:19:41 [DEBUG] numba.core.ssa:207 — Running <numba.core.ssa._FixSSAVars object at 0x7f8a9158f170>
2026-06-28 01:19:41 [DEBUG] numba.core.ssa:209 — on stmt: jump 44
